state_nm,district_name,year,tampering_computer_source_documents,ransom_ware,offences_other_than_ransom_ware,dishonestly_recv_stolen_cmp_resrc_or_comm_device,identity_theft,cheating_by_personation_by_using_computer_resource,violation_of_privacy,cyber_terrorism,other_sections_it_act,interception_or_monitoring_or_decryption_of_info,un_athryz_access_atmpt_access_prct_comp_sys,abetment_to_commit_offences,attempt_to_commit_offences,other_sections_of_it_act,cyber_stalking_bullying_of_women_children,data_theft,credit_card_debit_card_fraud,atms_fraud,online_banking_fraud,otp_frauds,other_frauds,cheating,forgery,defamation_morphing,fake_profile,currency_counterfeiting,stamps_counterfeiting,cyber_blackmailing_threatening,fake_news_on_social_media,other_offences,total_offences_ip,state,district
andaman and nicobar islands,nicobaars,2019,0.0,0.0,,,0.0,0.0,0.0,0.0,,0.0,0.0,0.0,0.0,0.0,,0.0,0.0,0.0,0.0,0.0,0.0,,0.0,0.0,0.0,0.0,0.0,0.0,0.0,0.0,0.0,Andaman And Nicobar Islands,Nicobaars
andaman and nicobar islands,nicobaars,2022,0.0,0.0,0.0,,0.0,0.0,0.0,0.0,0.0,0.0,0.0,0.0,0.0,0.0,0.0,,0.0,0.0,0.0,0.0,0.0,1.0,0.0,0.0,0.0,,0.0,0.0,0.0,0.0,1.0,Andaman And Nicobar Islands,Nicobaars
andaman and nicobar islands,nicobars,2017,0.0,,0.0,0.0,0.0,0.0,0.0,0.0,0.0,,0.0,0.0,0.0,0.0,0.0,0.0,0.0,0.0,0.0,0.0,0.0,0.0,0.0,0.0,,0.0,0.0,0.0,0.0,0.0,0.0,Andaman And Nicobar Islands,Nicobars
andaman and nicobar islands,nicobars,2018,,,0.0,0.0,0.0,0.0,,0.0,0.0,0.0,0.0,0.0,0.0,0.0,0.0,0.0,0.0,0.0,0.0,0.0,0.0,0.0,0.0,0.0,0.0,0.0,0.0,,0.0,0.0,0.0,Andaman And Nicobar Islands,Nicobars
andaman and nicobar islands,nicobars,2020,0.0,0.0,0.0,0.0,,0.0,,0.0,0.0,0.0,0.0,0.0,0.0,0.0,0.0,0.0,0.0,0.0,0.0,0.0,0.0,0.0,0.0,0.0,0.0,0.0,0.0,,0.0,0.0,0.0,Andaman And Nicobar Islands,Nicobars
andaman and nicobar islands,nicobars,2021,0.0,0.0,0.0,0.0,0.0,0.0,0.0,0.0,0.0,0.0,,,0.0,0.0,0.0,0.0,0.0,0.0,0.0,0.0,0.0,0.0,0.0,,0.0,0.0,0.0,0.0,0.0,0.0,0.0,Andaman And Nicobar Islands,Nicobars
andaman and nicobar islands,north and middle andaman,2017,0.0,0.0,0.0,0.0,0.0,,,0.0,0.0,,0.0,0.0,,0.0,0.0,0.0,0.0,0.0,0.0,0.0,0.0,0.0,0.0,,0.0,0.0,,0.0,,0.0,0.0,Andaman And Nicobar Islands,North And Middle Andaman
andaman and nicobar islands,north and middle andaman,2018,0.0,0.0,,0.0,0.0,0.0,0.0,0.0,0.0,0.0,0.0,0.0,0.0,0.0,0.0,,0.0,0.0,0.0,0.0,0.0,0.0,0.0,,0.0,0.0,0.0,0.0,0.0,,0.0,Andaman And Nicobar Islands,North And Middle Andaman
andaman and nicobar islands,north and middle andaman,2019,0.0,0.0,0.0,0.0,0.0,,,,,0.0,0.0,0.0,0.0,0.0,0.0,0.0,0.0,0.0,0.0,0.0,0.0,0.0,0.0,,0.0,0.0,0.0,0.0,0.0,0.0,0.0,Andaman And Nicobar Islands,North And Middle Andaman
andaman and nicobar islands,north and middle andaman,2020,0.0,0.0,0.0,0.0,0.0,0.0,0.0,0.0,0.0,0.0,0.0,0.0,0.0,0.0,1.0,0.0,0.0,0.0,0.0,0.0,0.0,0.0,0.0,0.0,0.0,0.0,0.0,0.0,0.0,,1.0,Andaman And Nicobar Islands,North And Middle Andaman
andaman and nicobar islands,north and middle andaman,2021,,0.0,0.0,,0.0,0.0,0.0,0.0,0.0,0.0,0.0,0.0,0.0,0.0,0.0,0.0,0.0,0.0,,0.0,0.0,3.0,0.0,0.0,0.0,0.0,0.0,,0.0,0.0,3.0,Andaman And Nicobar Islands,North And Middle Andaman
andaman and nicobar islands,north and middle andaman,2022,0.0,0.0,0.0,0.0,0.0,0.0,0.0,0.0,0.0,0.0,0.0,0.0,,0.0,0.0,0.0,0.0,0.0,0.0,0.0,,0.0,0.0,0.0,,0.0,0.0,0.0,0.0,1.0,1.0,Andaman And Nicobar Islands,North And Middle Andaman
andaman and nicobar islands,south andamans,2017,0.0,0.0,0.0,0.0,2.0,0.0,0.0,0.0,0.0,0.0,0.0,0.0,0.0,0.0,0.0,0.0,,0.0,0.0,0.0,0.0,0.0,0.0,0.0,0.0,0.0,0.0,0.0,0.0,0.0,0.0,Andaman And Nicobar Islands,South Andamans
andaman and nicobar islands,south andamans,2018,,0.0,0.0,0.0,3.0,,0.0,0.0,0.0,0.0,0.0,,0.0,,0.0,1.0,0.0,0.0,2.0,0.0,0.0,0.0,0.0,0.0,0.0,0.0,0.0,,0.0,0.0,3.0,Andaman And Nicobar Islands,South Andamans
andaman and nicobar islands,south andamans,2019,0.0,0.0,0.0,0.0,0.0,0.0,0.0,0.0,0.0,0.0,0.0,0.0,0.0,0.0,1.0,0.0,0.0,,0.0,0.0,0.0,0.0,0.0,0.0,,0.0,0.0,1.0,0.0,0.0,2.0,Andaman And Nicobar Islands,South Andamans
andaman and nicobar islands,south andamans,2020,2.0,0.0,0.0,0.0,0.0,0.0,1.0,0.0,0.0,0.0,0.0,0.0,0.0,,0.0,0.0,0.0,,0.0,0.0,,0.0,0.0,0.0,0.0,0.0,0.0,0.0,,,0.0,Andaman And Nicobar Islands,South Andamans
andaman and nicobar islands,south andamans,2022,0.0,,0.0,0.0,2.0,0.0,2.0,0.0,0.0,0.0,0.0,0.0,0.0,1.0,1.0,0.0,0.0,0.0,0.0,0.0,0.0,14.0,,0.0,0.0,0.0,0.0,0.0,0.0,2.0,17.0,Andaman And Nicobar Islands,South Andamans
andhra pradesh,alluri sitharama raju,2022,0.0,0.0,0.0,0.0,0.0,0.0,0.0,,0.0,0.0,0.0,0.0,0.0,0.0,0.0,,0.0,0.0,0.0,0.0,0.0,0.0,,0.0,0.0,0.0,0.0,0.0,,0.0,0.0,Andhra Pradesh,Alluri Sitharama Raju
andhra pradesh,anakapalli,2022,0.0,0.0,0.0,1.0,3.0,0.0,1.0,,0.0,0.0,0.0,0.0,,0.0,2.0,0.0,0.0,0.0,40.0,,0.0,0.0,0.0,0.0,0.0,0.0,0.0,0.0,0.0,0.0,42.0,Andhra Pradesh,Anakapalli
andhra pradesh,ananthapuramu,2017,0.0,0.0,4.0,0.0,0.0,0.0,0.0,0.0,0.0,0.0,0.0,0.0,0.0,0.0,7.0,3.0,0.0,0.0,0.0,0.0,0.0,15.0,0.0,0.0,0.0,0.0,,7.0,0.0,9.0,41.0,Andhra Pradesh,Ananthapuramu
andhra pradesh,ananthapuramu,2018,0.0,0.0,1.0,1.0,3.0,4.0,0.0,0.0,1.0,0.0,0.0,0.0,0.0,0.0,7.0,0.0,0.0,0.0,0.0,0.0,0.0,0.0,1.0,0.0,0.0,0.0,0.0,6.0,0.0,15.0,40.0,Andhra Pradesh,Ananthapuramu
andhra pradesh,ananthapuramu,2019,0.0,0.0,0.0,0.0,2.0,1.0,0.0,0.0,0.0,0.0,0.0,0.0,0.0,0.0,2.0,0.0,0.0,0.0,4.0,0.0,0.0,14.0,20.0,0.0,0.0,0.0,0.0,6.0,1.0,7.0,59.0,Andhra Pradesh,Ananthapuramu
andhra pradesh,ananthapuramu,2020,0.0,,0.0,0.0,0.0,0.0,0.0,0.0,0.0,0.0,0.0,0.0,0.0,0.0,0.0,0.0,0.0,0.0,0.0,0.0,0.0,,0.0,0.0,0.0,0.0,0.0,0.0,0.0,0.0,0.0,Andhra Pradesh,Ananthapuramu
andhra pradesh,ananthapuramu,2021,0.0,0.0,0.0,0.0,0.0,1.0,0.0,0.0,0.0,0.0,0.0,0.0,0.0,0.0,3.0,0.0,0.0,3.0,19.0,3.0,0.0,0.0,0.0,0.0,1.0,0.0,0.0,5.0,3.0,13.0,52.0,Andhra Pradesh,Ananthapuramu
andhra pradesh,ananthapuramu,2022,0.0,0.0,0.0,0.0,0.0,1.0,0.0,0.0,0.0,0.0,0.0,0.0,0.0,0.0,1.0,0.0,0.0,0.0,12.0,3.0,0.0,8.0,0.0,0.0,0.0,0.0,0.0,0.0,1.0,0.0,30.0,Andhra Pradesh,Ananthapuramu
andhra pradesh,annamayya,2022,0.0,0.0,0.0,0.0,0.0,2.0,1.0,0.0,1.0,0.0,0.0,0.0,0.0,0.0,0.0,0.0,0.0,0.0,0.0,0.0,0.0,0.0,0.0,0.0,0.0,0.0,,,0.0,0.0,0.0,Andhra Pradesh,Annamayya
andhra pradesh,bapatla,2022,0.0,0.0,0.0,0.0,0.0,2.0,0.0,0.0,1.0,0.0,0.0,0.0,0.0,,2.0,,0.0,0.0,0.0,0.0,5.0,6.0,0.0,0.0,0.0,0.0,0.0,,0.0,0.0,14.0,Andhra Pradesh,Bapatla
andhra pradesh,chittoor,2017,,0.0,0.0,0.0,0.0,0.0,0.0,0.0,0.0,0.0,0.0,0.0,0.0,1.0,,,,,0.0,0.0,0.0,0.0,0.0,0.0,0.0,0.0,0.0,0.0,0.0,1.0,2.0,Andhra Pradesh,Chittoor
andhra pradesh,chittoor,2018,,,0.0,0.0,2.0,2.0,0.0,0.0,1.0,,0.0,0.0,0.0,0.0,,0.0,0.0,0.0,0.0,0.0,0.0,2.0,0.0,0.0,0.0,0.0,,0.0,0.0,1.0,3.0,Andhra Pradesh,Chittoor
andhra pradesh,chittoor,2019,0.0,1.0,0.0,0.0,,12.0,0.0,0.0,3.0,0.0,0.0,0.0,0.0,0.0,1.0,0.0,,0.0,,2.0,,0.0,,0.0,0.0,0.0,0.0,0.0,1.0,,7.0,Andhra Pradesh,Chittoor
andhra pradesh,chittoor,2020,,0.0,0.0,0.0,,0.0,0.0,,0.0,0.0,0.0,0.0,0.0,0.0,,1.0,0.0,5.0,3.0,8.0,0.0,26.0,,0.0,0.0,0.0,0.0,1.0,14.0,14.0,87.0,Andhra Pradesh,Chittoor
andhra pradesh,chittoor,2021,0.0,0.0,0.0,0.0,0.0,0.0,0.0,0.0,0.0,0.0,0.0,0.0,0.0,0.0,3.0,0.0,0.0,3.0,0.0,,0.0,24.0,,2.0,0.0,0.0,0.0,2.0,,4.0,45.0,Andhra Pradesh,Chittoor
andhra pradesh,chittoor,2022,0.0,0.0,0.0,,,0.0,0.0,0.0,,0.0,,0.0,0.0,0.0,1.0,0.0,2.0,0.0,15.0,4.0,,11.0,0.0,0.0,0.0,0.0,0.0,5.0,4.0,7.0,50.0,Andhra Pradesh,Chittoor
andhra pradesh,dr. b.r. ambedkaar konaseema,2022,0.0,0.0,0.0,0.0,0.0,1.0,,0.0,0.0,0.0,0.0,0.0,0.0,0.0,1.0,0.0,1.0,0.0,0.0,0.0,3.0,18.0,0.0,0.0,,1.0,0.0,0.0,3.0,0.0,27.0,Andhra Pradesh,Dr. B.R. Ambedkaar Konaseema
andhra pradesh,east godavari,2017,0.0,0.0,0.0,0.0,0.0,0.0,0.0,0.0,0.0,0.0,0.0,0.0,0.0,0.0,10.0,0.0,0.0,0.0,6.0,,0.0,5.0,1.0,0.0,2.0,0.0,0.0,0.0,0.0,8.0,44.0,Andhra Pradesh,East Godavari
andhra pradesh,east godavari,2018,0.0,0.0,2.0,0.0,1.0,4.0,0.0,0.0,0.0,0.0,0.0,0.0,0.0,0.0,1.0,0.0,0.0,0.0,0.0,4.0,2.0,18.0,0.0,0.0,0.0,1.0,0.0,0.0,0.0,2.0,20.0,Andhra Pradesh,East Godavari
andhra pradesh,east godavari,2019,0.0,0.0,,10.0,1.0,2.0,0.0,0.0,1.0,0.0,0.0,0.0,0.0,0.0,2.0,0.0,1.0,1.0,23.0,5.0,4.0,42.0,2.0,0.0,0.0,0.0,0.0,1.0,0.0,20.0,101.0,Andhra Pradesh,East Godavari
andhra pradesh,east godavari,2020,0.0,0.0,0.0,1.0,6.0,2.0,1.0,0.0,0.0,0.0,0.0,0.0,0.0,0.0,8.0,0.0,8.0,0.0,47.0,17.0,3.0,43.0,4.0,3.0,1.0,0.0,0.0,1.0,18.0,14.0,175.0,Andhra Pradesh,East Godavari
andhra pradesh,east godavari,2021,0.0,0.0,0.0,0.0,1.0,11.0,0.0,0.0,0.0,0.0,0.0,0.0,0.0,0.0,6.0,0.0,7.0,3.0,58.0,18.0,26.0,9.0,0.0,0.0,1.0,0.0,0.0,2.0,0.0,12.0,174.0,Andhra Pradesh,East Godavari
andhra pradesh,east godavari,2022,0.0,0.0,0.0,0.0,1.0,6.0,0.0,0.0,0.0,0.0,0.0,0.0,0.0,,4.0,0.0,,0.0,0.0,0.0,16.0,20.0,0.0,0.0,0.0,0.0,0.0,8.0,0.0,,61.0,Andhra Pradesh,East Godavari
andhra pradesh,eluru,2022,,0.0,0.0,0.0,1.0,0.0,0.0,0.0,,0.0,0.0,0.0,0.0,,1.0,0.0,1.0,0.0,7.0,,4.0,35.0,,0.0,,,0.0,2.0,0.0,10.0,61.0,Andhra Pradesh,Eluru
andhra pradesh,guntur,2017,0.0,0.0,0.0,0.0,7.0,1.0,0.0,0.0,0.0,0.0,0.0,0.0,0.0,1.0,2.0,0.0,20.0,0.0,1.0,9.0,2.0,0.0,1.0,0.0,0.0,0.0,0.0,5.0,0.0,5.0,70.0,Andhra Pradesh,Guntur
andhra pradesh,guntur,2018,1.0,0.0,0.0,0.0,1.0,0.0,0.0,0.0,0.0,0.0,,0.0,0.0,0.0,2.0,,5.0,2.0,0.0,10.0,6.0,12.0,1.0,0.0,,0.0,0.0,1.0,1.0,14.0,54.0,Andhra Pradesh,Guntur
andhra pradesh,guntur,2019,0.0,0.0,0.0,0.0,10.0,1.0,0.0,0.0,0.0,0.0,0.0,0.0,0.0,2.0,10.0,4.0,2.0,15.0,43.0,40.0,41.0,0.0,2.0,5.0,0.0,0.0,0.0,7.0,26.0,46.0,268.0,Andhra Pradesh,Guntur
andhra pradesh,guntur,2020,0.0,0.0,1.0,0.0,5.0,1.0,1.0,0.0,1.0,0.0,0.0,0.0,0.0,0.0,15.0,5.0,0.0,3.0,48.0,29.0,36.0,0.0,2.0,1.0,0.0,0.0,0.0,17.0,22.0,36.0,223.0,Andhra Pradesh,Guntur
andhra pradesh,guntur,2021,0.0,0.0,0.0,0.0,8.0,8.0,0.0,0.0,5.0,0.0,0.0,0.0,0.0,1.0,12.0,6.0,18.0,2.0,18.0,23.0,81.0,6.0,0.0,0.0,0.0,0.0,0.0,11.0,3.0,54.0,193.0,Andhra Pradesh,Guntur
andhra pradesh,guntur,2022,0.0,0.0,0.0,0.0,9.0,4.0,0.0,0.0,3.0,0.0,0.0,0.0,0.0,0.0,13.0,5.0,24.0,1.0,98.0,29.0,90.0,10.0,0.0,0.0,0.0,,0.0,7.0,1.0,44.0,324.0,Andhra Pradesh,Guntur
andhra pradesh,kakinada,2022,0.0,0.0,0.0,0.0,0.0,0.0,0.0,0.0,0.0,0.0,0.0,0.0,0.0,0.0,,0.0,0.0,0.0,,0.0,6.0,8.0,0.0,0.0,0.0,,0.0,0.0,0.0,27.0,43.0,Andhra Pradesh,Kakinada
andhra pradesh,krishna,2017,0.0,0.0,0.0,0.0,,1.0,0.0,0.0,0.0,0.0,0.0,0.0,,0.0,0.0,0.0,0.0,1.0,2.0,0.0,0.0,7.0,0.0,0.0,0.0,0.0,0.0,0.0,,,10.0,Andhra Pradesh,Krishna
andhra pradesh,krishna,2018,0.0,,1.0,0.0,,0.0,0.0,0.0,,0.0,0.0,0.0,0.0,0.0,6.0,0.0,,0.0,1.0,2.0,,13.0,0.0,0.0,0.0,0.0,0.0,,0.0,,25.0,Andhra Pradesh,Krishna
andhra pradesh,krishna,2019,0.0,,0.0,0.0,,,,0.0,0.0,0.0,0.0,0.0,,0.0,,0.0,,2.0,1.0,3.0,4.0,22.0,20.0,0.0,0.0,0.0,0.0,7.0,3.0,41.0,108.0,Andhra Pradesh,Krishna
andhra pradesh,krishna,2020,0.0,0.0,0.0,0.0,0.0,0.0,0.0,0.0,0.0,0.0,0.0,0.0,0.0,0.0,15.0,0.0,0.0,,0.0,14.0,2.0,15.0,0.0,0.0,1.0,0.0,,1.0,20.0,,,Andhra Pradesh,Krishna
andhra pradesh,krishna,2021,0.0,0.0,,0.0,0.0,,0.0,0.0,2.0,0.0,,0.0,0.0,0.0,14.0,0.0,0.0,0.0,0.0,0.0,0.0,22.0,0.0,0.0,0.0,0.0,0.0,7.0,0.0,2.0,45.0,Andhra Pradesh,Krishna
andhra pradesh,krishna,2022,0.0,0.0,0.0,0.0,0.0,0.0,0.0,0.0,1.0,0.0,0.0,0.0,0.0,0.0,10.0,0.0,4.0,0.0,,0.0,32.0,0.0,0.0,0.0,0.0,0.0,0.0,2.0,0.0,,63.0,Andhra Pradesh,Krishna
andhra pradesh,kurnool,2017,0.0,0.0,,0.0,0.0,0.0,0.0,0.0,0.0,0.0,0.0,0.0,0.0,53.0,0.0,0.0,0.0,0.0,0.0,0.0,0.0,0.0,0.0,0.0,,0.0,0.0,0.0,0.0,0.0,0.0,Andhra Pradesh,Kurnool
andhra pradesh,kurnool,2018,0.0,0.0,0.0,0.0,0.0,0.0,0.0,0.0,0.0,0.0,,0.0,0.0,40.0,0.0,0.0,,0.0,0.0,0.0,0.0,0.0,0.0,0.0,,,0.0,0.0,0.0,0.0,0.0,Andhra Pradesh,Kurnool
andhra pradesh,kurnool,2019,0.0,0.0,,0.0,0.0,96.0,0.0,0.0,0.0,0.0,0.0,,0.0,40.0,0.0,0.0,0.0,0.0,0.0,0.0,0.0,0.0,0.0,,0.0,0.0,0.0,0.0,0.0,0.0,0.0,Andhra Pradesh,Kurnool
andhra pradesh,kurnool,2020,,0.0,0.0,0.0,0.0,118.0,0.0,0.0,0.0,0.0,,0.0,0.0,47.0,0.0,0.0,,0.0,0.0,0.0,0.0,0.0,0.0,0.0,,,0.0,0.0,0.0,0.0,0.0,Andhra Pradesh,Kurnool
andhra pradesh,kurnool,2021,0.0,0.0,0.0,0.0,0.0,0.0,0.0,0.0,0.0,0.0,0.0,0.0,0.0,8.0,,0.0,0.0,0.0,0.0,,0.0,0.0,,0.0,0.0,0.0,0.0,0.0,0.0,76.0,76.0,Andhra Pradesh,Kurnool
andhra pradesh,kurnool,2022,0.0,0.0,0.0,0.0,0.0,0.0,,0.0,0.0,0.0,0.0,0.0,0.0,5.0,1.0,0.0,0.0,0.0,0.0,0.0,0.0,0.0,0.0,0.0,,0.0,0.0,,0.0,0.0,1.0,Andhra Pradesh,Kurnool
andhra pradesh,nandyal,2022,1.0,0.0,0.0,0.0,2.0,28.0,,0.0,0.0,0.0,0.0,,0.0,0.0,2.0,0.0,0.0,0.0,0.0,0.0,0.0,,0.0,0.0,0.0,0.0,0.0,0.0,0.0,0.0,2.0,Andhra Pradesh,Nandyal
andhra pradesh,ntr,2017,0.0,0.0,1.0,0.0,7.0,0.0,0.0,0.0,0.0,0.0,0.0,0.0,0.0,0.0,11.0,2.0,0.0,0.0,0.0,0.0,3.0,0.0,0.0,0.0,0.0,0.0,0.0,9.0,0.0,8.0,178.0,Andhra Pradesh,Ntr
andhra pradesh,ntr,2018,0.0,0.0,1.0,0.0,4.0,1.0,0.0,,0.0,0.0,0.0,0.0,0.0,0.0,24.0,0.0,0.0,0.0,0.0,0.0,1.0,130.0,0.0,0.0,0.0,0.0,0.0,9.0,0.0,8.0,172.0,Andhra Pradesh,Ntr
andhra pradesh,ntr,2019,0.0,0.0,0.0,0.0,0.0,0.0,0.0,0.0,0.0,0.0,0.0,0.0,0.0,0.0,7.0,7.0,0.0,0.0,0.0,0.0,0.0,182.0,0.0,0.0,0.0,0.0,0.0,6.0,0.0,,229.0,Andhra Pradesh,Ntr
andhra pradesh,ntr,2020,0.0,0.0,0.0,0.0,0.0,0.0,,0.0,0.0,0.0,0.0,0.0,0.0,0.0,,0.0,0.0,0.0,,0.0,0.0,0.0,,0.0,0.0,0.0,0.0,0.0,0.0,0.0,0.0,Andhra Pradesh,Ntr
andhra pradesh,ntr,2021,0.0,0.0,1.0,0.0,4.0,0.0,1.0,0.0,0.0,0.0,0.0,0.0,0.0,0.0,14.0,0.0,0.0,0.0,0.0,0.0,2.0,0.0,0.0,0.0,0.0,0.0,0.0,0.0,0.0,11.0,123.0,Andhra Pradesh,Ntr
andhra pradesh,ntr,2022,0.0,0.0,0.0,0.0,6.0,3.0,0.0,0.0,0.0,0.0,0.0,0.0,,0.0,25.0,2.0,0.0,0.0,0.0,0.0,0.0,105.0,0.0,0.0,0.0,0.0,0.0,,0.0,12.0,144.0,Andhra Pradesh,Ntr
andhra pradesh,palnadu,2022,,0.0,,0.0,0.0,0.0,0.0,0.0,0.0,,0.0,0.0,0.0,0.0,2.0,0.0,1.0,0.0,3.0,4.0,11.0,0.0,0.0,0.0,0.0,0.0,0.0,1.0,1.0,5.0,29.0,Andhra Pradesh,Palnadu
andhra pradesh,parvathipuram manyam,2022,0.0,0.0,0.0,0.0,2.0,,0.0,0.0,0.0,0.0,,0.0,0.0,0.0,0.0,0.0,0.0,2.0,5.0,,1.0,0.0,0.0,0.0,0.0,0.0,0.0,,0.0,4.0,14.0,Andhra Pradesh,Parvathipuram Manyam
andhra pradesh,prakasam,2017,0.0,0.0,0.0,0.0,11.0,10.0,0.0,0.0,0.0,0.0,0.0,0.0,0.0,9.0,0.0,,0.0,0.0,0.0,0.0,0.0,0.0,0.0,0.0,0.0,0.0,0.0,0.0,0.0,0.0,0.0,Andhra Pradesh,Prakasam
andhra pradesh,prakasam,2018,0.0,0.0,0.0,,5.0,1.0,,0.0,0.0,0.0,0.0,,0.0,2.0,,13.0,0.0,0.0,0.0,0.0,0.0,14.0,0.0,0.0,0.0,0.0,0.0,0.0,0.0,0.0,41.0,Andhra Pradesh,Prakasam
andhra pradesh,prakasam,2019,,,0.0,3.0,1.0,0.0,0.0,,0.0,0.0,0.0,0.0,0.0,0.0,8.0,3.0,0.0,0.0,0.0,0.0,0.0,33.0,28.0,0.0,0.0,,0.0,0.0,0.0,21.0,93.0,Andhra Pradesh,Prakasam
andhra pradesh,prakasam,2020,0.0,0.0,1.0,,1.0,2.0,1.0,0.0,0.0,,1.0,0.0,0.0,0.0,0.0,3.0,0.0,0.0,0.0,0.0,0.0,22.0,1.0,0.0,0.0,0.0,0.0,4.0,1.0,14.0,45.0,Andhra Pradesh,Prakasam
andhra pradesh,prakasam,2021,0.0,0.0,0.0,1.0,0.0,0.0,2.0,0.0,0.0,0.0,0.0,0.0,0.0,0.0,7.0,3.0,0.0,0.0,0.0,,0.0,46.0,,0.0,0.0,0.0,0.0,4.0,0.0,4.0,65.0,Andhra Pradesh,Prakasam
andhra pradesh,prakasam,2022,0.0,0.0,1.0,0.0,1.0,,0.0,0.0,1.0,,0.0,0.0,0.0,0.0,14.0,0.0,0.0,,0.0,,46.0,0.0,4.0,0.0,0.0,0.0,0.0,,,8.0,80.0,Andhra Pradesh,Prakasam
andhra pradesh,sri potti sriramulu nellore,2017,0.0,0.0,0.0,0.0,0.0,0.0,0.0,0.0,0.0,0.0,0.0,0.0,0.0,0.0,,0.0,0.0,0.0,0.0,0.0,0.0,0.0,0.0,0.0,0.0,0.0,0.0,0.0,0.0,0.0,0.0,Andhra Pradesh,Sri Potti Sriramulu Nellore
andhra pradesh,sri potti sriramulu nellore,2018,0.0,0.0,0.0,0.0,0.0,0.0,,0.0,0.0,0.0,0.0,0.0,0.0,0.0,0.0,0.0,0.0,1.0,0.0,0.0,,9.0,2.0,1.0,1.0,0.0,0.0,0.0,0.0,24.0,38.0,Andhra Pradesh,Sri Potti Sriramulu Nellore
andhra pradesh,sri potti sriramulu nellore,2019,,0.0,0.0,0.0,0.0,0.0,0.0,0.0,0.0,0.0,0.0,,0.0,0.0,0.0,0.0,0.0,0.0,,0.0,0.0,0.0,0.0,0.0,,0.0,0.0,0.0,0.0,0.0,,Andhra Pradesh,Sri Potti Sriramulu Nellore
andhra pradesh,sri potti sriramulu nellore,2020,,0.0,0.0,0.0,0.0,3.0,0.0,0.0,0.0,0.0,0.0,0.0,0.0,0.0,1.0,0.0,,0.0,0.0,0.0,0.0,28.0,3.0,0.0,0.0,0.0,0.0,2.0,8.0,19.0,61.0,Andhra Pradesh,Sri Potti Sriramulu Nellore
andhra pradesh,sri potti sriramulu nellore,2021,0.0,0.0,0.0,0.0,1.0,3.0,0.0,0.0,0.0,0.0,0.0,0.0,0.0,1.0,3.0,0.0,0.0,0.0,6.0,5.0,0.0,30.0,0.0,0.0,0.0,0.0,0.0,3.0,2.0,9.0,58.0,Andhra Pradesh,Sri Potti Sriramulu Nellore
andhra pradesh,sri sathya sai,2022,0.0,0.0,0.0,0.0,,0.0,1.0,0.0,0.0,0.0,0.0,0.0,0.0,0.0,5.0,0.0,0.0,1.0,0.0,4.0,48.0,0.0,0.0,,0.0,0.0,0.0,2.0,2.0,0.0,62.0,Andhra Pradesh,Sri Sathya Sai
andhra pradesh,srikakulam,2017,0.0,0.0,0.0,,5.0,1.0,0.0,0.0,,0.0,0.0,,0.0,7.0,0.0,0.0,0.0,16.0,0.0,0.0,0.0,0.0,0.0,0.0,0.0,0.0,0.0,0.0,3.0,0.0,19.0,Andhra Pradesh,Srikakulam
andhra pradesh,srikakulam,2018,0.0,0.0,0.0,0.0,6.0,1.0,0.0,0.0,0.0,0.0,0.0,0.0,0.0,0.0,2.0,0.0,0.0,9.0,0.0,0.0,0.0,5.0,0.0,0.0,,0.0,0.0,1.0,7.0,8.0,,Andhra Pradesh,Srikakulam
andhra pradesh,srikakulam,2019,0.0,0.0,0.0,1.0,6.0,1.0,0.0,0.0,0.0,0.0,0.0,0.0,0.0,0.0,,4.0,0.0,0.0,0.0,0.0,28.0,5.0,0.0,0.0,,0.0,,0.0,,,,Andhra Pradesh,Srikakulam
andhra pradesh,srikakulam,2020,0.0,,,0.0,16.0,0.0,0.0,,0.0,0.0,0.0,0.0,0.0,0.0,23.0,0.0,0.0,,0.0,0.0,3.0,17.0,0.0,0.0,0.0,0.0,0.0,0.0,,0.0,44.0,Andhra Pradesh,Srikakulam
andhra pradesh,srikakulam,2021,0.0,0.0,0.0,0.0,1.0,4.0,2.0,0.0,,0.0,0.0,0.0,0.0,0.0,,0.0,0.0,1.0,1.0,1.0,0.0,35.0,,0.0,,,0.0,0.0,1.0,14.0,,Andhra Pradesh,Srikakulam
andhra pradesh,srikakulam,2022,0.0,0.0,0.0,0.0,1.0,7.0,19.0,,0.0,0.0,,0.0,0.0,,5.0,0.0,0.0,0.0,0.0,0.0,,,,0.0,0.0,0.0,0.0,0.0,0.0,2.0,72.0,Andhra Pradesh,Srikakulam
andhra pradesh,tirupati,2017,2.0,0.0,,0.0,0.0,1.0,0.0,0.0,0.0,0.0,0.0,,0.0,0.0,,0.0,0.0,0.0,8.0,7.0,0.0,,,0.0,0.0,0.0,0.0,0.0,0.0,,26.0,Andhra Pradesh,Tirupati
andhra pradesh,tirupati,2018,0.0,0.0,0.0,0.0,0.0,1.0,0.0,0.0,0.0,0.0,,0.0,0.0,0.0,6.0,0.0,0.0,3.0,8.0,13.0,0.0,0.0,0.0,0.0,0.0,0.0,0.0,0.0,0.0,8.0,38.0,Andhra Pradesh,Tirupati
andhra pradesh,tirupati,2019,0.0,0.0,0.0,0.0,0.0,1.0,0.0,0.0,0.0,,0.0,0.0,0.0,,7.0,0.0,0.0,8.0,44.0,19.0,0.0,0.0,,0.0,,0.0,0.0,1.0,4.0,0.0,83.0,Andhra Pradesh,Tirupati
andhra pradesh,tirupati,2020,0.0,0.0,0.0,0.0,0.0,7.0,,0.0,0.0,0.0,0.0,0.0,,0.0,,0.0,,3.0,62.0,6.0,0.0,0.0,0.0,0.0,0.0,0.0,0.0,2.0,7.0,5.0,91.0,Andhra Pradesh,Tirupati
andhra pradesh,tirupati,2021,,0.0,0.0,0.0,1.0,1.0,0.0,0.0,0.0,0.0,0.0,0.0,0.0,0.0,15.0,0.0,10.0,,110.0,,8.0,0.0,0.0,0.0,0.0,0.0,0.0,6.0,4.0,,204.0,Andhra Pradesh,Tirupati
andhra pradesh,tirupati,2022,0.0,,0.0,0.0,,5.0,1.0,,0.0,0.0,0.0,0.0,0.0,0.0,3.0,0.0,1.0,18.0,113.0,9.0,5.0,0.0,0.0,,0.0,0.0,0.0,1.0,1.0,8.0,,Andhra Pradesh,Tirupati
andhra pradesh,visakhapatnam,2017,0.0,0.0,0.0,0.0,186.0,21.0,1.0,0.0,0.0,0.0,0.0,0.0,0.0,45.0,10.0,0.0,5.0,2.0,0.0,12.0,7.0,18.0,0.0,0.0,1.0,0.0,0.0,0.0,0.0,3.0,58.0,Andhra Pradesh,Visakhapatnam
andhra pradesh,visakhapatnam,2018,0.0,0.0,2.0,21.0,246.0,9.0,0.0,0.0,0.0,0.0,0.0,0.0,0.0,1.0,12.0,1.0,1.0,0.0,29.0,0.0,10.0,1.0,0.0,0.0,14.0,0.0,0.0,2.0,0.0,58.0,142.0,Andhra Pradesh,Visakhapatnam
andhra pradesh,visakhapatnam,2019,6.0,0.0,2.0,15.0,42.0,5.0,0.0,0.0,1.0,0.0,0.0,0.0,0.0,0.0,2.0,9.0,0.0,0.0,231.0,26.0,24.0,1.0,1.0,0.0,25.0,0.0,0.0,0.0,0.0,26.0,349.0,Andhra Pradesh,Visakhapatnam
andhra pradesh,visakhapatnam,2020,0.0,0.0,0.0,0.0,0.0,0.0,0.0,0.0,,0.0,0.0,0.0,0.0,,0.0,0.0,0.0,0.0,1.0,0.0,1.0,0.0,,0.0,0.0,0.0,0.0,,0.0,0.0,2.0,Andhra Pradesh,Visakhapatnam
andhra pradesh,visakhapatnam,2021,1.0,0.0,0.0,0.0,6.0,,0.0,0.0,0.0,0.0,0.0,0.0,0.0,0.0,17.0,0.0,0.0,2.0,241.0,52.0,14.0,0.0,0.0,0.0,7.0,0.0,0.0,2.0,0.0,4.0,309.0,Andhra Pradesh,Visakhapatnam
andhra pradesh,visakhapatnam,2022,3.0,,,0.0,23.0,1.0,0.0,0.0,0.0,0.0,0.0,0.0,0.0,0.0,42.0,,,0.0,269.0,6.0,5.0,0.0,0.0,0.0,10.0,,0.0,6.0,0.0,245.0,583.0,Andhra Pradesh,Visakhapatnam
andhra pradesh,vizianagaram,2017,0.0,0.0,0.0,0.0,0.0,0.0,0.0,0.0,0.0,0.0,0.0,0.0,0.0,3.0,0.0,0.0,0.0,5.0,0.0,6.0,2.0,0.0,,0.0,,0.0,0.0,0.0,,0.0,13.0,Andhra Pradesh,Vizianagaram
andhra pradesh,vizianagaram,2018,0.0,0.0,0.0,0.0,4.0,1.0,0.0,0.0,0.0,0.0,0.0,,0.0,0.0,,0.0,,20.0,6.0,4.0,0.0,12.0,4.0,0.0,0.0,0.0,,0.0,,0.0,46.0,Andhra Pradesh,Vizianagaram
andhra pradesh,vizianagaram,2019,0.0,0.0,,0.0,17.0,7.0,,0.0,0.0,0.0,0.0,0.0,0.0,1.0,1.0,0.0,0.0,18.0,0.0,2.0,6.0,27.0,5.0,0.0,0.0,0.0,,0.0,,,60.0,Andhra Pradesh,Vizianagaram
andhra pradesh,vizianagaram,2020,0.0,,0.0,0.0,4.0,18.0,1.0,0.0,,0.0,0.0,0.0,,0.0,2.0,0.0,3.0,15.0,10.0,3.0,,15.0,,0.0,0.0,0.0,0.0,0.0,1.0,0.0,54.0,Andhra Pradesh,Vizianagaram
andhra pradesh,vizianagaram,2021,,0.0,0.0,0.0,3.0,27.0,1.0,0.0,0.0,0.0,0.0,0.0,0.0,2.0,0.0,0.0,,23.0,,1.0,12.0,30.0,1.0,0.0,,,0.0,0.0,0.0,0.0,86.0,Andhra Pradesh,Vizianagaram
andhra pradesh,vizianagaram,2022,0.0,0.0,0.0,0.0,25.0,52.0,0.0,0.0,0.0,0.0,0.0,0.0,0.0,,0.0,0.0,4.0,4.0,0.0,0.0,7.0,24.0,0.0,,0.0,,0.0,0.0,0.0,3.0,,Andhra Pradesh,Vizianagaram
andhra pradesh,west godavari,2017,0.0,0.0,,,0.0,0.0,0.0,0.0,,0.0,0.0,0.0,0.0,0.0,4.0,3.0,1.0,,3.0,0.0,0.0,5.0,,0.0,0.0,0.0,0.0,1.0,0.0,,38.0,Andhra Pradesh,West Godavari
andhra pradesh,west godavari,2018,,0.0,3.0,0.0,2.0,1.0,1.0,0.0,0.0,,0.0,0.0,0.0,0.0,13.0,0.0,1.0,13.0,2.0,3.0,1.0,15.0,0.0,0.0,0.0,0.0,0.0,4.0,0.0,23.0,75.0,Andhra Pradesh,West Godavari
andhra pradesh,west godavari,2019,0.0,0.0,1.0,0.0,4.0,2.0,0.0,0.0,0.0,0.0,0.0,0.0,0.0,0.0,10.0,3.0,0.0,19.0,7.0,,42.0,0.0,0.0,0.0,0.0,0.0,0.0,0.0,0.0,55.0,147.0,Andhra Pradesh,West Godavari
andhra pradesh,west godavari,2020,0.0,0.0,0.0,0.0,4.0,,1.0,0.0,0.0,0.0,0.0,0.0,0.0,0.0,23.0,0.0,14.0,,13.0,15.0,57.0,3.0,0.0,0.0,0.0,0.0,0.0,,12.0,10.0,174.0,Andhra Pradesh,West Godavari
andhra pradesh,west godavari,2021,0.0,,0.0,0.0,2.0,0.0,2.0,,0.0,0.0,0.0,0.0,,0.0,9.0,0.0,2.0,5.0,0.0,6.0,43.0,0.0,0.0,,0.0,0.0,0.0,3.0,0.0,15.0,83.0,Andhra Pradesh,West Godavari
andhra pradesh,west godavari,2022,0.0,0.0,0.0,0.0,,5.0,1.0,0.0,0.0,0.0,0.0,,0.0,0.0,0.0,0.0,,0.0,1.0,0.0,5.0,4.0,0.0,0.0,0.0,0.0,0.0,1.0,1.0,0.0,12.0,Andhra Pradesh,West Godavari
andhra pradesh,y.s.r.,2017,0.0,0.0,8.0,22.0,1.0,,10.0,,0.0,0.0,0.0,0.0,0.0,0.0,0.0,0.0,0.0,0.0,0.0,0.0,0.0,6.0,0.0,0.0,0.0,,0.0,0.0,0.0,0.0,6.0,Andhra Pradesh,Y.S.R.
andhra pradesh,y.s.r.,2018,0.0,0.0,0.0,0.0,0.0,1.0,,0.0,0.0,,0.0,0.0,0.0,1.0,0.0,0.0,0.0,1.0,0.0,,0.0,0.0,,0.0,0.0,0.0,0.0,1.0,0.0,0.0,2.0,Andhra Pradesh,Y.S.R.
andhra pradesh,y.s.r.,2019,1.0,0.0,0.0,0.0,,3.0,0.0,0.0,0.0,0.0,0.0,0.0,0.0,0.0,0.0,0.0,0.0,0.0,3.0,0.0,0.0,0.0,0.0,0.0,0.0,0.0,0.0,0.0,0.0,0.0,3.0,Andhra Pradesh,Y.S.R.
andhra pradesh,y.s.r.,2020,0.0,0.0,0.0,0.0,0.0,3.0,0.0,0.0,0.0,0.0,0.0,0.0,0.0,0.0,0.0,0.0,0.0,0.0,0.0,0.0,0.0,0.0,0.0,0.0,0.0,0.0,0.0,0.0,0.0,,,Andhra Pradesh,Y.S.R.
andhra pradesh,y.s.r.,2021,0.0,0.0,0.0,1.0,2.0,6.0,0.0,0.0,0.0,0.0,0.0,0.0,0.0,,0.0,0.0,0.0,0.0,0.0,0.0,0.0,,,0.0,0.0,0.0,0.0,0.0,0.0,0.0,0.0,Andhra Pradesh,Y.S.R.
andhra pradesh,y.s.r.,2022,,0.0,1.0,6.0,2.0,12.0,1.0,0.0,0.0,0.0,0.0,0.0,0.0,0.0,0.0,,0.0,1.0,0.0,,0.0,3.0,3.0,0.0,0.0,0.0,0.0,0.0,0.0,,7.0,Andhra Pradesh,Y.S.R.
arunachal pradesh,anjaw,2017,0.0,0.0,,0.0,0.0,0.0,0.0,0.0,,0.0,0.0,0.0,0.0,0.0,0.0,0.0,0.0,,0.0,0.0,0.0,0.0,0.0,0.0,0.0,0.0,0.0,0.0,0.0,0.0,0.0,Arunachal Pradesh,Anjaw
arunachal pradesh,anjaw,2018,0.0,0.0,,0.0,0.0,,0.0,0.0,0.0,0.0,0.0,0.0,0.0,0.0,0.0,0.0,,0.0,0.0,0.0,0.0,0.0,0.0,0.0,0.0,0.0,0.0,0.0,0.0,0.0,0.0,Arunachal Pradesh,Anjaw
arunachal pradesh,anjaw,2019,0.0,0.0,0.0,0.0,0.0,0.0,0.0,0.0,,0.0,0.0,0.0,0.0,,0.0,0.0,0.0,,0.0,0.0,,0.0,0.0,0.0,0.0,0.0,0.0,0.0,0.0,0.0,0.0,Arunachal Pradesh,Anjaw
arunachal pradesh,anjaw,2021,0.0,0.0,0.0,0.0,0.0,0.0,0.0,0.0,,0.0,0.0,0.0,0.0,0.0,0.0,0.0,0.0,0.0,0.0,0.0,0.0,0.0,0.0,,0.0,,0.0,0.0,0.0,0.0,0.0,Arunachal Pradesh,Anjaw
arunachal pradesh,changlang,2017,,0.0,0.0,,0.0,0.0,0.0,0.0,,,0.0,0.0,0.0,0.0,0.0,0.0,0.0,0.0,0.0,0.0,0.0,0.0,0.0,0.0,0.0,0.0,0.0,,0.0,0.0,,Arunachal Pradesh,Changlang
arunachal pradesh,changlang,2018,0.0,0.0,0.0,0.0,0.0,0.0,0.0,0.0,0.0,0.0,,0.0,0.0,0.0,0.0,,0.0,0.0,0.0,0.0,0.0,0.0,,0.0,0.0,,0.0,0.0,0.0,0.0,0.0,Arunachal Pradesh,Changlang
arunachal pradesh,changlang,2019,0.0,0.0,0.0,0.0,0.0,,0.0,0.0,0.0,0.0,0.0,0.0,0.0,0.0,0.0,0.0,0.0,0.0,,0.0,0.0,0.0,0.0,0.0,0.0,0.0,0.0,0.0,0.0,0.0,0.0,Arunachal Pradesh,Changlang
arunachal pradesh,changlang,2021,0.0,0.0,,0.0,0.0,0.0,0.0,0.0,0.0,0.0,0.0,0.0,0.0,0.0,0.0,0.0,0.0,0.0,0.0,0.0,0.0,0.0,0.0,0.0,0.0,0.0,0.0,0.0,0.0,,0.0,Arunachal Pradesh,Changlang
arunachal pradesh,changlang,2022,0.0,0.0,0.0,0.0,0.0,0.0,0.0,0.0,0.0,0.0,0.0,0.0,0.0,0.0,0.0,0.0,0.0,0.0,0.0,0.0,0.0,0.0,0.0,0.0,0.0,0.0,0.0,0.0,0.0,2.0,2.0,Arunachal Pradesh,Changlang
arunachal pradesh,dibang valley,2017,,0.0,0.0,0.0,0.0,0.0,0.0,,0.0,0.0,,0.0,0.0,,0.0,0.0,0.0,0.0,0.0,0.0,,0.0,0.0,0.0,0.0,0.0,,,0.0,,0.0,Arunachal Pradesh,Dibang Valley
arunachal pradesh,dibang valley,2019,0.0,,0.0,0.0,,0.0,0.0,0.0,0.0,0.0,0.0,0.0,0.0,0.0,0.0,0.0,0.0,0.0,0.0,0.0,0.0,0.0,0.0,0.0,0.0,0.0,0.0,0.0,0.0,0.0,0.0,Arunachal Pradesh,Dibang Valley
arunachal pradesh,dibang valley,2020,0.0,0.0,0.0,0.0,,0.0,0.0,0.0,0.0,0.0,0.0,0.0,0.0,0.0,0.0,,0.0,0.0,0.0,0.0,0.0,0.0,0.0,,0.0,0.0,,0.0,0.0,0.0,0.0,Arunachal Pradesh,Dibang Valley
arunachal pradesh,dibang valley,2021,0.0,0.0,0.0,0.0,0.0,0.0,0.0,0.0,0.0,0.0,0.0,0.0,0.0,0.0,0.0,0.0,0.0,0.0,0.0,0.0,0.0,0.0,0.0,0.0,0.0,0.0,0.0,,0.0,,0.0,Arunachal Pradesh,Dibang Valley
arunachal pradesh,dibang valley,2022,0.0,0.0,0.0,0.0,0.0,0.0,0.0,0.0,0.0,,0.0,0.0,0.0,0.0,0.0,0.0,0.0,0.0,0.0,0.0,0.0,0.0,0.0,0.0,0.0,0.0,0.0,0.0,0.0,0.0,0.0,Arunachal Pradesh,Dibang Valley
arunachal pradesh,east kameng,2017,0.0,0.0,0.0,0.0,0.0,0.0,0.0,0.0,0.0,0.0,0.0,0.0,,0.0,0.0,,0.0,0.0,0.0,0.0,0.0,0.0,0.0,0.0,0.0,0.0,0.0,0.0,0.0,0.0,0.0,Arunachal Pradesh,East Kameng
arunachal pradesh,east kameng,2018,0.0,0.0,0.0,0.0,0.0,0.0,0.0,0.0,0.0,0.0,0.0,0.0,0.0,0.0,0.0,0.0,0.0,0.0,0.0,0.0,0.0,0.0,0.0,0.0,0.0,0.0,,0.0,0.0,0.0,0.0,Arunachal Pradesh,East Kameng
arunachal pradesh,east kameng,2019,0.0,0.0,0.0,0.0,0.0,0.0,0.0,0.0,0.0,0.0,0.0,0.0,0.0,0.0,0.0,0.0,0.0,0.0,0.0,0.0,0.0,0.0,0.0,0.0,,0.0,0.0,0.0,0.0,0.0,0.0,Arunachal Pradesh,East Kameng
arunachal pradesh,east kameng,2020,0.0,0.0,0.0,0.0,0.0,0.0,0.0,0.0,0.0,0.0,,,0.0,,0.0,0.0,,0.0,0.0,0.0,0.0,0.0,0.0,0.0,,0.0,0.0,0.0,0.0,0.0,0.0,Arunachal Pradesh,East Kameng
arunachal pradesh,east kameng,2022,0.0,0.0,0.0,0.0,0.0,0.0,0.0,0.0,0.0,0.0,0.0,0.0,0.0,0.0,,0.0,0.0,0.0,0.0,0.0,0.0,0.0,,0.0,0.0,0.0,0.0,1.0,0.0,0.0,1.0,Arunachal Pradesh,East Kameng
arunachal pradesh,east siang,2017,0.0,0.0,0.0,,0.0,0.0,0.0,0.0,0.0,0.0,0.0,0.0,0.0,,0.0,0.0,0.0,0.0,0.0,0.0,0.0,0.0,0.0,0.0,0.0,0.0,0.0,0.0,0.0,0.0,,Arunachal Pradesh,East Siang
arunachal pradesh,east siang,2018,0.0,0.0,0.0,0.0,0.0,0.0,0.0,0.0,0.0,0.0,0.0,,0.0,1.0,0.0,0.0,,0.0,0.0,0.0,0.0,,0.0,,0.0,,0.0,0.0,0.0,0.0,0.0,Arunachal Pradesh,East Siang
arunachal pradesh,east siang,2019,0.0,0.0,0.0,0.0,0.0,,0.0,,0.0,,0.0,0.0,0.0,,0.0,0.0,0.0,0.0,0.0,0.0,0.0,0.0,0.0,0.0,0.0,0.0,0.0,0.0,0.0,0.0,0.0,Arunachal Pradesh,East Siang
arunachal pradesh,east siang,2020,0.0,0.0,,0.0,0.0,0.0,0.0,0.0,0.0,0.0,0.0,0.0,0.0,1.0,0.0,0.0,0.0,0.0,0.0,0.0,0.0,0.0,0.0,0.0,0.0,0.0,0.0,0.0,,,,Arunachal Pradesh,East Siang
arunachal pradesh,east siang,2021,0.0,0.0,0.0,0.0,0.0,0.0,0.0,0.0,0.0,0.0,0.0,0.0,0.0,0.0,0.0,,0.0,0.0,0.0,0.0,,0.0,0.0,0.0,,0.0,0.0,0.0,,0.0,0.0,Arunachal Pradesh,East Siang
arunachal pradesh,east siang,2022,0.0,0.0,0.0,0.0,0.0,0.0,0.0,,0.0,,0.0,0.0,0.0,0.0,0.0,0.0,0.0,0.0,0.0,0.0,0.0,0.0,0.0,0.0,0.0,0.0,0.0,0.0,0.0,0.0,0.0,Arunachal Pradesh,East Siang
arunachal pradesh,kamle,2017,0.0,0.0,0.0,0.0,0.0,0.0,0.0,0.0,,,0.0,,0.0,0.0,0.0,0.0,0.0,0.0,0.0,0.0,,0.0,,0.0,,0.0,,0.0,,0.0,0.0,Arunachal Pradesh,Kamle
arunachal pradesh,kamle,2018,,0.0,,0.0,0.0,,0.0,0.0,0.0,0.0,0.0,0.0,0.0,0.0,0.0,0.0,0.0,0.0,0.0,0.0,0.0,0.0,0.0,0.0,0.0,0.0,0.0,0.0,0.0,0.0,0.0,Arunachal Pradesh,Kamle
arunachal pradesh,kamle,2019,0.0,0.0,0.0,0.0,0.0,,,0.0,,0.0,0.0,0.0,0.0,0.0,0.0,0.0,0.0,,0.0,0.0,0.0,0.0,0.0,0.0,0.0,0.0,0.0,0.0,,0.0,0.0,Arunachal Pradesh,Kamle
arunachal pradesh,kamle,2020,0.0,0.0,0.0,0.0,0.0,,0.0,0.0,0.0,0.0,0.0,,0.0,0.0,0.0,0.0,0.0,0.0,0.0,0.0,,0.0,0.0,0.0,0.0,0.0,0.0,0.0,0.0,0.0,0.0,Arunachal Pradesh,Kamle
arunachal pradesh,kamle,2021,0.0,0.0,0.0,0.0,0.0,0.0,0.0,0.0,0.0,0.0,0.0,0.0,0.0,,0.0,0.0,0.0,0.0,0.0,0.0,,0.0,0.0,0.0,0.0,0.0,0.0,0.0,0.0,0.0,0.0,Arunachal Pradesh,Kamle
arunachal pradesh,kamle,2022,0.0,,0.0,0.0,0.0,0.0,0.0,0.0,0.0,0.0,0.0,0.0,0.0,0.0,0.0,0.0,0.0,0.0,0.0,0.0,0.0,0.0,0.0,0.0,0.0,0.0,0.0,0.0,0.0,0.0,0.0,Arunachal Pradesh,Kamle
arunachal pradesh,kra daadi,2019,0.0,0.0,,0.0,0.0,0.0,0.0,0.0,0.0,0.0,0.0,,0.0,0.0,0.0,,0.0,0.0,0.0,0.0,0.0,0.0,0.0,0.0,0.0,,,0.0,0.0,0.0,0.0,Arunachal Pradesh,Kra Daadi
arunachal pradesh,kra daadi,2020,,0.0,0.0,0.0,0.0,0.0,0.0,,0.0,0.0,0.0,0.0,,0.0,0.0,0.0,0.0,0.0,0.0,0.0,0.0,0.0,0.0,0.0,0.0,0.0,0.0,0.0,0.0,0.0,0.0,Arunachal Pradesh,Kra Daadi
arunachal pradesh,kra daadi,2021,0.0,,0.0,0.0,0.0,0.0,0.0,0.0,,0.0,0.0,0.0,0.0,0.0,0.0,,0.0,0.0,0.0,0.0,0.0,0.0,0.0,0.0,0.0,0.0,0.0,0.0,,0.0,0.0,Arunachal Pradesh,Kra Daadi
arunachal pradesh,kra daadi,2022,0.0,0.0,0.0,0.0,0.0,0.0,0.0,,0.0,0.0,0.0,0.0,0.0,,0.0,0.0,0.0,0.0,,0.0,0.0,0.0,,0.0,,0.0,,0.0,0.0,,0.0,Arunachal Pradesh,Kra Daadi
arunachal pradesh,kurung kumey,2017,0.0,,0.0,0.0,0.0,0.0,0.0,0.0,0.0,,0.0,0.0,0.0,0.0,,0.0,,0.0,0.0,0.0,0.0,0.0,0.0,0.0,0.0,0.0,0.0,0.0,0.0,,,Arunachal Pradesh,Kurung Kumey
arunachal pradesh,kurung kumey,2018,0.0,0.0,0.0,0.0,0.0,0.0,0.0,0.0,0.0,0.0,0.0,0.0,0.0,0.0,0.0,0.0,0.0,,0.0,0.0,0.0,0.0,0.0,0.0,0.0,0.0,0.0,0.0,0.0,0.0,0.0,Arunachal Pradesh,Kurung Kumey
arunachal pradesh,kurung kumey,2019,0.0,0.0,0.0,0.0,0.0,0.0,0.0,0.0,0.0,0.0,0.0,0.0,0.0,0.0,0.0,0.0,0.0,0.0,0.0,0.0,0.0,0.0,0.0,0.0,0.0,0.0,0.0,0.0,0.0,0.0,0.0,Arunachal Pradesh,Kurung Kumey
arunachal pradesh,kurung kumey,2020,0.0,0.0,0.0,0.0,0.0,0.0,0.0,0.0,0.0,,0.0,0.0,0.0,0.0,0.0,0.0,0.0,,0.0,0.0,0.0,0.0,0.0,0.0,0.0,0.0,0.0,0.0,0.0,0.0,0.0,Arunachal Pradesh,Kurung Kumey
arunachal pradesh,kurung kumey,2021,0.0,,,0.0,0.0,0.0,0.0,0.0,0.0,0.0,0.0,0.0,0.0,,0.0,0.0,,0.0,0.0,0.0,0.0,0.0,0.0,,0.0,0.0,0.0,0.0,0.0,0.0,0.0,Arunachal Pradesh,Kurung Kumey
arunachal pradesh,kurung kumey,2022,0.0,0.0,0.0,0.0,0.0,0.0,0.0,0.0,0.0,0.0,0.0,0.0,0.0,0.0,0.0,,0.0,0.0,0.0,0.0,0.0,0.0,0.0,0.0,0.0,0.0,0.0,0.0,0.0,0.0,0.0,Arunachal Pradesh,Kurung Kumey
arunachal pradesh,leparada,2018,0.0,0.0,,0.0,0.0,0.0,0.0,0.0,0.0,0.0,0.0,0.0,0.0,0.0,0.0,,0.0,0.0,0.0,0.0,0.0,0.0,0.0,0.0,0.0,0.0,0.0,0.0,0.0,0.0,0.0,Arunachal Pradesh,Leparada
arunachal pradesh,leparada,2019,0.0,0.0,0.0,0.0,0.0,0.0,0.0,0.0,0.0,0.0,0.0,0.0,0.0,0.0,0.0,0.0,0.0,0.0,0.0,,0.0,0.0,0.0,0.0,,0.0,0.0,,0.0,0.0,0.0,Arunachal Pradesh,Leparada
arunachal pradesh,leparada,2020,0.0,0.0,0.0,0.0,0.0,0.0,0.0,0.0,0.0,,0.0,0.0,0.0,0.0,0.0,0.0,,0.0,0.0,0.0,0.0,0.0,0.0,0.0,,0.0,0.0,0.0,,0.0,0.0,Arunachal Pradesh,Leparada
arunachal pradesh,leparada,2021,0.0,0.0,0.0,0.0,0.0,1.0,0.0,0.0,0.0,0.0,0.0,0.0,0.0,0.0,0.0,0.0,0.0,0.0,0.0,0.0,0.0,0.0,0.0,0.0,,0.0,0.0,0.0,0.0,0.0,,Arunachal Pradesh,Leparada
arunachal pradesh,leparada,2022,,0.0,0.0,,0.0,0.0,0.0,0.0,0.0,0.0,0.0,0.0,0.0,0.0,0.0,0.0,0.0,0.0,0.0,0.0,0.0,0.0,0.0,0.0,,0.0,0.0,0.0,0.0,0.0,0.0,Arunachal Pradesh,Leparada
arunachal pradesh,lohit,2017,0.0,,0.0,0.0,0.0,0.0,0.0,0.0,0.0,,0.0,0.0,0.0,0.0,0.0,0.0,0.0,0.0,0.0,0.0,0.0,0.0,0.0,0.0,0.0,,,0.0,0.0,0.0,0.0,Arunachal Pradesh,Lohit
arunachal pradesh,lohit,2018,,0.0,,0.0,0.0,0.0,0.0,0.0,,0.0,0.0,0.0,0.0,0.0,0.0,0.0,0.0,,,0.0,0.0,0.0,0.0,0.0,0.0,0.0,0.0,0.0,0.0,0.0,0.0,Arunachal Pradesh,Lohit
arunachal pradesh,lohit,2019,0.0,0.0,0.0,0.0,0.0,0.0,,0.0,0.0,0.0,0.0,0.0,0.0,0.0,0.0,0.0,0.0,0.0,0.0,0.0,0.0,,0.0,0.0,0.0,0.0,,0.0,,0.0,0.0,Arunachal Pradesh,Lohit
arunachal pradesh,lohit,2020,0.0,0.0,0.0,0.0,0.0,0.0,0.0,0.0,,0.0,0.0,0.0,0.0,0.0,0.0,0.0,0.0,0.0,0.0,0.0,0.0,,,0.0,0.0,0.0,0.0,0.0,0.0,0.0,0.0,Arunachal Pradesh,Lohit
arunachal pradesh,lohit,2021,0.0,0.0,,,,,,0.0,0.0,0.0,0.0,0.0,0.0,,0.0,0.0,,0.0,0.0,0.0,0.0,0.0,0.0,0.0,0.0,0.0,0.0,0.0,0.0,0.0,0.0,Arunachal Pradesh,Lohit
arunachal pradesh,lohit,2022,0.0,0.0,0.0,0.0,0.0,0.0,,0.0,0.0,0.0,,0.0,0.0,,,0.0,,0.0,0.0,0.0,0.0,0.0,0.0,0.0,0.0,0.0,0.0,0.0,0.0,,0.0,Arunachal Pradesh,Lohit
arunachal pradesh,longding,2017,,0.0,0.0,,0.0,0.0,0.0,0.0,0.0,0.0,,0.0,0.0,,0.0,0.0,,0.0,0.0,0.0,,0.0,0.0,0.0,0.0,0.0,0.0,0.0,0.0,0.0,0.0,Arunachal Pradesh,Longding
arunachal pradesh,longding,2018,0.0,0.0,0.0,0.0,0.0,0.0,0.0,0.0,0.0,,0.0,0.0,0.0,0.0,0.0,0.0,0.0,0.0,0.0,0.0,0.0,0.0,0.0,0.0,0.0,0.0,0.0,0.0,0.0,0.0,0.0,Arunachal Pradesh,Longding
arunachal pradesh,longding,2020,0.0,0.0,0.0,0.0,0.0,0.0,0.0,0.0,0.0,0.0,0.0,0.0,0.0,,0.0,,,0.0,0.0,0.0,,0.0,0.0,0.0,0.0,0.0,0.0,0.0,0.0,0.0,0.0,Arunachal Pradesh,Longding
arunachal pradesh,longding,2021,0.0,0.0,0.0,0.0,0.0,0.0,0.0,0.0,0.0,0.0,0.0,0.0,,0.0,0.0,0.0,0.0,0.0,0.0,0.0,0.0,0.0,0.0,0.0,0.0,0.0,0.0,0.0,0.0,,0.0,Arunachal Pradesh,Longding
arunachal pradesh,longding,2022,0.0,0.0,0.0,0.0,0.0,0.0,0.0,0.0,0.0,0.0,0.0,0.0,0.0,0.0,0.0,0.0,0.0,0.0,0.0,,0.0,0.0,0.0,,0.0,,0.0,,0.0,0.0,0.0,Arunachal Pradesh,Longding
arunachal pradesh,lower dibang valley,2017,0.0,,0.0,0.0,0.0,0.0,0.0,0.0,0.0,0.0,0.0,0.0,0.0,0.0,0.0,0.0,0.0,0.0,0.0,0.0,,0.0,0.0,0.0,0.0,0.0,,0.0,0.0,0.0,0.0,Arunachal Pradesh,Lower Dibang Valley
arunachal pradesh,lower dibang valley,2018,0.0,0.0,,0.0,0.0,,,0.0,0.0,,0.0,0.0,0.0,0.0,,,0.0,0.0,0.0,,0.0,0.0,0.0,0.0,0.0,0.0,0.0,0.0,0.0,0.0,0.0,Arunachal Pradesh,Lower Dibang Valley
arunachal pradesh,lower dibang valley,2019,0.0,0.0,0.0,0.0,0.0,0.0,0.0,0.0,0.0,0.0,0.0,0.0,0.0,0.0,0.0,0.0,0.0,0.0,,0.0,0.0,0.0,0.0,0.0,0.0,0.0,0.0,0.0,,0.0,0.0,Arunachal Pradesh,Lower Dibang Valley
arunachal pradesh,lower dibang valley,2020,0.0,,0.0,0.0,0.0,0.0,,0.0,0.0,0.0,0.0,0.0,0.0,0.0,0.0,0.0,0.0,0.0,0.0,0.0,0.0,0.0,0.0,0.0,0.0,0.0,0.0,0.0,0.0,,0.0,Arunachal Pradesh,Lower Dibang Valley
arunachal pradesh,lower dibang valley,2021,0.0,0.0,1.0,0.0,0.0,0.0,0.0,0.0,0.0,0.0,0.0,0.0,,0.0,0.0,,0.0,0.0,0.0,,0.0,0.0,0.0,0.0,0.0,0.0,0.0,0.0,0.0,0.0,0.0,Arunachal Pradesh,Lower Dibang Valley
arunachal pradesh,lower dibang valley,2022,0.0,0.0,0.0,0.0,0.0,0.0,0.0,0.0,0.0,0.0,0.0,0.0,,0.0,,0.0,0.0,,0.0,0.0,0.0,0.0,0.0,0.0,0.0,0.0,,0.0,0.0,0.0,0.0,Arunachal Pradesh,Lower Dibang Valley
arunachal pradesh,lower siang,2017,0.0,0.0,,0.0,0.0,0.0,0.0,0.0,0.0,0.0,0.0,0.0,0.0,0.0,0.0,0.0,,0.0,0.0,0.0,0.0,0.0,0.0,0.0,0.0,0.0,0.0,0.0,0.0,0.0,,Arunachal Pradesh,Lower Siang
arunachal pradesh,lower siang,2018,0.0,0.0,0.0,,,0.0,0.0,0.0,0.0,0.0,,0.0,0.0,0.0,0.0,0.0,0.0,0.0,0.0,,0.0,0.0,,,0.0,0.0,0.0,0.0,0.0,0.0,0.0,Arunachal Pradesh,Lower Siang
arunachal pradesh,lower siang,2019,,0.0,0.0,0.0,0.0,0.0,0.0,0.0,0.0,0.0,,0.0,0.0,0.0,0.0,0.0,0.0,0.0,0.0,0.0,0.0,0.0,0.0,0.0,0.0,0.0,0.0,,0.0,0.0,0.0,Arunachal Pradesh,Lower Siang
arunachal pradesh,lower siang,2020,,0.0,0.0,0.0,0.0,0.0,0.0,,0.0,0.0,,,0.0,,0.0,0.0,0.0,0.0,0.0,0.0,0.0,0.0,0.0,0.0,0.0,,,0.0,0.0,0.0,0.0,Arunachal Pradesh,Lower Siang
arunachal pradesh,lower siang,2021,0.0,0.0,0.0,0.0,0.0,0.0,0.0,0.0,0.0,0.0,0.0,0.0,0.0,0.0,0.0,0.0,0.0,0.0,0.0,0.0,0.0,0.0,0.0,,0.0,0.0,0.0,,0.0,0.0,,Arunachal Pradesh,Lower Siang
arunachal pradesh,lower siang,2022,0.0,,0.0,0.0,0.0,0.0,0.0,0.0,0.0,0.0,0.0,0.0,0.0,0.0,,0.0,0.0,0.0,0.0,0.0,0.0,,0.0,0.0,,0.0,0.0,0.0,0.0,0.0,0.0,Arunachal Pradesh,Lower Siang
arunachal pradesh,lower subansiri,2017,0.0,0.0,0.0,0.0,0.0,0.0,0.0,0.0,0.0,0.0,0.0,0.0,0.0,0.0,0.0,0.0,0.0,,0.0,0.0,0.0,0.0,0.0,0.0,0.0,0.0,0.0,0.0,,0.0,0.0,Arunachal Pradesh,Lower Subansiri
arunachal pradesh,lower subansiri,2018,0.0,0.0,0.0,,0.0,0.0,0.0,0.0,0.0,0.0,,0.0,0.0,0.0,0.0,,0.0,0.0,0.0,,0.0,0.0,0.0,0.0,0.0,0.0,0.0,,0.0,0.0,0.0,Arunachal Pradesh,Lower Subansiri
arunachal pradesh,lower subansiri,2019,0.0,0.0,0.0,0.0,0.0,0.0,0.0,0.0,0.0,0.0,0.0,0.0,0.0,0.0,0.0,0.0,0.0,0.0,0.0,0.0,0.0,0.0,0.0,0.0,0.0,0.0,0.0,,0.0,0.0,0.0,Arunachal Pradesh,Lower Subansiri
arunachal pradesh,lower subansiri,2020,0.0,0.0,0.0,,0.0,0.0,0.0,0.0,0.0,0.0,0.0,0.0,0.0,0.0,0.0,0.0,0.0,0.0,0.0,0.0,0.0,0.0,,0.0,,0.0,0.0,,0.0,0.0,0.0,Arunachal Pradesh,Lower Subansiri
arunachal pradesh,lower subansiri,2021,0.0,0.0,0.0,0.0,0.0,0.0,,0.0,0.0,,0.0,,0.0,0.0,,0.0,0.0,0.0,0.0,0.0,0.0,0.0,0.0,0.0,0.0,0.0,,0.0,0.0,0.0,0.0,Arunachal Pradesh,Lower Subansiri
arunachal pradesh,namsai,2017,0.0,0.0,0.0,0.0,0.0,0.0,0.0,0.0,0.0,0.0,0.0,0.0,0.0,0.0,,0.0,0.0,0.0,0.0,0.0,0.0,,0.0,0.0,0.0,0.0,0.0,0.0,0.0,0.0,0.0,Arunachal Pradesh,Namsai
arunachal pradesh,namsai,2018,0.0,0.0,0.0,0.0,0.0,,,0.0,0.0,0.0,0.0,,0.0,0.0,0.0,0.0,0.0,0.0,0.0,0.0,0.0,0.0,0.0,,0.0,0.0,,0.0,0.0,0.0,0.0,Arunachal Pradesh,Namsai
arunachal pradesh,namsai,2019,,0.0,0.0,0.0,0.0,0.0,0.0,0.0,0.0,0.0,0.0,0.0,0.0,0.0,,0.0,0.0,0.0,0.0,0.0,0.0,0.0,0.0,0.0,0.0,0.0,0.0,0.0,0.0,0.0,0.0,Arunachal Pradesh,Namsai
arunachal pradesh,namsai,2020,0.0,0.0,0.0,0.0,0.0,,0.0,0.0,0.0,0.0,0.0,0.0,,0.0,0.0,0.0,0.0,0.0,0.0,,,0.0,0.0,0.0,,0.0,0.0,0.0,,0.0,0.0,Arunachal Pradesh,Namsai
arunachal pradesh,namsai,2021,0.0,0.0,0.0,0.0,0.0,0.0,0.0,,0.0,0.0,0.0,0.0,0.0,0.0,0.0,0.0,0.0,0.0,0.0,0.0,0.0,0.0,0.0,0.0,0.0,0.0,0.0,0.0,0.0,1.0,1.0,Arunachal Pradesh,Namsai
arunachal pradesh,namsai,2022,0.0,0.0,0.0,0.0,0.0,0.0,0.0,0.0,,0.0,0.0,0.0,0.0,0.0,0.0,0.0,0.0,0.0,0.0,0.0,0.0,0.0,0.0,0.0,,0.0,0.0,0.0,0.0,0.0,0.0,Arunachal Pradesh,Namsai
arunachal pradesh,pakke kessang,2019,0.0,0.0,0.0,0.0,,,0.0,0.0,0.0,0.0,0.0,0.0,0.0,0.0,0.0,,0.0,0.0,0.0,0.0,0.0,0.0,0.0,,0.0,0.0,0.0,0.0,0.0,0.0,0.0,Arunachal Pradesh,Pakke Kessang
arunachal pradesh,pakke kessang,2020,0.0,0.0,0.0,0.0,0.0,0.0,0.0,0.0,0.0,0.0,0.0,0.0,0.0,0.0,,,0.0,0.0,0.0,0.0,,0.0,0.0,0.0,0.0,0.0,0.0,0.0,0.0,0.0,0.0,Arunachal Pradesh,Pakke Kessang
arunachal pradesh,pakke kessang,2021,0.0,0.0,0.0,0.0,0.0,0.0,,0.0,0.0,,0.0,0.0,0.0,0.0,0.0,0.0,0.0,0.0,,0.0,0.0,0.0,,0.0,0.0,0.0,0.0,0.0,0.0,0.0,0.0,Arunachal Pradesh,Pakke Kessang
arunachal pradesh,pakke kessang,2022,0.0,0.0,0.0,0.0,0.0,0.0,0.0,0.0,0.0,0.0,0.0,0.0,0.0,0.0,0.0,0.0,0.0,,0.0,0.0,0.0,0.0,,0.0,,,0.0,0.0,0.0,0.0,0.0,Arunachal Pradesh,Pakke Kessang
arunachal pradesh,papum pare,2017,0.0,0.0,0.0,0.0,1.0,0.0,0.0,0.0,0.0,0.0,0.0,0.0,0.0,0.0,0.0,0.0,0.0,0.0,0.0,0.0,0.0,0.0,0.0,0.0,0.0,0.0,0.0,0.0,0.0,0.0,0.0,Arunachal Pradesh,Papum Pare
arunachal pradesh,papum pare,2018,0.0,0.0,0.0,0.0,1.0,1.0,0.0,0.0,0.0,0.0,0.0,0.0,0.0,0.0,0.0,0.0,0.0,0.0,0.0,0.0,0.0,0.0,0.0,0.0,0.0,0.0,0.0,0.0,0.0,0.0,0.0,Arunachal Pradesh,Papum Pare
arunachal pradesh,papum pare,2019,0.0,0.0,0.0,0.0,0.0,0.0,0.0,0.0,0.0,0.0,0.0,0.0,0.0,0.0,0.0,0.0,0.0,0.0,0.0,0.0,0.0,0.0,0.0,0.0,0.0,0.0,0.0,0.0,0.0,0.0,0.0,Arunachal Pradesh,Papum Pare
arunachal pradesh,papum pare,2020,0.0,0.0,0.0,0.0,0.0,1.0,0.0,0.0,0.0,0.0,0.0,0.0,0.0,0.0,0.0,0.0,0.0,0.0,0.0,0.0,1.0,0.0,0.0,0.0,0.0,0.0,0.0,0.0,0.0,,3.0,Arunachal Pradesh,Papum Pare
arunachal pradesh,papum pare,2021,0.0,0.0,0.0,0.0,30.0,0.0,0.0,0.0,0.0,0.0,0.0,0.0,0.0,0.0,0.0,0.0,0.0,0.0,0.0,0.0,0.0,0.0,0.0,0.0,0.0,0.0,0.0,0.0,0.0,0.0,0.0,Arunachal Pradesh,Papum Pare
arunachal pradesh,papum pare,2022,0.0,0.0,0.0,0.0,3.0,2.0,0.0,0.0,0.0,0.0,0.0,0.0,0.0,0.0,0.0,0.0,0.0,0.0,0.0,0.0,0.0,0.0,0.0,0.0,0.0,0.0,0.0,0.0,0.0,0.0,0.0,Arunachal Pradesh,Papum Pare
arunachal pradesh,shi yomi,2019,0.0,0.0,0.0,0.0,0.0,0.0,0.0,0.0,0.0,0.0,0.0,0.0,0.0,0.0,0.0,0.0,0.0,0.0,0.0,0.0,0.0,0.0,0.0,0.0,0.0,0.0,0.0,0.0,0.0,0.0,0.0,Arunachal Pradesh,Shi Yomi
arunachal pradesh,shi yomi,2020,0.0,0.0,0.0,0.0,0.0,0.0,0.0,0.0,,0.0,0.0,0.0,0.0,,0.0,0.0,0.0,0.0,,0.0,0.0,0.0,0.0,0.0,0.0,0.0,0.0,0.0,0.0,0.0,0.0,Arunachal Pradesh,Shi Yomi
arunachal pradesh,shi yomi,2021,0.0,0.0,0.0,0.0,,0.0,0.0,0.0,0.0,0.0,0.0,0.0,0.0,0.0,0.0,0.0,0.0,,0.0,0.0,0.0,0.0,0.0,0.0,0.0,0.0,0.0,0.0,0.0,0.0,0.0,Arunachal Pradesh,Shi Yomi
arunachal pradesh,shi yomi,2022,0.0,0.0,0.0,0.0,0.0,0.0,0.0,0.0,0.0,0.0,0.0,0.0,0.0,0.0,0.0,,0.0,0.0,0.0,0.0,0.0,0.0,0.0,,0.0,0.0,,0.0,0.0,0.0,0.0,Arunachal Pradesh,Shi Yomi
arunachal pradesh,siang,2017,,0.0,0.0,0.0,0.0,0.0,0.0,0.0,0.0,0.0,,0.0,,0.0,0.0,0.0,0.0,0.0,0.0,0.0,0.0,0.0,0.0,0.0,0.0,0.0,0.0,0.0,0.0,0.0,0.0,Arunachal Pradesh,Siang
arunachal pradesh,siang,2018,0.0,0.0,0.0,0.0,0.0,,,,0.0,0.0,0.0,0.0,0.0,0.0,0.0,,,0.0,,,0.0,0.0,0.0,0.0,0.0,0.0,0.0,0.0,,,0.0,Arunachal Pradesh,Siang
arunachal pradesh,siang,2019,0.0,,0.0,0.0,0.0,,0.0,0.0,0.0,0.0,0.0,,0.0,0.0,0.0,0.0,,0.0,0.0,0.0,,0.0,,0.0,0.0,0.0,0.0,0.0,0.0,0.0,0.0,Arunachal Pradesh,Siang
arunachal pradesh,siang,2020,0.0,0.0,,0.0,0.0,0.0,0.0,0.0,,0.0,0.0,0.0,0.0,0.0,0.0,0.0,0.0,,,,0.0,0.0,0.0,0.0,,0.0,,0.0,0.0,0.0,0.0,Arunachal Pradesh,Siang
arunachal pradesh,siang,2021,0.0,,0.0,0.0,0.0,0.0,0.0,0.0,0.0,0.0,0.0,0.0,0.0,0.0,,0.0,,,2.0,0.0,,,,0.0,,0.0,0.0,0.0,0.0,0.0,2.0,Arunachal Pradesh,Siang
arunachal pradesh,siang,2022,0.0,0.0,,0.0,0.0,0.0,0.0,0.0,0.0,0.0,0.0,0.0,,0.0,0.0,0.0,0.0,,0.0,,0.0,0.0,0.0,0.0,0.0,,0.0,0.0,0.0,0.0,0.0,Arunachal Pradesh,Siang
arunachal pradesh,tawang,2017,0.0,0.0,0.0,,0.0,0.0,0.0,0.0,0.0,0.0,0.0,0.0,0.0,0.0,0.0,0.0,0.0,0.0,0.0,0.0,0.0,0.0,0.0,0.0,0.0,0.0,0.0,0.0,,,0.0,Arunachal Pradesh,Tawang
arunachal pradesh,tawang,2018,,0.0,0.0,0.0,0.0,0.0,0.0,0.0,0.0,0.0,0.0,0.0,0.0,0.0,0.0,0.0,0.0,0.0,,,0.0,0.0,0.0,0.0,0.0,0.0,0.0,0.0,0.0,0.0,0.0,Arunachal Pradesh,Tawang
arunachal pradesh,tawang,2020,0.0,0.0,0.0,0.0,0.0,0.0,0.0,0.0,0.0,0.0,0.0,0.0,0.0,0.0,0.0,0.0,,0.0,0.0,0.0,0.0,0.0,0.0,0.0,0.0,0.0,0.0,0.0,0.0,0.0,,Arunachal Pradesh,Tawang
arunachal pradesh,tawang,2021,0.0,0.0,0.0,0.0,,,0.0,0.0,0.0,0.0,0.0,0.0,0.0,0.0,0.0,0.0,0.0,0.0,0.0,0.0,0.0,0.0,0.0,0.0,0.0,0.0,0.0,0.0,0.0,0.0,0.0,Arunachal Pradesh,Tawang
arunachal pradesh,tawang,2022,0.0,,0.0,,0.0,0.0,0.0,0.0,0.0,,0.0,0.0,0.0,0.0,,,0.0,0.0,0.0,0.0,0.0,0.0,0.0,0.0,0.0,0.0,0.0,0.0,0.0,0.0,0.0,Arunachal Pradesh,Tawang
arunachal pradesh,tirap,2017,0.0,,0.0,0.0,0.0,,0.0,0.0,0.0,0.0,0.0,0.0,0.0,0.0,0.0,0.0,0.0,0.0,0.0,0.0,0.0,0.0,0.0,0.0,0.0,0.0,0.0,0.0,0.0,0.0,0.0,Arunachal Pradesh,Tirap
arunachal pradesh,tirap,2018,0.0,0.0,0.0,0.0,,0.0,0.0,,0.0,0.0,0.0,0.0,0.0,0.0,0.0,0.0,0.0,0.0,0.0,0.0,0.0,0.0,0.0,0.0,0.0,,0.0,,0.0,0.0,0.0,Arunachal Pradesh,Tirap
arunachal pradesh,tirap,2019,0.0,0.0,0.0,,0.0,0.0,0.0,0.0,0.0,0.0,0.0,0.0,0.0,,0.0,0.0,0.0,0.0,,,0.0,,0.0,0.0,0.0,0.0,0.0,0.0,0.0,0.0,0.0,Arunachal Pradesh,Tirap
arunachal pradesh,tirap,2020,0.0,,0.0,,0.0,0.0,,,,0.0,0.0,0.0,0.0,0.0,0.0,0.0,0.0,0.0,0.0,0.0,0.0,0.0,,0.0,0.0,0.0,0.0,0.0,0.0,0.0,0.0,Arunachal Pradesh,Tirap
arunachal pradesh,tirap,2021,0.0,0.0,0.0,0.0,0.0,0.0,0.0,0.0,0.0,0.0,,0.0,,0.0,0.0,0.0,0.0,0.0,0.0,0.0,0.0,,0.0,0.0,0.0,0.0,0.0,0.0,0.0,0.0,0.0,Arunachal Pradesh,Tirap
arunachal pradesh,tirap,2022,0.0,0.0,0.0,,,0.0,0.0,0.0,0.0,0.0,0.0,0.0,0.0,,0.0,0.0,0.0,0.0,0.0,0.0,0.0,0.0,,0.0,0.0,0.0,0.0,0.0,0.0,0.0,0.0,Arunachal Pradesh,Tirap
arunachal pradesh,upper siaang,2022,0.0,0.0,0.0,0.0,,0.0,0.0,0.0,0.0,0.0,0.0,0.0,0.0,0.0,0.0,0.0,0.0,0.0,0.0,,0.0,0.0,0.0,0.0,0.0,,,0.0,0.0,0.0,0.0,Arunachal Pradesh,Upper Siaang
arunachal pradesh,upper siang,2017,,0.0,0.0,0.0,,0.0,0.0,0.0,0.0,0.0,0.0,0.0,0.0,0.0,0.0,0.0,0.0,,0.0,0.0,,0.0,,0.0,,0.0,,0.0,0.0,0.0,0.0,Arunachal Pradesh,Upper Siang
arunachal pradesh,upper siang,2018,0.0,0.0,0.0,0.0,0.0,0.0,,0.0,0.0,0.0,0.0,0.0,0.0,0.0,0.0,0.0,0.0,0.0,,0.0,0.0,0.0,0.0,0.0,0.0,0.0,0.0,0.0,0.0,0.0,,Arunachal Pradesh,Upper Siang
arunachal pradesh,upper siang,2019,0.0,0.0,0.0,,0.0,0.0,0.0,0.0,0.0,,0.0,0.0,0.0,0.0,0.0,0.0,0.0,0.0,0.0,0.0,0.0,0.0,0.0,0.0,0.0,0.0,0.0,0.0,0.0,0.0,0.0,Arunachal Pradesh,Upper Siang
arunachal pradesh,upper siang,2020,0.0,0.0,,0.0,0.0,0.0,0.0,0.0,0.0,0.0,0.0,,0.0,0.0,0.0,0.0,,0.0,0.0,0.0,,0.0,0.0,0.0,0.0,0.0,0.0,0.0,0.0,0.0,,Arunachal Pradesh,Upper Siang
arunachal pradesh,upper siang,2021,0.0,0.0,0.0,0.0,0.0,,0.0,0.0,0.0,0.0,0.0,0.0,0.0,0.0,0.0,0.0,0.0,0.0,0.0,0.0,0.0,0.0,0.0,0.0,,,0.0,0.0,0.0,0.0,0.0,Arunachal Pradesh,Upper Siang
arunachal pradesh,upper subansiri,2017,0.0,0.0,0.0,0.0,0.0,,0.0,0.0,0.0,,0.0,0.0,0.0,0.0,0.0,0.0,0.0,0.0,,,0.0,0.0,0.0,0.0,0.0,0.0,0.0,0.0,0.0,,0.0,Arunachal Pradesh,Upper Subansiri
arunachal pradesh,upper subansiri,2018,0.0,0.0,0.0,0.0,0.0,0.0,0.0,0.0,0.0,,0.0,0.0,0.0,0.0,0.0,0.0,0.0,0.0,0.0,0.0,0.0,0.0,0.0,0.0,0.0,0.0,0.0,0.0,0.0,0.0,0.0,Arunachal Pradesh,Upper Subansiri
arunachal pradesh,upper subansiri,2019,0.0,0.0,0.0,0.0,,0.0,0.0,,0.0,0.0,,0.0,0.0,0.0,0.0,0.0,,0.0,0.0,0.0,0.0,0.0,0.0,0.0,0.0,0.0,0.0,0.0,0.0,0.0,0.0,Arunachal Pradesh,Upper Subansiri
arunachal pradesh,upper subansiri,2020,,0.0,0.0,0.0,0.0,0.0,0.0,0.0,0.0,0.0,0.0,0.0,0.0,0.0,0.0,0.0,,0.0,0.0,0.0,0.0,0.0,0.0,,,0.0,0.0,0.0,0.0,0.0,0.0,Arunachal Pradesh,Upper Subansiri
arunachal pradesh,upper subansiri,2021,0.0,0.0,0.0,0.0,0.0,,0.0,,,,0.0,0.0,0.0,,0.0,0.0,0.0,0.0,0.0,0.0,,0.0,0.0,0.0,0.0,0.0,,0.0,0.0,0.0,0.0,Arunachal Pradesh,Upper Subansiri
arunachal pradesh,upper subansiri,2022,0.0,0.0,0.0,0.0,,0.0,0.0,0.0,0.0,0.0,0.0,0.0,0.0,0.0,0.0,,,0.0,,0.0,0.0,0.0,0.0,0.0,0.0,0.0,0.0,0.0,0.0,0.0,0.0,Arunachal Pradesh,Upper Subansiri
arunachal pradesh,west kameng,2017,0.0,,0.0,,0.0,0.0,0.0,0.0,0.0,0.0,0.0,0.0,0.0,0.0,0.0,0.0,0.0,,0.0,0.0,0.0,0.0,0.0,0.0,0.0,0.0,0.0,0.0,0.0,0.0,0.0,Arunachal Pradesh,West Kameng
arunachal pradesh,west kameng,2018,0.0,0.0,0.0,0.0,0.0,0.0,0.0,0.0,0.0,0.0,,0.0,0.0,0.0,0.0,0.0,0.0,0.0,0.0,0.0,0.0,0.0,0.0,0.0,0.0,0.0,0.0,0.0,0.0,0.0,0.0,Arunachal Pradesh,West Kameng
arunachal pradesh,west kameng,2019,0.0,0.0,0.0,0.0,0.0,0.0,0.0,0.0,0.0,0.0,0.0,0.0,0.0,0.0,0.0,0.0,0.0,0.0,0.0,0.0,,0.0,0.0,0.0,0.0,,0.0,0.0,0.0,0.0,0.0,Arunachal Pradesh,West Kameng
arunachal pradesh,west kameng,2020,0.0,0.0,0.0,0.0,0.0,0.0,0.0,0.0,0.0,0.0,,0.0,0.0,0.0,0.0,0.0,0.0,0.0,0.0,0.0,0.0,0.0,0.0,0.0,0.0,0.0,0.0,0.0,0.0,0.0,0.0,Arunachal Pradesh,West Kameng
arunachal pradesh,west kameng,2021,0.0,0.0,0.0,0.0,0.0,0.0,,0.0,0.0,0.0,0.0,0.0,0.0,0.0,0.0,,0.0,0.0,0.0,0.0,0.0,0.0,0.0,0.0,0.0,0.0,0.0,0.0,0.0,0.0,0.0,Arunachal Pradesh,West Kameng
arunachal pradesh,west kameng,2022,,0.0,0.0,0.0,0.0,0.0,0.0,0.0,0.0,,0.0,0.0,0.0,0.0,,0.0,0.0,0.0,0.0,0.0,,0.0,,0.0,0.0,0.0,0.0,0.0,0.0,0.0,0.0,Arunachal Pradesh,West Kameng
arunachal pradesh,west siang,2017,0.0,0.0,0.0,0.0,0.0,0.0,0.0,0.0,,0.0,0.0,0.0,,0.0,0.0,0.0,,,,0.0,0.0,0.0,0.0,,0.0,0.0,0.0,0.0,,,0.0,Arunachal Pradesh,West Siang
arunachal pradesh,west siang,2018,0.0,0.0,0.0,0.0,0.0,0.0,0.0,0.0,0.0,0.0,0.0,0.0,0.0,0.0,0.0,0.0,,0.0,0.0,,0.0,0.0,0.0,0.0,0.0,,0.0,0.0,0.0,0.0,0.0,Arunachal Pradesh,West Siang
arunachal pradesh,west siang,2019,0.0,0.0,,,,0.0,0.0,0.0,0.0,0.0,,0.0,0.0,0.0,0.0,0.0,0.0,0.0,0.0,0.0,0.0,0.0,0.0,0.0,0.0,0.0,0.0,0.0,0.0,0.0,0.0,Arunachal Pradesh,West Siang
arunachal pradesh,west siang,2020,0.0,0.0,0.0,0.0,0.0,0.0,0.0,0.0,0.0,,0.0,0.0,0.0,0.0,0.0,0.0,,0.0,0.0,,0.0,0.0,0.0,0.0,,0.0,0.0,0.0,0.0,0.0,0.0,Arunachal Pradesh,West Siang
arunachal pradesh,west siang,2021,0.0,0.0,0.0,0.0,0.0,0.0,0.0,0.0,0.0,0.0,0.0,,0.0,0.0,,0.0,0.0,0.0,0.0,0.0,0.0,0.0,0.0,0.0,0.0,0.0,0.0,0.0,0.0,0.0,,Arunachal Pradesh,West Siang
arunachal pradesh,west siang,2022,0.0,0.0,,0.0,0.0,0.0,0.0,0.0,0.0,0.0,0.0,0.0,0.0,0.0,0.0,0.0,0.0,0.0,0.0,0.0,0.0,0.0,0.0,0.0,0.0,,0.0,0.0,0.0,0.0,,Arunachal Pradesh,West Siang
assam,bajali,2022,0.0,0.0,0.0,0.0,5.0,0.0,0.0,,8.0,0.0,0.0,0.0,0.0,2.0,0.0,0.0,0.0,0.0,0.0,0.0,0.0,0.0,,0.0,0.0,,0.0,0.0,0.0,0.0,0.0,Assam,Bajali
assam,baksa,2017,0.0,0.0,0.0,0.0,0.0,1.0,0.0,0.0,0.0,0.0,0.0,0.0,,1.0,0.0,0.0,0.0,0.0,0.0,0.0,0.0,0.0,0.0,0.0,0.0,,0.0,0.0,3.0,0.0,3.0,Assam,Baksa
assam,baksa,2018,0.0,0.0,0.0,1.0,2.0,,0.0,0.0,0.0,0.0,0.0,1.0,,5.0,,0.0,0.0,0.0,0.0,0.0,0.0,0.0,0.0,,0.0,0.0,0.0,,0.0,0.0,0.0,Assam,Baksa
assam,baksa,2019,0.0,,,,,4.0,1.0,0.0,0.0,0.0,0.0,0.0,0.0,,0.0,0.0,0.0,,0.0,0.0,0.0,0.0,0.0,,0.0,0.0,0.0,0.0,0.0,0.0,0.0,Assam,Baksa
assam,baksa,2020,0.0,0.0,0.0,,4.0,,1.0,0.0,0.0,0.0,0.0,0.0,,0.0,0.0,0.0,0.0,0.0,0.0,0.0,0.0,0.0,,0.0,0.0,0.0,0.0,0.0,0.0,0.0,0.0,Assam,Baksa
assam,baksa,2021,0.0,2.0,3.0,2.0,,,1.0,0.0,,0.0,0.0,0.0,0.0,0.0,0.0,0.0,0.0,0.0,0.0,0.0,0.0,0.0,0.0,0.0,0.0,0.0,0.0,0.0,0.0,0.0,0.0,Assam,Baksa
assam,baksa,2022,0.0,0.0,0.0,1.0,2.0,8.0,0.0,0.0,0.0,0.0,0.0,0.0,0.0,0.0,0.0,0.0,0.0,,0.0,0.0,0.0,0.0,0.0,0.0,0.0,0.0,0.0,0.0,0.0,0.0,0.0,Assam,Baksa
assam,barpeta,2017,0.0,0.0,0.0,,0.0,0.0,0.0,0.0,0.0,0.0,0.0,0.0,0.0,0.0,0.0,,0.0,0.0,,0.0,0.0,0.0,0.0,,0.0,0.0,0.0,70.0,0.0,0.0,,Assam,Barpeta
assam,barpeta,2018,0.0,0.0,0.0,0.0,0.0,,0.0,0.0,0.0,0.0,0.0,0.0,0.0,0.0,0.0,0.0,0.0,0.0,0.0,0.0,0.0,0.0,0.0,0.0,0.0,,0.0,0.0,0.0,131.0,131.0,Assam,Barpeta
assam,barpeta,2019,0.0,0.0,0.0,0.0,0.0,0.0,0.0,0.0,0.0,0.0,0.0,0.0,0.0,0.0,,0.0,0.0,0.0,0.0,0.0,0.0,0.0,0.0,0.0,0.0,,0.0,103.0,0.0,0.0,103.0,Assam,Barpeta
assam,barpeta,2020,0.0,0.0,0.0,0.0,0.0,,0.0,0.0,0.0,0.0,0.0,0.0,0.0,,0.0,0.0,0.0,0.0,0.0,0.0,0.0,0.0,0.0,0.0,,0.0,0.0,0.0,0.0,,,Assam,Barpeta
assam,barpeta,2021,0.0,0.0,0.0,0.0,0.0,0.0,,0.0,0.0,0.0,0.0,0.0,0.0,109.0,0.0,0.0,,0.0,0.0,0.0,0.0,0.0,0.0,0.0,0.0,0.0,0.0,,0.0,0.0,0.0,Assam,Barpeta
assam,barpeta,2022,0.0,,0.0,0.0,0.0,0.0,0.0,0.0,0.0,,0.0,0.0,,39.0,0.0,0.0,0.0,0.0,0.0,0.0,0.0,0.0,,0.0,0.0,0.0,0.0,0.0,0.0,0.0,0.0,Assam,Barpeta
assam,biswanath,2017,0.0,0.0,0.0,0.0,0.0,0.0,0.0,0.0,0.0,0.0,0.0,0.0,0.0,0.0,0.0,,0.0,0.0,0.0,0.0,0.0,,0.0,0.0,0.0,0.0,0.0,0.0,0.0,,0.0,Assam,Biswanath
assam,biswanath,2018,0.0,0.0,0.0,0.0,0.0,0.0,0.0,0.0,0.0,0.0,0.0,0.0,0.0,0.0,0.0,0.0,0.0,0.0,0.0,,0.0,0.0,0.0,0.0,0.0,0.0,0.0,0.0,0.0,0.0,0.0,Assam,Biswanath
assam,biswanath,2019,0.0,0.0,0.0,0.0,0.0,0.0,0.0,0.0,0.0,0.0,,0.0,0.0,0.0,0.0,0.0,0.0,0.0,0.0,0.0,0.0,0.0,0.0,0.0,0.0,0.0,0.0,,0.0,0.0,0.0,Assam,Biswanath
assam,biswanath,2020,0.0,0.0,0.0,0.0,0.0,0.0,0.0,0.0,0.0,0.0,,0.0,0.0,0.0,0.0,0.0,,0.0,,0.0,0.0,0.0,0.0,0.0,0.0,0.0,0.0,0.0,,0.0,0.0,Assam,Biswanath
assam,biswanath,2021,0.0,0.0,0.0,0.0,0.0,,0.0,0.0,0.0,0.0,0.0,0.0,0.0,,0.0,0.0,0.0,,0.0,0.0,0.0,0.0,0.0,0.0,0.0,0.0,,0.0,5.0,0.0,10.0,Assam,Biswanath
assam,biswanath,2022,,0.0,0.0,0.0,0.0,0.0,0.0,0.0,0.0,0.0,0.0,,0.0,0.0,0.0,0.0,0.0,1.0,0.0,,0.0,0.0,0.0,0.0,0.0,,0.0,0.0,,0.0,,Assam,Biswanath
assam,bongaaigaon,2018,0.0,0.0,0.0,0.0,0.0,35.0,0.0,0.0,0.0,0.0,0.0,0.0,,0.0,0.0,,0.0,0.0,0.0,0.0,,0.0,0.0,0.0,,0.0,0.0,0.0,0.0,0.0,0.0,Assam,Bongaaigaon
assam,bongaigaon,2017,0.0,0.0,0.0,0.0,0.0,39.0,0.0,,0.0,0.0,,0.0,0.0,0.0,0.0,0.0,0.0,0.0,0.0,0.0,0.0,0.0,0.0,0.0,0.0,0.0,0.0,0.0,,0.0,0.0,Assam,Bongaigaon
assam,bongaigaon,2019,0.0,0.0,0.0,0.0,0.0,67.0,0.0,0.0,0.0,0.0,0.0,0.0,,0.0,0.0,0.0,0.0,0.0,0.0,0.0,0.0,,0.0,0.0,0.0,0.0,0.0,0.0,0.0,0.0,0.0,Assam,Bongaigaon
assam,bongaigaon,2020,0.0,0.0,0.0,0.0,0.0,150.0,0.0,0.0,0.0,0.0,0.0,0.0,,0.0,0.0,0.0,0.0,0.0,0.0,,0.0,0.0,0.0,0.0,0.0,0.0,0.0,0.0,0.0,,0.0,Assam,Bongaigaon
assam,bongaigaon,2021,0.0,,0.0,,29.0,84.0,2.0,0.0,,0.0,0.0,0.0,0.0,,,0.0,0.0,0.0,0.0,0.0,0.0,0.0,0.0,0.0,,0.0,0.0,,0.0,0.0,0.0,Assam,Bongaigaon
assam,bongaigaon,2022,0.0,0.0,10.0,0.0,3.0,18.0,0.0,0.0,0.0,0.0,0.0,0.0,0.0,0.0,0.0,,0.0,0.0,,0.0,0.0,,0.0,0.0,0.0,0.0,0.0,0.0,,0.0,0.0,Assam,Bongaigaon
assam,cachar,2017,0.0,0.0,0.0,0.0,0.0,0.0,0.0,0.0,70.0,0.0,0.0,,0.0,0.0,0.0,0.0,0.0,0.0,0.0,0.0,0.0,0.0,0.0,,0.0,0.0,0.0,0.0,0.0,0.0,0.0,Assam,Cachar
assam,cachar,2018,0.0,0.0,0.0,0.0,0.0,,0.0,0.0,100.0,0.0,0.0,,0.0,,,0.0,0.0,0.0,0.0,0.0,0.0,,0.0,0.0,0.0,0.0,,0.0,0.0,0.0,0.0,Assam,Cachar
assam,cachar,2019,0.0,0.0,0.0,0.0,0.0,0.0,0.0,0.0,163.0,0.0,0.0,0.0,0.0,0.0,,0.0,0.0,0.0,0.0,0.0,0.0,0.0,0.0,0.0,,0.0,0.0,0.0,0.0,0.0,0.0,Assam,Cachar
assam,cachar,2020,0.0,0.0,,0.0,0.0,0.0,0.0,0.0,264.0,0.0,0.0,0.0,0.0,0.0,0.0,,0.0,0.0,0.0,0.0,0.0,0.0,0.0,0.0,0.0,0.0,0.0,0.0,0.0,,0.0,Assam,Cachar
assam,cachar,2021,0.0,0.0,0.0,0.0,0.0,0.0,,0.0,,0.0,0.0,0.0,0.0,0.0,0.0,0.0,,0.0,0.0,0.0,,0.0,0.0,0.0,,0.0,0.0,0.0,0.0,,0.0,Assam,Cachar
assam,cachar,2022,0.0,0.0,0.0,0.0,0.0,0.0,0.0,0.0,87.0,0.0,0.0,,0.0,0.0,0.0,0.0,0.0,0.0,0.0,,0.0,0.0,,0.0,0.0,0.0,0.0,0.0,0.0,0.0,0.0,Assam,Cachar
assam,charaideo,2017,0.0,,0.0,0.0,1.0,0.0,0.0,0.0,3.0,0.0,,0.0,0.0,0.0,0.0,0.0,0.0,,0.0,0.0,0.0,0.0,0.0,0.0,0.0,0.0,0.0,,,0.0,0.0,Assam,Charaideo
assam,charaideo,2018,0.0,0.0,,0.0,0.0,8.0,0.0,0.0,0.0,0.0,,0.0,0.0,0.0,0.0,0.0,0.0,0.0,0.0,0.0,0.0,0.0,0.0,0.0,0.0,,0.0,0.0,,0.0,0.0,Assam,Charaideo
assam,charaideo,2019,0.0,0.0,0.0,0.0,,0.0,0.0,0.0,,0.0,0.0,0.0,0.0,0.0,0.0,0.0,,0.0,0.0,0.0,0.0,0.0,0.0,0.0,0.0,0.0,0.0,0.0,0.0,0.0,,Assam,Charaideo
assam,charaideo,2020,0.0,0.0,0.0,0.0,,0.0,0.0,0.0,0.0,0.0,0.0,0.0,0.0,0.0,0.0,0.0,0.0,,0.0,0.0,0.0,0.0,0.0,0.0,0.0,0.0,0.0,0.0,0.0,0.0,,Assam,Charaideo
assam,charaideo,2021,,,5.0,0.0,4.0,13.0,1.0,0.0,0.0,0.0,0.0,0.0,0.0,0.0,0.0,0.0,0.0,0.0,0.0,0.0,,0.0,0.0,0.0,,0.0,0.0,0.0,0.0,0.0,0.0,Assam,Charaideo
assam,charaideo,2022,,,6.0,0.0,0.0,0.0,,,0.0,0.0,0.0,0.0,0.0,0.0,0.0,0.0,0.0,0.0,0.0,0.0,0.0,0.0,0.0,0.0,,0.0,0.0,0.0,0.0,0.0,0.0,Assam,Charaideo
assam,chirang,2017,0.0,0.0,11.0,0.0,0.0,0.0,0.0,0.0,0.0,,0.0,,0.0,0.0,0.0,0.0,0.0,0.0,0.0,,0.0,0.0,0.0,0.0,0.0,0.0,0.0,0.0,0.0,0.0,0.0,Assam,Chirang
assam,chirang,2018,0.0,0.0,13.0,0.0,0.0,,0.0,0.0,0.0,0.0,0.0,0.0,0.0,0.0,0.0,0.0,0.0,0.0,0.0,0.0,0.0,0.0,0.0,0.0,0.0,,0.0,0.0,0.0,0.0,0.0,Assam,Chirang
assam,chirang,2019,0.0,0.0,26.0,0.0,0.0,0.0,0.0,0.0,0.0,0.0,,0.0,0.0,,0.0,0.0,0.0,0.0,0.0,0.0,0.0,0.0,0.0,0.0,0.0,0.0,0.0,0.0,,0.0,0.0,Assam,Chirang
assam,chirang,2020,0.0,0.0,,0.0,0.0,0.0,,0.0,0.0,0.0,,0.0,0.0,0.0,0.0,0.0,0.0,0.0,0.0,0.0,0.0,0.0,0.0,0.0,0.0,0.0,0.0,0.0,0.0,0.0,0.0,Assam,Chirang
assam,chirang,2021,0.0,0.0,0.0,0.0,0.0,,0.0,0.0,3.0,,0.0,,0.0,0.0,0.0,0.0,0.0,0.0,,0.0,0.0,0.0,0.0,0.0,2.0,0.0,,0.0,0.0,3.0,5.0,Assam,Chirang
assam,chirang,2022,0.0,0.0,0.0,0.0,0.0,0.0,0.0,0.0,0.0,0.0,0.0,0.0,0.0,0.0,0.0,0.0,0.0,0.0,0.0,0.0,0.0,0.0,0.0,0.0,0.0,0.0,0.0,0.0,0.0,0.0,0.0,Assam,Chirang
assam,darrang,2017,0.0,0.0,0.0,0.0,0.0,0.0,0.0,0.0,0.0,0.0,0.0,0.0,0.0,,0.0,0.0,0.0,0.0,0.0,0.0,0.0,0.0,0.0,0.0,0.0,0.0,0.0,0.0,36.0,0.0,,Assam,Darrang
assam,darrang,2018,0.0,0.0,0.0,0.0,0.0,,0.0,0.0,0.0,0.0,0.0,0.0,0.0,0.0,0.0,0.0,0.0,0.0,0.0,0.0,0.0,0.0,,0.0,0.0,0.0,0.0,0.0,0.0,0.0,0.0,Assam,Darrang
assam,darrang,2019,,0.0,0.0,,0.0,0.0,0.0,0.0,,0.0,0.0,0.0,0.0,,0.0,0.0,0.0,0.0,0.0,0.0,0.0,0.0,0.0,0.0,0.0,0.0,0.0,0.0,0.0,,0.0,Assam,Darrang
assam,darrang,2020,0.0,0.0,0.0,0.0,0.0,0.0,0.0,0.0,0.0,0.0,0.0,0.0,0.0,0.0,0.0,,0.0,0.0,0.0,0.0,0.0,0.0,0.0,0.0,0.0,0.0,0.0,0.0,0.0,0.0,0.0,Assam,Darrang
assam,darrang,2021,0.0,0.0,0.0,0.0,0.0,0.0,0.0,0.0,,0.0,,0.0,,0.0,0.0,0.0,0.0,0.0,0.0,0.0,0.0,0.0,0.0,0.0,0.0,0.0,0.0,0.0,0.0,0.0,0.0,Assam,Darrang
assam,darrang,2022,0.0,0.0,0.0,0.0,0.0,0.0,,0.0,0.0,0.0,0.0,0.0,0.0,0.0,0.0,0.0,0.0,0.0,0.0,0.0,0.0,0.0,0.0,0.0,0.0,0.0,0.0,0.0,0.0,0.0,0.0,Assam,Darrang
assam,dhemaji,2017,0.0,0.0,0.0,0.0,3.0,0.0,0.0,1.0,0.0,0.0,0.0,,0.0,19.0,0.0,0.0,0.0,0.0,0.0,,0.0,0.0,0.0,0.0,0.0,0.0,0.0,0.0,0.0,0.0,0.0,Assam,Dhemaji
assam,dhemaji,2019,0.0,0.0,6.0,0.0,3.0,0.0,,0.0,0.0,0.0,0.0,0.0,0.0,20.0,0.0,0.0,0.0,0.0,0.0,0.0,0.0,0.0,0.0,0.0,,0.0,0.0,0.0,0.0,0.0,0.0,Assam,Dhemaji
assam,dhemaji,2020,0.0,0.0,7.0,0.0,1.0,0.0,1.0,0.0,32.0,0.0,0.0,0.0,0.0,6.0,,,0.0,0.0,,0.0,,0.0,0.0,,0.0,,0.0,0.0,0.0,0.0,0.0,Assam,Dhemaji
assam,dhemaji,2021,,0.0,7.0,0.0,2.0,,0.0,,0.0,0.0,0.0,,0.0,2.0,0.0,0.0,0.0,0.0,0.0,0.0,0.0,0.0,0.0,0.0,0.0,0.0,0.0,0.0,0.0,,0.0,Assam,Dhemaji
assam,dhemaji,2022,0.0,0.0,1.0,0.0,1.0,0.0,1.0,0.0,0.0,0.0,0.0,0.0,,0.0,0.0,0.0,0.0,0.0,0.0,0.0,0.0,0.0,0.0,0.0,0.0,0.0,,0.0,0.0,0.0,0.0,Assam,Dhemaji
assam,dhubri,2017,0.0,0.0,0.0,0.0,0.0,0.0,,0.0,,0.0,,,0.0,0.0,0.0,0.0,0.0,0.0,0.0,,0.0,0.0,0.0,0.0,0.0,0.0,0.0,0.0,0.0,0.0,0.0,Assam,Dhubri
assam,dhubri,2018,0.0,0.0,0.0,0.0,,0.0,0.0,,0.0,0.0,0.0,0.0,0.0,0.0,0.0,0.0,0.0,0.0,0.0,0.0,,0.0,0.0,,0.0,0.0,0.0,0.0,0.0,0.0,0.0,Assam,Dhubri
assam,dhubri,2019,0.0,0.0,0.0,,0.0,0.0,0.0,0.0,0.0,0.0,0.0,0.0,0.0,0.0,0.0,0.0,0.0,0.0,0.0,0.0,0.0,0.0,0.0,0.0,0.0,0.0,0.0,0.0,0.0,0.0,0.0,Assam,Dhubri
assam,dhubri,2020,0.0,0.0,0.0,0.0,0.0,0.0,0.0,0.0,0.0,0.0,0.0,0.0,0.0,,,0.0,0.0,0.0,0.0,0.0,0.0,0.0,0.0,0.0,0.0,0.0,0.0,0.0,,0.0,0.0,Assam,Dhubri
assam,dhubri,2021,0.0,0.0,13.0,1.0,9.0,13.0,3.0,0.0,13.0,0.0,0.0,0.0,0.0,0.0,0.0,0.0,0.0,0.0,,0.0,76.0,433.0,14.0,0.0,0.0,0.0,0.0,319.0,,,842.0,Assam,Dhubri
assam,dhubri,2022,0.0,0.0,0.0,0.0,0.0,0.0,1.0,0.0,12.0,,0.0,0.0,,0.0,0.0,0.0,0.0,0.0,0.0,0.0,0.0,3.0,0.0,0.0,0.0,0.0,0.0,8.0,0.0,0.0,11.0,Assam,Dhubri
assam,dibrugarh,2017,0.0,0.0,0.0,0.0,,15.0,3.0,0.0,0.0,0.0,0.0,0.0,0.0,19.0,,,,0.0,0.0,,0.0,0.0,0.0,0.0,0.0,,,0.0,,0.0,3.0,Assam,Dibrugarh
assam,dibrugarh,2018,0.0,0.0,23.0,0.0,7.0,79.0,1.0,0.0,0.0,0.0,0.0,0.0,0.0,0.0,0.0,0.0,0.0,,0.0,0.0,0.0,0.0,0.0,0.0,0.0,0.0,0.0,19.0,0.0,0.0,,Assam,Dibrugarh
assam,dibrugarh,2019,0.0,0.0,0.0,14.0,23.0,,0.0,0.0,0.0,0.0,0.0,,0.0,0.0,0.0,0.0,0.0,0.0,0.0,0.0,0.0,0.0,0.0,,0.0,0.0,0.0,1.0,0.0,0.0,1.0,Assam,Dibrugarh
assam,dibrugarh,2020,0.0,0.0,0.0,6.0,30.0,155.0,2.0,0.0,0.0,0.0,0.0,0.0,0.0,0.0,0.0,0.0,0.0,0.0,0.0,0.0,0.0,0.0,0.0,0.0,0.0,0.0,0.0,0.0,,0.0,0.0,Assam,Dibrugarh
assam,dibrugarh,2021,,,0.0,3.0,,91.0,2.0,0.0,0.0,0.0,0.0,0.0,0.0,12.0,0.0,0.0,0.0,0.0,,,0.0,0.0,0.0,0.0,0.0,0.0,0.0,0.0,0.0,0.0,0.0,Assam,Dibrugarh
assam,dibrugarh,2022,0.0,0.0,0.0,0.0,5.0,28.0,4.0,1.0,0.0,0.0,0.0,,0.0,,0.0,0.0,0.0,0.0,0.0,0.0,0.0,0.0,0.0,0.0,0.0,0.0,,0.0,0.0,0.0,0.0,Assam,Dibrugarh
assam,dima hasao,2017,0.0,0.0,0.0,0.0,0.0,0.0,0.0,0.0,0.0,0.0,0.0,0.0,0.0,0.0,0.0,0.0,0.0,0.0,,0.0,0.0,0.0,0.0,,0.0,0.0,0.0,0.0,0.0,0.0,0.0,Assam,Dima Hasao
assam,dima hasao,2018,0.0,0.0,0.0,0.0,0.0,1.0,0.0,0.0,,0.0,0.0,0.0,0.0,,,0.0,0.0,0.0,0.0,0.0,0.0,0.0,0.0,0.0,0.0,0.0,0.0,0.0,0.0,0.0,1.0,Assam,Dima Hasao
assam,dima hasao,2019,0.0,0.0,0.0,0.0,0.0,1.0,0.0,,2.0,0.0,0.0,0.0,0.0,5.0,0.0,0.0,0.0,0.0,,0.0,0.0,0.0,,0.0,,0.0,0.0,0.0,0.0,0.0,0.0,Assam,Dima Hasao
assam,dima hasao,2020,0.0,0.0,0.0,0.0,6.0,,0.0,0.0,,0.0,0.0,0.0,0.0,,0.0,0.0,0.0,0.0,0.0,0.0,0.0,0.0,0.0,0.0,0.0,0.0,0.0,,0.0,0.0,0.0,Assam,Dima Hasao
assam,dima hasao,2021,0.0,0.0,0.0,0.0,4.0,3.0,0.0,0.0,0.0,,0.0,0.0,1.0,0.0,0.0,0.0,0.0,0.0,0.0,0.0,0.0,0.0,0.0,0.0,0.0,0.0,,0.0,0.0,0.0,,Assam,Dima Hasao
assam,dima hasao,2022,0.0,0.0,,0.0,2.0,0.0,0.0,0.0,0.0,0.0,0.0,0.0,0.0,0.0,0.0,0.0,0.0,0.0,,0.0,0.0,0.0,0.0,0.0,0.0,0.0,0.0,,0.0,0.0,0.0,Assam,Dima Hasao
assam,goaalpara,2019,0.0,0.0,0.0,0.0,,40.0,0.0,0.0,0.0,0.0,0.0,0.0,0.0,,0.0,0.0,0.0,0.0,0.0,0.0,0.0,0.0,0.0,0.0,0.0,0.0,0.0,0.0,0.0,0.0,0.0,Assam,Goaalpara
assam,goalpara,2017,0.0,0.0,0.0,,0.0,20.0,0.0,,,0.0,0.0,0.0,0.0,0.0,0.0,0.0,0.0,0.0,0.0,,0.0,,,0.0,0.0,0.0,0.0,0.0,0.0,0.0,0.0,Assam,Goalpara
assam,goalpara,2018,0.0,0.0,0.0,0.0,0.0,47.0,,0.0,0.0,0.0,0.0,0.0,,0.0,0.0,0.0,0.0,0.0,0.0,0.0,0.0,,0.0,0.0,,0.0,0.0,0.0,0.0,0.0,0.0,Assam,Goalpara
assam,goalpara,2020,0.0,0.0,0.0,0.0,0.0,27.0,0.0,0.0,0.0,0.0,0.0,0.0,0.0,0.0,,0.0,,0.0,0.0,0.0,0.0,0.0,0.0,0.0,0.0,0.0,,0.0,0.0,0.0,0.0,Assam,Goalpara
assam,goalpara,2021,0.0,0.0,0.0,0.0,,6.0,,0.0,0.0,0.0,,0.0,0.0,0.0,0.0,0.0,,0.0,0.0,0.0,,0.0,0.0,0.0,0.0,0.0,0.0,0.0,0.0,0.0,0.0,Assam,Goalpara
assam,goalpara,2022,0.0,0.0,0.0,0.0,0.0,0.0,0.0,0.0,39.0,0.0,0.0,0.0,0.0,0.0,0.0,0.0,0.0,0.0,0.0,0.0,0.0,0.0,,0.0,0.0,0.0,0.0,,0.0,0.0,0.0,Assam,Goalpara
assam,golaghat,2017,,0.0,0.0,,20.0,,0.0,0.0,0.0,0.0,0.0,0.0,0.0,0.0,0.0,0.0,0.0,,0.0,,0.0,0.0,0.0,0.0,0.0,0.0,0.0,0.0,0.0,0.0,0.0,Assam,Golaghat
assam,golaghat,2018,0.0,0.0,0.0,0.0,13.0,6.0,0.0,0.0,,0.0,0.0,0.0,,0.0,0.0,,0.0,0.0,0.0,0.0,0.0,0.0,0.0,0.0,0.0,0.0,0.0,,0.0,0.0,,Assam,Golaghat
assam,golaghat,2019,0.0,0.0,,0.0,40.0,0.0,0.0,0.0,0.0,0.0,0.0,0.0,0.0,0.0,0.0,0.0,0.0,,0.0,0.0,0.0,0.0,0.0,0.0,0.0,0.0,0.0,0.0,0.0,0.0,0.0,Assam,Golaghat
assam,golaghat,2020,0.0,0.0,0.0,0.0,14.0,12.0,,0.0,3.0,0.0,0.0,0.0,,0.0,0.0,0.0,0.0,0.0,0.0,0.0,0.0,0.0,0.0,0.0,0.0,0.0,0.0,0.0,0.0,,0.0,Assam,Golaghat
assam,golaghat,2021,0.0,,2.0,1.0,38.0,20.0,,,0.0,0.0,0.0,0.0,0.0,13.0,0.0,0.0,0.0,0.0,0.0,0.0,,0.0,0.0,0.0,0.0,0.0,,0.0,0.0,0.0,0.0,Assam,Golaghat
assam,golaghat,2022,0.0,0.0,0.0,0.0,6.0,1.0,0.0,0.0,1.0,0.0,0.0,0.0,0.0,,0.0,0.0,0.0,0.0,0.0,,0.0,0.0,0.0,0.0,0.0,0.0,0.0,0.0,0.0,0.0,0.0,Assam,Golaghat
assam,hailakandi,2017,0.0,0.0,3.0,0.0,0.0,4.0,0.0,0.0,9.0,,,0.0,0.0,0.0,0.0,0.0,,,0.0,0.0,0.0,0.0,0.0,0.0,0.0,0.0,0.0,0.0,0.0,,0.0,Assam,Hailakandi
assam,hailakandi,2018,0.0,0.0,2.0,0.0,0.0,2.0,1.0,0.0,,0.0,0.0,0.0,0.0,6.0,0.0,0.0,0.0,0.0,0.0,0.0,0.0,0.0,0.0,0.0,0.0,0.0,,,0.0,0.0,,Assam,Hailakandi
assam,hailakandi,2019,1.0,0.0,6.0,0.0,1.0,0.0,0.0,0.0,0.0,0.0,0.0,,0.0,0.0,0.0,0.0,0.0,0.0,0.0,0.0,0.0,0.0,0.0,0.0,,0.0,,0.0,0.0,0.0,0.0,Assam,Hailakandi
assam,hailakandi,2020,0.0,0.0,,0.0,3.0,2.0,4.0,0.0,2.0,0.0,0.0,0.0,0.0,3.0,0.0,0.0,0.0,0.0,0.0,0.0,0.0,0.0,0.0,0.0,0.0,0.0,0.0,0.0,0.0,0.0,0.0,Assam,Hailakandi
assam,hailakandi,2021,0.0,,14.0,0.0,0.0,0.0,6.0,0.0,0.0,,0.0,0.0,0.0,0.0,0.0,0.0,,0.0,0.0,0.0,,,0.0,,0.0,0.0,0.0,0.0,0.0,,0.0,Assam,Hailakandi
assam,hailakandi,2022,0.0,,3.0,0.0,1.0,1.0,1.0,0.0,0.0,0.0,0.0,0.0,0.0,1.0,,0.0,0.0,,0.0,0.0,0.0,0.0,0.0,0.0,0.0,0.0,0.0,0.0,0.0,0.0,0.0,Assam,Hailakandi
assam,hojai,2017,0.0,0.0,2.0,1.0,1.0,2.0,0.0,0.0,0.0,0.0,0.0,0.0,0.0,0.0,1.0,1.0,,,,0.0,0.0,18.0,0.0,0.0,0.0,0.0,0.0,0.0,0.0,0.0,25.0,Assam,Hojai
assam,hojai,2018,0.0,0.0,0.0,0.0,1.0,9.0,0.0,0.0,,0.0,0.0,0.0,0.0,19.0,0.0,0.0,0.0,0.0,0.0,0.0,0.0,0.0,0.0,0.0,0.0,0.0,0.0,0.0,0.0,,0.0,Assam,Hojai
assam,hojai,2019,0.0,0.0,5.0,0.0,4.0,2.0,4.0,0.0,0.0,0.0,0.0,0.0,0.0,0.0,0.0,0.0,0.0,0.0,0.0,0.0,0.0,0.0,0.0,0.0,0.0,,0.0,,0.0,0.0,0.0,Assam,Hojai
assam,hojai,2020,0.0,0.0,6.0,0.0,5.0,,,,0.0,0.0,0.0,0.0,0.0,0.0,0.0,0.0,0.0,0.0,0.0,0.0,0.0,0.0,0.0,0.0,0.0,0.0,0.0,0.0,0.0,0.0,,Assam,Hojai
assam,hojai,2021,0.0,0.0,5.0,0.0,0.0,,1.0,0.0,0.0,0.0,0.0,,0.0,2.0,1.0,0.0,0.0,0.0,0.0,0.0,0.0,0.0,0.0,0.0,0.0,0.0,0.0,0.0,0.0,0.0,1.0,Assam,Hojai
assam,hojai,2022,0.0,0.0,9.0,,,1.0,,0.0,16.0,0.0,0.0,0.0,0.0,1.0,0.0,0.0,0.0,7.0,8.0,0.0,0.0,0.0,0.0,0.0,0.0,0.0,0.0,0.0,0.0,0.0,15.0,Assam,Hojai
assam,jorhat,2017,0.0,0.0,0.0,0.0,0.0,69.0,0.0,,0.0,0.0,0.0,0.0,0.0,0.0,0.0,0.0,0.0,0.0,0.0,0.0,,0.0,0.0,0.0,0.0,0.0,0.0,0.0,0.0,0.0,0.0,Assam,Jorhat
assam,jorhat,2018,0.0,0.0,0.0,0.0,0.0,,0.0,0.0,0.0,,0.0,,0.0,0.0,0.0,0.0,0.0,0.0,,0.0,0.0,0.0,0.0,,,0.0,0.0,0.0,0.0,0.0,,Assam,Jorhat
assam,jorhat,2019,0.0,0.0,0.0,0.0,0.0,123.0,0.0,0.0,0.0,,0.0,0.0,0.0,0.0,0.0,0.0,0.0,0.0,0.0,0.0,0.0,,0.0,0.0,0.0,0.0,,0.0,0.0,,0.0,Assam,Jorhat
assam,jorhat,2020,0.0,0.0,,,,104.0,0.0,,0.0,0.0,0.0,0.0,0.0,0.0,0.0,0.0,0.0,0.0,0.0,0.0,0.0,0.0,0.0,0.0,0.0,0.0,,0.0,0.0,0.0,0.0,Assam,Jorhat
assam,jorhat,2021,1.0,,34.0,,49.0,32.0,6.0,0.0,0.0,0.0,0.0,0.0,0.0,0.0,0.0,0.0,,0.0,0.0,0.0,0.0,,0.0,0.0,0.0,0.0,0.0,0.0,0.0,0.0,0.0,Assam,Jorhat
assam,jorhat,2022,0.0,0.0,43.0,0.0,,0.0,0.0,0.0,0.0,0.0,,0.0,,0.0,0.0,0.0,0.0,0.0,,0.0,0.0,0.0,0.0,0.0,0.0,,0.0,0.0,,0.0,,Assam,Jorhat
assam,kaamrup,2018,0.0,0.0,28.0,2.0,7.0,0.0,6.0,,17.0,0.0,0.0,0.0,0.0,33.0,,0.0,0.0,0.0,0.0,0.0,0.0,0.0,0.0,0.0,0.0,0.0,0.0,,0.0,0.0,8.0,Assam,Kaamrup
assam,kamrup,2017,0.0,0.0,10.0,4.0,10.0,,1.0,0.0,0.0,0.0,0.0,0.0,0.0,,0.0,0.0,0.0,0.0,0.0,,0.0,0.0,0.0,0.0,,0.0,0.0,0.0,0.0,0.0,0.0,Assam,Kamrup
assam,kamrup,2019,0.0,0.0,20.0,0.0,,32.0,6.0,0.0,3.0,0.0,0.0,0.0,0.0,10.0,0.0,0.0,0.0,0.0,0.0,0.0,,0.0,0.0,0.0,0.0,,0.0,0.0,0.0,0.0,,Assam,Kamrup
assam,kamrup,2020,0.0,0.0,4.0,1.0,22.0,79.0,,0.0,,0.0,0.0,0.0,0.0,0.0,,0.0,0.0,0.0,,0.0,,0.0,0.0,0.0,,0.0,0.0,0.0,0.0,0.0,0.0,Assam,Kamrup
assam,kamrup,2021,0.0,0.0,,1.0,57.0,34.0,,,,0.0,0.0,0.0,0.0,2.0,0.0,0.0,0.0,0.0,0.0,0.0,0.0,0.0,,0.0,0.0,0.0,0.0,9.0,0.0,,9.0,Assam,Kamrup
assam,kamrup,2022,0.0,0.0,19.0,0.0,19.0,17.0,5.0,0.0,25.0,0.0,0.0,0.0,0.0,0.0,0.0,0.0,0.0,0.0,0.0,0.0,0.0,0.0,0.0,0.0,0.0,,0.0,0.0,1.0,0.0,1.0,Assam,Kamrup
assam,kamrup metro,2017,0.0,0.0,0.0,2.0,20.0,198.0,19.0,3.0,0.0,0.0,0.0,0.0,0.0,0.0,0.0,0.0,0.0,0.0,0.0,0.0,0.0,0.0,0.0,0.0,0.0,0.0,0.0,0.0,10.0,0.0,10.0,Assam,Kamrup Metro
assam,kamrup metro,2018,0.0,0.0,0.0,1.0,25.0,0.0,15.0,7.0,0.0,0.0,0.0,0.0,0.0,0.0,13.0,0.0,0.0,0.0,0.0,0.0,0.0,0.0,0.0,0.0,0.0,0.0,0.0,0.0,0.0,0.0,13.0,Assam,Kamrup Metro
assam,kamrup metro,2019,4.0,0.0,99.0,0.0,36.0,289.0,11.0,0.0,0.0,0.0,0.0,0.0,0.0,0.0,0.0,0.0,0.0,0.0,0.0,0.0,0.0,0.0,0.0,0.0,0.0,0.0,0.0,0.0,0.0,0.0,0.0,Assam,Kamrup Metro
assam,kamrup metro,2020,9.0,0.0,45.0,6.0,6.0,571.0,23.0,8.0,0.0,0.0,0.0,0.0,0.0,0.0,0.0,0.0,0.0,0.0,0.0,0.0,0.0,0.0,0.0,0.0,0.0,0.0,0.0,0.0,0.0,0.0,0.0,Assam,Kamrup Metro
assam,kamrup metro,2021,0.0,0.0,106.0,6.0,162.0,672.0,27.0,0.0,0.0,0.0,0.0,0.0,0.0,0.0,0.0,0.0,0.0,0.0,0.0,0.0,0.0,0.0,0.0,0.0,0.0,0.0,0.0,0.0,0.0,0.0,1.0,Assam,Kamrup Metro
assam,kamrup metro,2022,2.0,0.0,7.0,0.0,56.0,213.0,12.0,0.0,0.0,0.0,0.0,0.0,0.0,0.0,0.0,0.0,0.0,0.0,0.0,0.0,0.0,0.0,0.0,0.0,0.0,0.0,0.0,0.0,0.0,0.0,0.0,Assam,Kamrup Metro
assam,karbi anglong,2017,,0.0,0.0,0.0,1.0,3.0,1.0,0.0,0.0,0.0,0.0,0.0,0.0,0.0,1.0,0.0,0.0,0.0,0.0,0.0,0.0,,1.0,0.0,0.0,0.0,0.0,0.0,4.0,0.0,6.0,Assam,Karbi Anglong
assam,karbi anglong,2018,0.0,0.0,0.0,,4.0,3.0,0.0,1.0,0.0,0.0,0.0,0.0,0.0,0.0,1.0,0.0,,,1.0,3.0,0.0,0.0,0.0,0.0,,0.0,0.0,1.0,0.0,0.0,8.0,Assam,Karbi Anglong
assam,karbi anglong,2019,0.0,,0.0,1.0,3.0,,1.0,0.0,,0.0,0.0,,0.0,0.0,0.0,0.0,0.0,0.0,0.0,0.0,0.0,,0.0,0.0,0.0,0.0,0.0,0.0,0.0,7.0,7.0,Assam,Karbi Anglong
assam,karbi anglong,2021,0.0,1.0,0.0,0.0,0.0,0.0,0.0,0.0,20.0,0.0,0.0,0.0,0.0,0.0,0.0,,0.0,0.0,0.0,0.0,0.0,0.0,0.0,,0.0,0.0,0.0,0.0,,0.0,0.0,Assam,Karbi Anglong
assam,karimganj,2017,,0.0,0.0,0.0,0.0,0.0,0.0,,0.0,0.0,0.0,0.0,,0.0,10.0,0.0,0.0,0.0,0.0,0.0,0.0,0.0,0.0,2.0,0.0,0.0,0.0,0.0,0.0,0.0,12.0,Assam,Karimganj
assam,karimganj,2018,0.0,0.0,,0.0,2.0,6.0,0.0,,3.0,0.0,0.0,0.0,0.0,0.0,3.0,0.0,0.0,0.0,,0.0,0.0,127.0,61.0,,0.0,1.0,,0.0,0.0,0.0,192.0,Assam,Karimganj
assam,karimganj,2020,0.0,0.0,1.0,0.0,4.0,2.0,0.0,1.0,,0.0,0.0,0.0,0.0,,1.0,0.0,0.0,,19.0,,0.0,119.0,0.0,0.0,0.0,1.0,0.0,0.0,0.0,0.0,150.0,Assam,Karimganj
assam,karimganj,2021,0.0,0.0,0.0,1.0,,5.0,1.0,0.0,0.0,0.0,0.0,0.0,0.0,1.0,0.0,,0.0,0.0,0.0,0.0,0.0,0.0,0.0,0.0,0.0,0.0,0.0,0.0,0.0,0.0,0.0,Assam,Karimganj
assam,karimganj,2022,0.0,0.0,1.0,1.0,6.0,1.0,1.0,0.0,0.0,0.0,0.0,0.0,0.0,1.0,0.0,0.0,0.0,0.0,0.0,0.0,,0.0,0.0,0.0,0.0,0.0,0.0,0.0,0.0,0.0,0.0,Assam,Karimganj
assam,kokrajhar,2017,0.0,0.0,,0.0,0.0,,0.0,0.0,0.0,0.0,0.0,0.0,0.0,0.0,0.0,0.0,0.0,0.0,0.0,0.0,0.0,,0.0,0.0,0.0,0.0,0.0,0.0,0.0,0.0,0.0,Assam,Kokrajhar
assam,kokrajhar,2018,0.0,0.0,0.0,0.0,0.0,0.0,0.0,0.0,0.0,,0.0,0.0,0.0,0.0,0.0,0.0,0.0,0.0,0.0,0.0,0.0,0.0,0.0,0.0,0.0,0.0,0.0,0.0,0.0,0.0,0.0,Assam,Kokrajhar
assam,kokrajhar,2019,0.0,0.0,,0.0,0.0,0.0,0.0,0.0,28.0,0.0,0.0,0.0,0.0,0.0,,0.0,0.0,0.0,25.0,0.0,0.0,0.0,0.0,0.0,0.0,0.0,0.0,0.0,,0.0,25.0,Assam,Kokrajhar
assam,kokrajhar,2020,,0.0,0.0,,0.0,0.0,0.0,0.0,0.0,0.0,,,0.0,0.0,0.0,0.0,0.0,0.0,29.0,0.0,0.0,0.0,0.0,0.0,0.0,0.0,0.0,0.0,0.0,100.0,129.0,Assam,Kokrajhar
assam,kokrajhar,2021,0.0,0.0,0.0,,0.0,0.0,0.0,0.0,21.0,0.0,0.0,0.0,0.0,0.0,0.0,0.0,0.0,0.0,1.0,0.0,,0.0,0.0,0.0,0.0,0.0,0.0,0.0,0.0,,48.0,Assam,Kokrajhar
assam,kokrajhar,2022,0.0,0.0,0.0,0.0,0.0,0.0,0.0,0.0,15.0,0.0,0.0,0.0,0.0,0.0,0.0,0.0,0.0,0.0,0.0,0.0,0.0,,0.0,0.0,0.0,0.0,0.0,0.0,,5.0,5.0,Assam,Kokrajhar
assam,lakhimpur,2017,,0.0,13.0,0.0,0.0,0.0,0.0,0.0,0.0,0.0,0.0,0.0,0.0,0.0,0.0,0.0,0.0,0.0,0.0,0.0,0.0,0.0,0.0,0.0,0.0,0.0,0.0,0.0,,0.0,0.0,Assam,Lakhimpur
assam,lakhimpur,2018,0.0,0.0,0.0,0.0,0.0,0.0,,0.0,,0.0,0.0,0.0,0.0,0.0,,0.0,0.0,,0.0,0.0,0.0,0.0,0.0,0.0,0.0,0.0,0.0,1.0,0.0,0.0,1.0,Assam,Lakhimpur
assam,lakhimpur,2019,,0.0,0.0,0.0,3.0,23.0,1.0,0.0,0.0,,0.0,0.0,0.0,,0.0,0.0,0.0,0.0,0.0,0.0,,,0.0,0.0,0.0,0.0,0.0,0.0,,0.0,0.0,Assam,Lakhimpur
assam,lakhimpur,2020,0.0,0.0,0.0,0.0,0.0,0.0,0.0,0.0,28.0,0.0,0.0,0.0,0.0,0.0,0.0,0.0,0.0,0.0,0.0,0.0,,0.0,0.0,10.0,10.0,0.0,0.0,2.0,0.0,0.0,22.0,Assam,Lakhimpur
assam,lakhimpur,2021,0.0,0.0,0.0,0.0,0.0,30.0,0.0,,,0.0,0.0,0.0,0.0,0.0,0.0,0.0,,0.0,0.0,0.0,,0.0,0.0,,0.0,0.0,0.0,0.0,0.0,0.0,0.0,Assam,Lakhimpur
assam,lakhimpur,2022,0.0,0.0,,0.0,0.0,0.0,0.0,0.0,9.0,0.0,0.0,0.0,0.0,0.0,0.0,0.0,0.0,0.0,0.0,0.0,0.0,0.0,0.0,0.0,0.0,0.0,0.0,0.0,0.0,0.0,0.0,Assam,Lakhimpur
assam,maajuli,2017,0.0,0.0,0.0,0.0,0.0,0.0,0.0,0.0,7.0,0.0,,0.0,0.0,0.0,0.0,0.0,0.0,0.0,0.0,0.0,0.0,,,0.0,0.0,0.0,0.0,0.0,0.0,,0.0,Assam,Maajuli
assam,majuli,2018,0.0,0.0,0.0,0.0,0.0,0.0,,0.0,0.0,0.0,0.0,0.0,0.0,0.0,0.0,0.0,0.0,0.0,0.0,0.0,0.0,0.0,,0.0,0.0,0.0,0.0,0.0,0.0,3.0,3.0,Assam,Majuli
assam,majuli,2019,0.0,0.0,0.0,0.0,0.0,2.0,0.0,0.0,0.0,,0.0,,0.0,0.0,0.0,0.0,0.0,0.0,0.0,0.0,0.0,0.0,0.0,0.0,0.0,0.0,0.0,0.0,0.0,0.0,0.0,Assam,Majuli
assam,majuli,2020,0.0,0.0,0.0,,0.0,,0.0,,1.0,0.0,0.0,0.0,0.0,0.0,0.0,0.0,0.0,0.0,0.0,,0.0,,0.0,0.0,0.0,0.0,0.0,0.0,0.0,0.0,0.0,Assam,Majuli
assam,majuli,2021,0.0,0.0,,0.0,0.0,0.0,,,10.0,0.0,0.0,0.0,0.0,0.0,0.0,0.0,0.0,0.0,0.0,0.0,0.0,0.0,0.0,,0.0,0.0,0.0,0.0,0.0,0.0,0.0,Assam,Majuli
assam,majuli,2022,,0.0,1.0,0.0,3.0,0.0,0.0,0.0,2.0,0.0,0.0,0.0,0.0,0.0,,0.0,,0.0,0.0,0.0,0.0,0.0,0.0,0.0,0.0,0.0,0.0,0.0,0.0,,0.0,Assam,Majuli
assam,marigaon,2017,0.0,0.0,0.0,0.0,,0.0,0.0,0.0,0.0,0.0,0.0,0.0,0.0,0.0,0.0,0.0,,0.0,0.0,0.0,,0.0,0.0,,,0.0,0.0,0.0,0.0,0.0,0.0,Assam,Marigaon
assam,marigaon,2018,0.0,0.0,0.0,0.0,0.0,0.0,0.0,0.0,0.0,0.0,0.0,0.0,0.0,0.0,0.0,0.0,0.0,0.0,0.0,0.0,0.0,0.0,0.0,0.0,0.0,0.0,0.0,0.0,,0.0,,Assam,Marigaon
assam,marigaon,2019,0.0,0.0,0.0,0.0,,0.0,0.0,0.0,0.0,0.0,0.0,0.0,0.0,0.0,0.0,0.0,0.0,0.0,,0.0,0.0,0.0,0.0,0.0,,0.0,0.0,0.0,0.0,,0.0,Assam,Marigaon
assam,marigaon,2020,0.0,0.0,0.0,0.0,0.0,0.0,0.0,,56.0,,0.0,0.0,0.0,0.0,0.0,0.0,0.0,0.0,0.0,0.0,0.0,,0.0,0.0,0.0,0.0,0.0,0.0,0.0,0.0,0.0,Assam,Marigaon
assam,marigaon,2021,,,,0.0,0.0,,0.0,0.0,0.0,0.0,0.0,0.0,0.0,0.0,30.0,0.0,0.0,0.0,0.0,0.0,0.0,0.0,0.0,0.0,0.0,0.0,0.0,1.0,0.0,,55.0,Assam,Marigaon
assam,marigaon,2022,0.0,0.0,0.0,0.0,0.0,0.0,0.0,0.0,0.0,0.0,0.0,0.0,0.0,0.0,3.0,0.0,0.0,0.0,0.0,0.0,0.0,0.0,0.0,0.0,0.0,0.0,0.0,0.0,0.0,0.0,3.0,Assam,Marigaon
assam,naalbari,2022,0.0,0.0,0.0,0.0,0.0,1.0,3.0,0.0,0.0,0.0,0.0,0.0,0.0,0.0,0.0,0.0,0.0,0.0,0.0,0.0,0.0,0.0,0.0,0.0,0.0,,0.0,0.0,0.0,0.0,0.0,Assam,Naalbari
assam,nagaon,2017,,0.0,0.0,0.0,15.0,9.0,34.0,0.0,,0.0,0.0,0.0,0.0,0.0,0.0,0.0,0.0,0.0,0.0,0.0,0.0,0.0,0.0,0.0,0.0,0.0,,0.0,0.0,,0.0,Assam,Nagaon
assam,nagaon,2018,0.0,0.0,0.0,0.0,0.0,0.0,0.0,0.0,,0.0,0.0,0.0,0.0,0.0,0.0,0.0,,0.0,0.0,0.0,0.0,0.0,0.0,0.0,0.0,0.0,0.0,0.0,0.0,0.0,0.0,Assam,Nagaon
assam,nagaon,2019,0.0,0.0,0.0,0.0,0.0,0.0,0.0,0.0,0.0,0.0,0.0,,0.0,0.0,0.0,0.0,0.0,0.0,0.0,0.0,0.0,0.0,0.0,0.0,0.0,0.0,0.0,0.0,0.0,0.0,0.0,Assam,Nagaon
assam,nagaon,2020,0.0,0.0,0.0,0.0,,,0.0,0.0,0.0,0.0,0.0,0.0,0.0,0.0,,0.0,0.0,0.0,0.0,,0.0,0.0,0.0,,0.0,0.0,0.0,0.0,0.0,0.0,0.0,Assam,Nagaon
assam,nagaon,2021,0.0,0.0,20.0,2.0,15.0,49.0,6.0,0.0,2.0,0.0,0.0,0.0,0.0,0.0,0.0,0.0,0.0,0.0,,0.0,,0.0,0.0,,0.0,0.0,0.0,0.0,0.0,5.0,5.0,Assam,Nagaon
assam,nagaon,2022,0.0,0.0,1.0,0.0,0.0,3.0,0.0,0.0,0.0,0.0,0.0,0.0,0.0,0.0,0.0,0.0,0.0,0.0,0.0,0.0,0.0,0.0,0.0,,0.0,0.0,0.0,0.0,0.0,0.0,0.0,Assam,Nagaon
assam,nalbari,2017,0.0,0.0,0.0,0.0,0.0,0.0,0.0,0.0,18.0,0.0,0.0,0.0,,0.0,0.0,,0.0,,0.0,,0.0,0.0,0.0,0.0,0.0,0.0,0.0,,0.0,0.0,0.0,Assam,Nalbari
assam,nalbari,2018,,0.0,0.0,0.0,0.0,0.0,0.0,0.0,0.0,0.0,0.0,0.0,0.0,0.0,0.0,0.0,,,0.0,,0.0,0.0,0.0,0.0,0.0,0.0,0.0,0.0,0.0,0.0,0.0,Assam,Nalbari
assam,nalbari,2019,0.0,0.0,0.0,0.0,0.0,0.0,,0.0,33.0,0.0,0.0,0.0,0.0,,,0.0,0.0,0.0,0.0,0.0,58.0,24.0,,0.0,,0.0,0.0,0.0,,0.0,82.0,Assam,Nalbari
assam,nalbari,2020,0.0,,0.0,0.0,0.0,0.0,0.0,0.0,0.0,0.0,,0.0,0.0,0.0,0.0,0.0,0.0,0.0,0.0,,0.0,0.0,0.0,0.0,0.0,0.0,0.0,0.0,0.0,0.0,0.0,Assam,Nalbari
assam,nalbari,2021,0.0,0.0,8.0,0.0,8.0,14.0,2.0,0.0,0.0,0.0,0.0,0.0,0.0,2.0,0.0,0.0,0.0,0.0,0.0,0.0,0.0,0.0,0.0,0.0,0.0,0.0,0.0,0.0,0.0,0.0,0.0,Assam,Nalbari
assam,sivasagar,2017,0.0,0.0,0.0,0.0,4.0,,2.0,0.0,8.0,0.0,0.0,0.0,0.0,0.0,0.0,0.0,0.0,0.0,0.0,0.0,0.0,0.0,0.0,0.0,0.0,0.0,0.0,0.0,0.0,0.0,0.0,Assam,Sivasagar
assam,sivasagar,2019,0.0,0.0,,0.0,0.0,9.0,1.0,0.0,0.0,,,0.0,0.0,0.0,0.0,,0.0,0.0,0.0,0.0,0.0,0.0,0.0,0.0,0.0,,0.0,0.0,0.0,0.0,0.0,Assam,Sivasagar
assam,sivasagar,2020,0.0,0.0,,0.0,32.0,0.0,,0.0,0.0,,0.0,,0.0,0.0,0.0,0.0,0.0,0.0,0.0,0.0,0.0,0.0,0.0,0.0,0.0,0.0,,0.0,0.0,0.0,0.0,Assam,Sivasagar
assam,sivasagar,2021,0.0,0.0,0.0,0.0,23.0,20.0,0.0,0.0,0.0,0.0,0.0,0.0,0.0,0.0,,0.0,,,0.0,0.0,0.0,,0.0,0.0,0.0,0.0,0.0,0.0,0.0,,0.0,Assam,Sivasagar
assam,sivasagar,2022,,0.0,3.0,0.0,0.0,4.0,0.0,0.0,0.0,,0.0,0.0,0.0,,0.0,0.0,0.0,0.0,0.0,0.0,0.0,0.0,,0.0,0.0,0.0,0.0,,0.0,,0.0,Assam,Sivasagar
assam,sonitpur,2017,0.0,0.0,0.0,0.0,0.0,39.0,,0.0,0.0,0.0,0.0,0.0,0.0,0.0,0.0,,0.0,0.0,,0.0,0.0,0.0,0.0,0.0,0.0,,0.0,,,0.0,,Assam,Sonitpur
assam,sonitpur,2018,0.0,0.0,0.0,0.0,0.0,0.0,0.0,0.0,56.0,0.0,0.0,0.0,0.0,30.0,0.0,0.0,0.0,0.0,0.0,0.0,0.0,0.0,0.0,,0.0,0.0,0.0,0.0,,0.0,0.0,Assam,Sonitpur
assam,sonitpur,2019,0.0,0.0,0.0,0.0,0.0,0.0,0.0,0.0,0.0,0.0,0.0,0.0,0.0,60.0,0.0,0.0,0.0,0.0,0.0,0.0,0.0,0.0,0.0,0.0,0.0,0.0,0.0,0.0,0.0,0.0,0.0,Assam,Sonitpur
assam,sonitpur,2020,0.0,0.0,0.0,0.0,,0.0,0.0,0.0,0.0,0.0,0.0,0.0,0.0,149.0,0.0,0.0,0.0,0.0,,0.0,0.0,288.0,0.0,,0.0,0.0,0.0,0.0,0.0,0.0,288.0,Assam,Sonitpur
assam,sonitpur,2021,0.0,,0.0,0.0,0.0,0.0,0.0,,234.0,,0.0,0.0,0.0,0.0,0.0,0.0,0.0,0.0,0.0,,0.0,0.0,0.0,0.0,0.0,0.0,,30.0,0.0,0.0,30.0,Assam,Sonitpur
assam,sonitpur,2022,0.0,0.0,0.0,0.0,,22.0,0.0,,,0.0,0.0,0.0,0.0,187.0,0.0,0.0,0.0,,0.0,0.0,0.0,216.0,0.0,0.0,,0.0,0.0,62.0,0.0,0.0,278.0,Assam,Sonitpur
assam,south salmara mancachar,2017,0.0,0.0,0.0,0.0,0.0,0.0,0.0,0.0,0.0,0.0,0.0,0.0,0.0,0.0,0.0,0.0,0.0,0.0,0.0,0.0,0.0,0.0,0.0,0.0,0.0,,0.0,,0.0,0.0,0.0,Assam,South Salmara Mancachar
assam,south salmara mancachar,2018,0.0,0.0,0.0,0.0,0.0,0.0,0.0,0.0,0.0,,,0.0,0.0,,0.0,0.0,,0.0,0.0,0.0,0.0,,0.0,0.0,0.0,0.0,0.0,0.0,0.0,10.0,10.0,Assam,South Salmara Mancachar
assam,south salmara mancachar,2019,0.0,0.0,,0.0,0.0,0.0,0.0,0.0,,0.0,0.0,0.0,0.0,0.0,0.0,,0.0,0.0,0.0,,0.0,0.0,0.0,0.0,0.0,0.0,0.0,0.0,0.0,0.0,0.0,Assam,South Salmara Mancachar
assam,south salmara mancachar,2020,0.0,0.0,0.0,0.0,0.0,0.0,,0.0,0.0,0.0,,0.0,0.0,0.0,,0.0,0.0,0.0,0.0,0.0,0.0,0.0,0.0,0.0,,,0.0,0.0,0.0,6.0,6.0,Assam,South Salmara Mancachar
assam,south salmara mancachar,2021,0.0,0.0,0.0,0.0,0.0,7.0,0.0,0.0,1.0,0.0,0.0,0.0,0.0,1.0,,0.0,0.0,,0.0,0.0,0.0,0.0,0.0,0.0,0.0,0.0,0.0,0.0,0.0,0.0,0.0,Assam,South Salmara Mancachar
assam,south salmara mancachar,2022,0.0,0.0,0.0,0.0,0.0,2.0,0.0,0.0,,0.0,0.0,0.0,0.0,0.0,0.0,0.0,0.0,0.0,0.0,,0.0,0.0,0.0,0.0,0.0,0.0,0.0,0.0,0.0,0.0,0.0,Assam,South Salmara Mancachar
assam,tamulpur,2022,0.0,0.0,0.0,0.0,,0.0,0.0,0.0,0.0,0.0,0.0,0.0,0.0,0.0,0.0,0.0,0.0,0.0,0.0,0.0,0.0,0.0,0.0,0.0,0.0,0.0,0.0,0.0,0.0,0.0,0.0,Assam,Tamulpur
assam,tinsukia,2017,0.0,0.0,0.0,0.0,0.0,0.0,0.0,0.0,10.0,0.0,0.0,0.0,0.0,5.0,0.0,0.0,0.0,0.0,0.0,0.0,0.0,0.0,0.0,0.0,0.0,0.0,0.0,0.0,,13.0,13.0,Assam,Tinsukia
assam,tinsukia,2018,0.0,0.0,0.0,0.0,0.0,0.0,0.0,0.0,0.0,0.0,0.0,0.0,0.0,0.0,0.0,0.0,0.0,0.0,0.0,,0.0,0.0,0.0,0.0,0.0,,0.0,0.0,0.0,0.0,0.0,Assam,Tinsukia
assam,tinsukia,2019,0.0,0.0,25.0,0.0,8.0,16.0,0.0,0.0,0.0,0.0,0.0,0.0,0.0,41.0,0.0,0.0,0.0,0.0,0.0,0.0,,0.0,0.0,0.0,0.0,0.0,0.0,0.0,0.0,0.0,0.0,Assam,Tinsukia
assam,tinsukia,2020,1.0,0.0,15.0,1.0,27.0,35.0,2.0,0.0,56.0,0.0,0.0,0.0,0.0,0.0,0.0,0.0,0.0,0.0,0.0,0.0,0.0,0.0,0.0,0.0,0.0,0.0,0.0,0.0,0.0,0.0,0.0,Assam,Tinsukia
assam,tinsukia,2021,0.0,0.0,18.0,1.0,52.0,0.0,6.0,0.0,59.0,0.0,0.0,0.0,0.0,0.0,0.0,0.0,0.0,0.0,0.0,0.0,0.0,0.0,0.0,0.0,0.0,0.0,0.0,0.0,0.0,0.0,0.0,Assam,Tinsukia
assam,tinsukia,2022,0.0,0.0,0.0,0.0,0.0,0.0,0.0,0.0,38.0,0.0,0.0,0.0,1.0,20.0,0.0,0.0,0.0,0.0,0.0,0.0,0.0,0.0,0.0,0.0,0.0,0.0,0.0,0.0,0.0,0.0,0.0,Assam,Tinsukia
assam,udalguri,2017,0.0,0.0,0.0,0.0,0.0,0.0,0.0,0.0,0.0,0.0,0.0,0.0,0.0,13.0,0.0,0.0,0.0,0.0,0.0,0.0,0.0,0.0,0.0,0.0,0.0,0.0,0.0,0.0,0.0,0.0,0.0,Assam,Udalguri
assam,udalguri,2018,0.0,0.0,0.0,0.0,0.0,0.0,0.0,0.0,0.0,,0.0,0.0,,0.0,0.0,,0.0,0.0,0.0,0.0,0.0,0.0,0.0,0.0,0.0,0.0,0.0,0.0,0.0,0.0,0.0,Assam,Udalguri
assam,udalguri,2019,0.0,0.0,0.0,,,0.0,0.0,0.0,0.0,0.0,0.0,0.0,0.0,0.0,0.0,0.0,0.0,0.0,0.0,0.0,0.0,,,,0.0,0.0,0.0,0.0,22.0,0.0,22.0,Assam,Udalguri
assam,udalguri,2020,0.0,0.0,0.0,0.0,0.0,0.0,0.0,0.0,0.0,0.0,0.0,0.0,0.0,0.0,0.0,0.0,,0.0,0.0,0.0,0.0,,0.0,,0.0,0.0,0.0,0.0,0.0,0.0,0.0,Assam,Udalguri
assam,udalguri,2022,0.0,0.0,0.0,0.0,,0.0,0.0,0.0,0.0,0.0,0.0,0.0,0.0,9.0,0.0,0.0,0.0,0.0,0.0,0.0,0.0,0.0,0.0,0.0,0.0,0.0,0.0,0.0,0.0,0.0,0.0,Assam,Udalguri
assam,west karbi anglong,2017,0.0,0.0,0.0,,0.0,0.0,0.0,0.0,,0.0,0.0,0.0,,0.0,0.0,,0.0,0.0,0.0,0.0,0.0,0.0,0.0,0.0,0.0,0.0,0.0,,0.0,0.0,0.0,Assam,West Karbi Anglong
assam,west karbi anglong,2018,0.0,0.0,0.0,0.0,,0.0,0.0,,0.0,0.0,0.0,0.0,0.0,4.0,0.0,0.0,,0.0,0.0,0.0,0.0,0.0,0.0,0.0,0.0,0.0,0.0,0.0,0.0,0.0,,Assam,West Karbi Anglong
assam,west karbi anglong,2019,0.0,0.0,0.0,0.0,0.0,0.0,0.0,0.0,9.0,0.0,0.0,0.0,0.0,0.0,0.0,0.0,0.0,0.0,,0.0,0.0,0.0,0.0,0.0,0.0,0.0,0.0,0.0,0.0,,0.0,Assam,West Karbi Anglong
assam,west karbi anglong,2020,0.0,0.0,0.0,0.0,0.0,1.0,0.0,0.0,7.0,0.0,,,0.0,0.0,0.0,0.0,0.0,0.0,0.0,,0.0,0.0,0.0,0.0,,0.0,0.0,0.0,0.0,0.0,0.0,Assam,West Karbi Anglong
assam,west karbi anglong,2021,0.0,0.0,0.0,0.0,0.0,0.0,0.0,0.0,0.0,0.0,0.0,0.0,0.0,0.0,0.0,0.0,0.0,0.0,0.0,0.0,0.0,,0.0,0.0,0.0,0.0,0.0,0.0,0.0,0.0,0.0,Assam,West Karbi Anglong
assam,west karbi anglong,2022,0.0,0.0,0.0,,0.0,2.0,2.0,0.0,2.0,0.0,,0.0,0.0,0.0,0.0,0.0,0.0,0.0,0.0,0.0,0.0,,0.0,0.0,0.0,0.0,,0.0,0.0,,0.0,Assam,West Karbi Anglong
bihar,araria,2017,0.0,0.0,0.0,0.0,0.0,0.0,0.0,0.0,0.0,0.0,0.0,0.0,0.0,0.0,0.0,0.0,8.0,7.0,0.0,0.0,0.0,0.0,0.0,0.0,0.0,,0.0,0.0,0.0,0.0,15.0,Bihar,Araria
bihar,araria,2018,0.0,0.0,,0.0,0.0,0.0,0.0,0.0,,0.0,0.0,,0.0,0.0,0.0,0.0,5.0,6.0,0.0,0.0,0.0,0.0,0.0,0.0,0.0,0.0,0.0,,0.0,0.0,11.0,Bihar,Araria
bihar,araria,2019,0.0,0.0,0.0,0.0,0.0,,0.0,0.0,,0.0,0.0,0.0,0.0,0.0,0.0,0.0,0.0,4.0,0.0,0.0,0.0,0.0,0.0,0.0,0.0,0.0,0.0,0.0,0.0,0.0,4.0,Bihar,Araria
bihar,araria,2020,0.0,0.0,,,0.0,0.0,0.0,0.0,0.0,,0.0,0.0,0.0,0.0,0.0,0.0,0.0,11.0,7.0,0.0,21.0,0.0,0.0,0.0,0.0,4.0,0.0,0.0,0.0,0.0,43.0,Bihar,Araria
bihar,araria,2021,0.0,0.0,0.0,0.0,0.0,0.0,0.0,0.0,0.0,0.0,,0.0,0.0,0.0,0.0,0.0,0.0,14.0,7.0,0.0,0.0,0.0,0.0,0.0,0.0,0.0,0.0,0.0,0.0,0.0,,Bihar,Araria
bihar,araria,2022,0.0,0.0,0.0,0.0,0.0,,0.0,,,0.0,0.0,,,0.0,,0.0,0.0,17.0,13.0,0.0,0.0,0.0,0.0,0.0,0.0,,0.0,0.0,0.0,0.0,30.0,Bihar,Araria
bihar,arwal,2017,0.0,,0.0,0.0,0.0,0.0,0.0,0.0,0.0,0.0,0.0,0.0,0.0,0.0,,0.0,0.0,0.0,0.0,0.0,0.0,0.0,0.0,0.0,,0.0,0.0,0.0,0.0,0.0,0.0,Bihar,Arwal
bihar,arwal,2018,0.0,0.0,0.0,0.0,,0.0,0.0,0.0,0.0,0.0,0.0,0.0,0.0,0.0,0.0,0.0,0.0,1.0,0.0,0.0,,0.0,,0.0,0.0,0.0,,0.0,0.0,0.0,1.0,Bihar,Arwal
bihar,arwal,2019,0.0,0.0,0.0,0.0,10.0,0.0,,0.0,0.0,0.0,0.0,,0.0,0.0,0.0,0.0,0.0,0.0,0.0,0.0,,0.0,0.0,0.0,,0.0,0.0,0.0,0.0,0.0,0.0,Bihar,Arwal
bihar,arwal,2020,0.0,0.0,0.0,0.0,0.0,0.0,0.0,0.0,0.0,,,0.0,,0.0,0.0,0.0,10.0,12.0,10.0,0.0,0.0,0.0,0.0,,0.0,,0.0,0.0,0.0,0.0,32.0,Bihar,Arwal
bihar,arwal,2021,0.0,0.0,0.0,0.0,0.0,0.0,0.0,0.0,0.0,,0.0,0.0,,0.0,,0.0,7.0,7.0,12.0,,1.0,0.0,0.0,0.0,0.0,,,0.0,0.0,,,Bihar,Arwal
bihar,arwal,2022,,0.0,0.0,0.0,0.0,0.0,0.0,0.0,0.0,0.0,,0.0,0.0,0.0,0.0,0.0,10.0,11.0,9.0,6.0,0.0,0.0,,0.0,0.0,0.0,0.0,0.0,0.0,0.0,36.0,Bihar,Arwal
bihar,aurangabad,2017,0.0,0.0,0.0,0.0,0.0,,0.0,0.0,0.0,0.0,0.0,,,0.0,0.0,0.0,0.0,0.0,0.0,0.0,0.0,0.0,0.0,0.0,0.0,0.0,0.0,0.0,0.0,0.0,0.0,Bihar,Aurangabad
bihar,aurangabad,2018,0.0,0.0,0.0,0.0,0.0,0.0,0.0,,0.0,0.0,0.0,,0.0,0.0,0.0,0.0,0.0,0.0,0.0,0.0,0.0,0.0,0.0,0.0,0.0,0.0,0.0,0.0,0.0,,,Bihar,Aurangabad
bihar,aurangabad,2019,0.0,0.0,0.0,0.0,0.0,0.0,0.0,,0.0,0.0,0.0,0.0,0.0,0.0,0.0,0.0,5.0,7.0,0.0,0.0,17.0,0.0,0.0,0.0,0.0,0.0,0.0,0.0,0.0,0.0,,Bihar,Aurangabad
bihar,aurangabad,2020,0.0,0.0,0.0,0.0,0.0,0.0,0.0,0.0,0.0,0.0,0.0,0.0,0.0,0.0,0.0,,0.0,10.0,0.0,0.0,0.0,0.0,0.0,0.0,0.0,0.0,0.0,0.0,0.0,0.0,,Bihar,Aurangabad
bihar,aurangabad,2021,0.0,0.0,0.0,0.0,0.0,0.0,0.0,0.0,0.0,0.0,0.0,0.0,0.0,0.0,,0.0,,9.0,,0.0,20.0,0.0,0.0,0.0,0.0,0.0,0.0,0.0,0.0,0.0,29.0,Bihar,Aurangabad
bihar,aurangabad,2022,0.0,0.0,0.0,,0.0,0.0,0.0,0.0,0.0,0.0,0.0,0.0,,0.0,0.0,0.0,0.0,30.0,,0.0,6.0,0.0,0.0,0.0,0.0,0.0,0.0,0.0,0.0,0.0,49.0,Bihar,Aurangabad
bihar,banka,2017,0.0,0.0,0.0,,0.0,0.0,0.0,0.0,0.0,0.0,0.0,0.0,0.0,0.0,0.0,0.0,0.0,0.0,0.0,0.0,0.0,0.0,0.0,0.0,,0.0,0.0,0.0,0.0,0.0,0.0,Bihar,Banka
bihar,banka,2018,0.0,0.0,0.0,0.0,0.0,0.0,0.0,0.0,0.0,0.0,0.0,0.0,,0.0,0.0,0.0,0.0,0.0,0.0,,0.0,0.0,0.0,0.0,0.0,0.0,0.0,0.0,0.0,,,Bihar,Banka
bihar,banka,2019,0.0,0.0,0.0,0.0,0.0,0.0,0.0,0.0,0.0,0.0,0.0,0.0,0.0,0.0,0.0,0.0,0.0,,0.0,0.0,5.0,0.0,0.0,0.0,0.0,,0.0,2.0,0.0,0.0,7.0,Bihar,Banka
bihar,banka,2020,0.0,0.0,2.0,0.0,2.0,2.0,0.0,0.0,2.0,0.0,0.0,,,0.0,0.0,0.0,0.0,0.0,0.0,0.0,0.0,38.0,2.0,0.0,0.0,0.0,0.0,,0.0,0.0,40.0,Bihar,Banka
bihar,banka,2021,0.0,0.0,,0.0,0.0,,,0.0,0.0,0.0,,0.0,0.0,0.0,1.0,0.0,0.0,,0.0,,16.0,,0.0,0.0,0.0,0.0,0.0,0.0,0.0,,17.0,Bihar,Banka
bihar,banka,2022,0.0,0.0,0.0,0.0,,0.0,0.0,0.0,0.0,0.0,0.0,0.0,0.0,0.0,3.0,0.0,0.0,0.0,0.0,0.0,13.0,,0.0,0.0,0.0,0.0,0.0,1.0,0.0,0.0,,Bihar,Banka
bihar,begusarai,2017,0.0,0.0,0.0,0.0,0.0,0.0,0.0,0.0,0.0,,0.0,0.0,0.0,0.0,0.0,,0.0,0.0,0.0,0.0,0.0,0.0,0.0,0.0,0.0,0.0,0.0,0.0,0.0,0.0,0.0,Bihar,Begusarai
bihar,begusarai,2018,0.0,0.0,0.0,0.0,0.0,0.0,0.0,0.0,0.0,0.0,0.0,0.0,0.0,0.0,0.0,0.0,,0.0,,0.0,0.0,0.0,0.0,0.0,,0.0,0.0,0.0,0.0,0.0,,Bihar,Begusarai
bihar,begusarai,2019,0.0,,,,0.0,0.0,0.0,0.0,0.0,0.0,0.0,0.0,,0.0,0.0,0.0,0.0,10.0,0.0,0.0,0.0,,0.0,0.0,0.0,0.0,0.0,0.0,0.0,0.0,10.0,Bihar,Begusarai
bihar,begusarai,2020,0.0,0.0,0.0,0.0,0.0,0.0,0.0,0.0,0.0,0.0,0.0,0.0,,0.0,0.0,0.0,0.0,4.0,15.0,8.0,0.0,0.0,0.0,0.0,0.0,0.0,0.0,0.0,0.0,0.0,27.0,Bihar,Begusarai
bihar,begusarai,2021,0.0,0.0,,0.0,0.0,0.0,0.0,0.0,0.0,0.0,0.0,,0.0,0.0,0.0,,13.0,20.0,0.0,0.0,0.0,0.0,0.0,0.0,0.0,0.0,0.0,0.0,0.0,0.0,33.0,Bihar,Begusarai
bihar,begusarai,2022,0.0,0.0,0.0,,0.0,0.0,0.0,0.0,0.0,0.0,0.0,0.0,0.0,0.0,0.0,0.0,,13.0,,2.0,0.0,0.0,,0.0,0.0,0.0,0.0,0.0,0.0,,,Bihar,Begusarai
bihar,bhagalpur,2017,0.0,0.0,0.0,0.0,0.0,0.0,0.0,0.0,0.0,0.0,0.0,0.0,0.0,0.0,0.0,0.0,0.0,0.0,0.0,,0.0,,0.0,0.0,0.0,0.0,0.0,0.0,0.0,0.0,0.0,Bihar,Bhagalpur
bihar,bhagalpur,2018,0.0,0.0,0.0,0.0,0.0,0.0,0.0,0.0,0.0,0.0,0.0,0.0,0.0,0.0,0.0,0.0,0.0,0.0,0.0,0.0,0.0,0.0,0.0,0.0,0.0,0.0,0.0,0.0,0.0,0.0,0.0,Bihar,Bhagalpur
bihar,bhagalpur,2019,0.0,0.0,0.0,0.0,5.0,2.0,0.0,0.0,0.0,0.0,0.0,0.0,0.0,0.0,0.0,0.0,0.0,90.0,6.0,0.0,59.0,0.0,0.0,0.0,0.0,0.0,0.0,0.0,0.0,0.0,24.0,Bihar,Bhagalpur
bihar,bhagalpur,2020,0.0,0.0,2.0,0.0,1.0,0.0,0.0,0.0,0.0,0.0,0.0,0.0,0.0,0.0,0.0,0.0,0.0,0.0,0.0,0.0,0.0,0.0,0.0,0.0,0.0,0.0,0.0,0.0,0.0,0.0,0.0,Bihar,Bhagalpur
bihar,bhagalpur,2021,0.0,0.0,0.0,0.0,0.0,0.0,0.0,0.0,0.0,0.0,0.0,0.0,0.0,0.0,0.0,0.0,10.0,30.0,0.0,9.0,14.0,0.0,0.0,0.0,0.0,0.0,0.0,0.0,0.0,0.0,63.0,Bihar,Bhagalpur
bihar,bhagalpur,2022,0.0,0.0,0.0,0.0,1.0,0.0,0.0,0.0,0.0,0.0,0.0,0.0,0.0,0.0,6.0,4.0,22.0,24.0,9.0,0.0,7.0,0.0,0.0,0.0,0.0,0.0,0.0,0.0,0.0,1.0,73.0,Bihar,Bhagalpur
bihar,bhojpur,2017,0.0,0.0,0.0,0.0,0.0,0.0,0.0,0.0,0.0,0.0,0.0,0.0,0.0,0.0,0.0,0.0,,0.0,0.0,0.0,0.0,0.0,0.0,0.0,0.0,0.0,0.0,0.0,,,0.0,Bihar,Bhojpur
bihar,bhojpur,2018,0.0,0.0,0.0,0.0,0.0,0.0,0.0,0.0,0.0,0.0,0.0,0.0,,0.0,,0.0,0.0,6.0,0.0,0.0,0.0,0.0,0.0,0.0,0.0,0.0,0.0,0.0,0.0,0.0,6.0,Bihar,Bhojpur
bihar,bhojpur,2019,0.0,0.0,,0.0,0.0,0.0,0.0,0.0,0.0,0.0,0.0,,0.0,0.0,0.0,0.0,,20.0,0.0,0.0,0.0,0.0,0.0,0.0,0.0,0.0,0.0,0.0,0.0,0.0,,Bihar,Bhojpur
bihar,bhojpur,2020,0.0,0.0,0.0,0.0,,0.0,0.0,0.0,0.0,,0.0,0.0,0.0,0.0,0.0,0.0,0.0,22.0,0.0,0.0,0.0,0.0,0.0,2.0,0.0,0.0,0.0,1.0,0.0,0.0,25.0,Bihar,Bhojpur
bihar,bhojpur,2022,,0.0,0.0,0.0,0.0,0.0,0.0,0.0,0.0,,0.0,0.0,0.0,,,0.0,0.0,24.0,,0.0,0.0,0.0,0.0,2.0,0.0,0.0,0.0,1.0,0.0,0.0,,Bihar,Bhojpur
bihar,buxar,2017,0.0,0.0,0.0,0.0,,0.0,0.0,0.0,0.0,0.0,0.0,,0.0,0.0,0.0,,0.0,9.0,,0.0,0.0,0.0,0.0,,0.0,0.0,0.0,0.0,0.0,0.0,9.0,Bihar,Buxar
bihar,buxar,2018,0.0,,0.0,0.0,,0.0,,0.0,0.0,0.0,0.0,0.0,0.0,0.0,0.0,0.0,0.0,0.0,0.0,0.0,0.0,,0.0,0.0,,0.0,0.0,0.0,0.0,0.0,0.0,Bihar,Buxar
bihar,buxar,2019,0.0,,0.0,0.0,0.0,0.0,0.0,0.0,0.0,0.0,0.0,0.0,0.0,0.0,0.0,,,0.0,0.0,0.0,0.0,0.0,0.0,0.0,0.0,0.0,,0.0,0.0,0.0,,Bihar,Buxar
bihar,buxar,2020,0.0,0.0,0.0,0.0,,0.0,0.0,0.0,0.0,0.0,0.0,0.0,0.0,0.0,0.0,0.0,0.0,12.0,10.0,0.0,0.0,0.0,0.0,0.0,0.0,0.0,0.0,0.0,,0.0,22.0,Bihar,Buxar
bihar,buxar,2021,0.0,0.0,0.0,0.0,0.0,0.0,0.0,0.0,0.0,0.0,0.0,0.0,0.0,0.0,,0.0,0.0,4.0,5.0,0.0,0.0,0.0,,0.0,0.0,,0.0,0.0,0.0,0.0,9.0,Bihar,Buxar
bihar,buxar,2022,0.0,0.0,0.0,0.0,0.0,,,0.0,,,0.0,0.0,0.0,0.0,0.0,0.0,0.0,14.0,10.0,0.0,0.0,0.0,0.0,0.0,0.0,0.0,0.0,0.0,0.0,0.0,,Bihar,Buxar
bihar,darbhanga,2017,0.0,,0.0,0.0,0.0,0.0,0.0,0.0,0.0,,0.0,,0.0,0.0,,0.0,0.0,9.0,0.0,0.0,0.0,0.0,0.0,0.0,0.0,0.0,0.0,0.0,0.0,0.0,9.0,Bihar,Darbhanga
bihar,darbhanga,2018,0.0,,0.0,0.0,0.0,0.0,0.0,0.0,0.0,0.0,0.0,0.0,0.0,0.0,0.0,0.0,0.0,9.0,0.0,0.0,0.0,0.0,0.0,0.0,0.0,0.0,0.0,0.0,0.0,0.0,9.0,Bihar,Darbhanga
bihar,darbhanga,2019,,0.0,0.0,0.0,0.0,0.0,0.0,0.0,0.0,0.0,0.0,0.0,0.0,0.0,0.0,0.0,0.0,11.0,0.0,0.0,0.0,0.0,0.0,0.0,0.0,0.0,0.0,0.0,0.0,0.0,11.0,Bihar,Darbhanga
bihar,darbhanga,2020,0.0,,0.0,0.0,0.0,0.0,,0.0,0.0,0.0,0.0,0.0,0.0,0.0,0.0,0.0,10.0,14.0,0.0,0.0,0.0,0.0,0.0,0.0,0.0,0.0,0.0,0.0,0.0,0.0,24.0,Bihar,Darbhanga
bihar,darbhanga,2021,0.0,0.0,0.0,0.0,0.0,0.0,0.0,,0.0,,0.0,0.0,0.0,,0.0,0.0,11.0,19.0,0.0,0.0,0.0,0.0,0.0,0.0,0.0,0.0,0.0,0.0,0.0,0.0,30.0,Bihar,Darbhanga
bihar,darbhanga,2022,0.0,0.0,0.0,0.0,0.0,0.0,,0.0,0.0,0.0,,0.0,0.0,0.0,0.0,0.0,26.0,20.0,0.0,0.0,0.0,0.0,0.0,0.0,5.0,0.0,,0.0,,0.0,51.0,Bihar,Darbhanga
bihar,gaya,2017,0.0,,0.0,0.0,0.0,0.0,0.0,0.0,0.0,0.0,,0.0,,0.0,0.0,0.0,0.0,15.0,0.0,0.0,0.0,0.0,0.0,0.0,0.0,0.0,0.0,0.0,0.0,0.0,15.0,Bihar,Gaya
bihar,gaya,2018,0.0,0.0,0.0,0.0,0.0,0.0,0.0,0.0,0.0,0.0,,0.0,0.0,0.0,0.0,0.0,0.0,2.0,0.0,0.0,,0.0,,0.0,0.0,0.0,0.0,0.0,,0.0,2.0,Bihar,Gaya
bihar,gaya,2019,,0.0,0.0,0.0,0.0,0.0,0.0,0.0,0.0,0.0,0.0,0.0,0.0,0.0,0.0,0.0,0.0,26.0,0.0,0.0,0.0,0.0,0.0,0.0,0.0,0.0,0.0,,0.0,0.0,26.0,Bihar,Gaya
bihar,gaya,2020,,0.0,0.0,0.0,0.0,0.0,0.0,,0.0,0.0,0.0,0.0,0.0,0.0,0.0,0.0,20.0,12.0,0.0,0.0,0.0,0.0,0.0,0.0,0.0,0.0,0.0,0.0,,0.0,32.0,Bihar,Gaya
bihar,gaya,2021,0.0,0.0,,0.0,0.0,0.0,0.0,0.0,0.0,0.0,0.0,0.0,0.0,,0.0,0.0,34.0,15.0,0.0,0.0,0.0,0.0,0.0,0.0,0.0,,0.0,,0.0,,49.0,Bihar,Gaya
bihar,gaya,2022,0.0,0.0,,0.0,0.0,0.0,0.0,0.0,0.0,0.0,0.0,0.0,0.0,0.0,0.0,0.0,126.0,50.0,0.0,,0.0,0.0,,0.0,,,0.0,0.0,,0.0,176.0,Bihar,Gaya
bihar,gopalganj,2017,0.0,0.0,0.0,0.0,0.0,0.0,,0.0,0.0,0.0,0.0,0.0,0.0,0.0,0.0,0.0,0.0,0.0,0.0,5.0,0.0,0.0,0.0,0.0,,0.0,0.0,0.0,0.0,0.0,5.0,Bihar,Gopalganj
bihar,gopalganj,2018,0.0,0.0,0.0,0.0,0.0,0.0,0.0,0.0,,0.0,0.0,0.0,0.0,0.0,0.0,0.0,0.0,11.0,0.0,0.0,,0.0,0.0,0.0,,0.0,0.0,0.0,0.0,0.0,11.0,Bihar,Gopalganj
bihar,gopalganj,2019,0.0,0.0,0.0,,0.0,0.0,0.0,0.0,0.0,0.0,0.0,,0.0,0.0,0.0,0.0,,27.0,0.0,0.0,,0.0,0.0,0.0,0.0,0.0,0.0,0.0,0.0,,,Bihar,Gopalganj
bihar,gopalganj,2020,0.0,0.0,,0.0,0.0,0.0,0.0,0.0,0.0,0.0,0.0,0.0,0.0,0.0,0.0,,0.0,16.0,0.0,0.0,0.0,0.0,0.0,0.0,,0.0,0.0,,,0.0,16.0,Bihar,Gopalganj
bihar,gopalganj,2021,,0.0,0.0,,0.0,0.0,0.0,0.0,0.0,0.0,0.0,0.0,0.0,0.0,,0.0,0.0,17.0,0.0,0.0,0.0,0.0,0.0,0.0,0.0,0.0,,0.0,0.0,0.0,17.0,Bihar,Gopalganj
bihar,gopalganj,2022,0.0,0.0,0.0,0.0,0.0,0.0,0.0,0.0,0.0,0.0,0.0,0.0,0.0,0.0,0.0,0.0,0.0,6.0,0.0,0.0,0.0,0.0,,,0.0,0.0,0.0,0.0,0.0,0.0,6.0,Bihar,Gopalganj
bihar,jamui,2017,,0.0,0.0,,0.0,0.0,0.0,0.0,,0.0,0.0,0.0,0.0,0.0,0.0,0.0,0.0,0.0,0.0,0.0,0.0,0.0,,0.0,0.0,0.0,0.0,0.0,0.0,0.0,0.0,Bihar,Jamui
bihar,jamui,2018,0.0,0.0,0.0,0.0,0.0,0.0,0.0,0.0,0.0,0.0,0.0,,0.0,0.0,0.0,,,0.0,0.0,0.0,,,0.0,0.0,0.0,0.0,0.0,0.0,0.0,0.0,0.0,Bihar,Jamui
bihar,jamui,2019,,0.0,0.0,0.0,0.0,0.0,0.0,0.0,0.0,0.0,0.0,0.0,0.0,0.0,0.0,0.0,0.0,0.0,,0.0,0.0,0.0,0.0,0.0,0.0,0.0,0.0,0.0,0.0,0.0,,Bihar,Jamui
bihar,jamui,2020,0.0,0.0,0.0,0.0,0.0,,0.0,0.0,0.0,0.0,,0.0,0.0,0.0,5.0,0.0,0.0,20.0,,0.0,0.0,0.0,0.0,0.0,0.0,0.0,0.0,0.0,0.0,2.0,48.0,Bihar,Jamui
bihar,jamui,2022,0.0,0.0,0.0,0.0,0.0,0.0,0.0,0.0,0.0,0.0,0.0,0.0,0.0,0.0,0.0,0.0,0.0,20.0,35.0,0.0,0.0,0.0,0.0,0.0,0.0,0.0,0.0,0.0,0.0,,55.0,Bihar,Jamui
bihar,jehanabad,2017,0.0,0.0,0.0,0.0,0.0,0.0,0.0,0.0,,0.0,0.0,0.0,0.0,0.0,2.0,0.0,14.0,11.0,0.0,0.0,0.0,0.0,0.0,0.0,0.0,0.0,0.0,0.0,,0.0,27.0,Bihar,Jehanabad
bihar,jehanabad,2018,0.0,0.0,0.0,0.0,0.0,0.0,0.0,0.0,0.0,0.0,,0.0,0.0,0.0,0.0,0.0,0.0,0.0,0.0,0.0,,0.0,0.0,0.0,0.0,0.0,0.0,0.0,0.0,0.0,0.0,Bihar,Jehanabad
bihar,jehanabad,2019,0.0,0.0,0.0,0.0,0.0,0.0,0.0,0.0,0.0,0.0,0.0,0.0,0.0,0.0,0.0,0.0,2.0,3.0,0.0,0.0,0.0,0.0,,0.0,0.0,,0.0,0.0,0.0,0.0,5.0,Bihar,Jehanabad
bihar,jehanabad,2020,0.0,0.0,0.0,,0.0,1.0,0.0,0.0,0.0,0.0,0.0,0.0,0.0,0.0,0.0,0.0,21.0,20.0,,0.0,0.0,0.0,0.0,0.0,0.0,0.0,0.0,0.0,1.0,2.0,45.0,Bihar,Jehanabad
bihar,jehanabad,2021,,0.0,0.0,0.0,0.0,0.0,0.0,0.0,0.0,0.0,0.0,0.0,0.0,0.0,,0.0,15.0,5.0,0.0,0.0,0.0,0.0,0.0,0.0,0.0,0.0,0.0,0.0,0.0,0.0,20.0,Bihar,Jehanabad
bihar,jehanabad,2022,0.0,0.0,0.0,0.0,0.0,0.0,0.0,0.0,0.0,0.0,0.0,0.0,0.0,,0.0,0.0,11.0,6.0,0.0,,,0.0,0.0,,0.0,0.0,0.0,0.0,0.0,0.0,,Bihar,Jehanabad
bihar,kaimur (bhabua),2017,0.0,0.0,0.0,0.0,0.0,0.0,0.0,,0.0,0.0,0.0,0.0,0.0,0.0,0.0,0.0,0.0,19.0,,,0.0,0.0,0.0,0.0,0.0,0.0,0.0,0.0,,0.0,19.0,Bihar,Kaimur (Bhabua)
bihar,kaimur (bhabua),2018,0.0,0.0,0.0,0.0,0.0,0.0,0.0,,0.0,0.0,,0.0,0.0,0.0,0.0,0.0,0.0,0.0,0.0,0.0,0.0,0.0,0.0,0.0,0.0,0.0,0.0,0.0,0.0,0.0,,Bihar,Kaimur (Bhabua)
bihar,kaimur (bhabua),2019,0.0,0.0,0.0,0.0,0.0,0.0,0.0,0.0,0.0,0.0,0.0,0.0,0.0,,0.0,0.0,0.0,11.0,8.0,13.0,0.0,0.0,0.0,0.0,,0.0,0.0,0.0,0.0,,32.0,Bihar,Kaimur (Bhabua)
bihar,kaimur (bhabua),2020,0.0,0.0,0.0,0.0,0.0,0.0,0.0,,0.0,0.0,0.0,0.0,0.0,0.0,0.0,0.0,0.0,6.0,0.0,0.0,0.0,,0.0,0.0,0.0,0.0,0.0,0.0,0.0,0.0,28.0,Bihar,Kaimur (Bhabua)
bihar,kaimur (bhabua),2021,0.0,0.0,0.0,0.0,0.0,0.0,0.0,0.0,0.0,0.0,0.0,0.0,,,,0.0,0.0,10.0,5.0,0.0,0.0,0.0,0.0,0.0,0.0,,0.0,0.0,,0.0,15.0,Bihar,Kaimur (Bhabua)
bihar,kaimur (bhabua),2022,,0.0,0.0,0.0,,0.0,0.0,0.0,0.0,0.0,0.0,,0.0,0.0,,0.0,0.0,2.0,4.0,0.0,0.0,0.0,0.0,0.0,0.0,0.0,0.0,0.0,0.0,10.0,,Bihar,Kaimur (Bhabua)
bihar,katihar,2017,0.0,0.0,0.0,0.0,0.0,0.0,0.0,0.0,0.0,0.0,0.0,0.0,0.0,0.0,0.0,0.0,31.0,47.0,0.0,0.0,0.0,0.0,0.0,0.0,0.0,0.0,0.0,0.0,0.0,0.0,78.0,Bihar,Katihar
bihar,katihar,2018,0.0,0.0,0.0,0.0,0.0,0.0,0.0,0.0,0.0,0.0,0.0,0.0,0.0,0.0,0.0,0.0,0.0,3.0,0.0,0.0,0.0,0.0,0.0,0.0,0.0,0.0,0.0,0.0,0.0,0.0,3.0,Bihar,Katihar
bihar,katihar,2019,0.0,0.0,0.0,0.0,0.0,0.0,0.0,0.0,0.0,0.0,0.0,0.0,0.0,0.0,0.0,0.0,3.0,0.0,0.0,0.0,67.0,0.0,0.0,0.0,0.0,0.0,0.0,0.0,0.0,0.0,70.0,Bihar,Katihar
bihar,katihar,2020,0.0,,0.0,0.0,0.0,0.0,0.0,0.0,0.0,0.0,,0.0,0.0,0.0,0.0,0.0,0.0,0.0,0.0,0.0,10.0,0.0,0.0,0.0,0.0,0.0,0.0,0.0,0.0,0.0,0.0,Bihar,Katihar
bihar,katihar,2021,0.0,0.0,0.0,0.0,1.0,0.0,0.0,0.0,0.0,0.0,0.0,0.0,0.0,0.0,0.0,0.0,8.0,7.0,0.0,0.0,0.0,0.0,0.0,0.0,0.0,0.0,0.0,0.0,0.0,0.0,15.0,Bihar,Katihar
bihar,katihar,2022,0.0,0.0,0.0,0.0,0.0,0.0,,0.0,0.0,0.0,0.0,0.0,0.0,0.0,0.0,0.0,0.0,2.0,10.0,0.0,0.0,0.0,0.0,0.0,0.0,0.0,0.0,0.0,0.0,0.0,12.0,Bihar,Katihar
bihar,khagaria,2017,0.0,0.0,0.0,0.0,0.0,0.0,0.0,0.0,0.0,0.0,,0.0,0.0,0.0,0.0,0.0,0.0,9.0,,0.0,0.0,0.0,0.0,0.0,0.0,0.0,0.0,0.0,0.0,0.0,9.0,Bihar,Khagaria
bihar,khagaria,2018,0.0,,0.0,0.0,0.0,0.0,0.0,0.0,0.0,0.0,0.0,0.0,0.0,0.0,0.0,0.0,0.0,0.0,0.0,0.0,0.0,0.0,0.0,0.0,0.0,0.0,0.0,0.0,0.0,0.0,0.0,Bihar,Khagaria
bihar,khagaria,2019,,0.0,0.0,0.0,0.0,0.0,0.0,0.0,0.0,0.0,0.0,0.0,0.0,,0.0,0.0,0.0,10.0,,0.0,0.0,,0.0,0.0,0.0,0.0,0.0,0.0,0.0,0.0,10.0,Bihar,Khagaria
bihar,khagaria,2020,0.0,0.0,0.0,0.0,1.0,0.0,0.0,0.0,1.0,0.0,0.0,0.0,0.0,0.0,0.0,0.0,0.0,0.0,0.0,0.0,0.0,0.0,0.0,0.0,0.0,0.0,0.0,0.0,0.0,0.0,0.0,Bihar,Khagaria
bihar,khagaria,2021,0.0,0.0,,,0.0,0.0,0.0,0.0,0.0,0.0,0.0,0.0,0.0,0.0,,0.0,0.0,4.0,,,0.0,0.0,0.0,,0.0,0.0,0.0,0.0,0.0,0.0,4.0,Bihar,Khagaria
bihar,khagaria,2022,0.0,0.0,0.0,0.0,0.0,0.0,0.0,0.0,0.0,0.0,0.0,0.0,0.0,0.0,0.0,0.0,15.0,18.0,0.0,0.0,,0.0,0.0,0.0,0.0,0.0,0.0,0.0,0.0,0.0,33.0,Bihar,Khagaria
bihar,kishanganj,2017,0.0,0.0,0.0,0.0,,0.0,0.0,0.0,0.0,0.0,0.0,0.0,0.0,0.0,0.0,0.0,0.0,0.0,0.0,0.0,0.0,0.0,0.0,0.0,0.0,,0.0,0.0,0.0,0.0,0.0,Bihar,Kishanganj
bihar,kishanganj,2018,,0.0,0.0,0.0,0.0,0.0,0.0,0.0,0.0,0.0,0.0,0.0,0.0,0.0,0.0,0.0,0.0,0.0,1.0,,0.0,0.0,0.0,0.0,0.0,0.0,0.0,0.0,0.0,0.0,1.0,Bihar,Kishanganj
bihar,kishanganj,2019,0.0,0.0,0.0,0.0,0.0,0.0,,0.0,2.0,0.0,0.0,0.0,0.0,0.0,0.0,0.0,0.0,1.0,0.0,0.0,,0.0,0.0,0.0,0.0,0.0,0.0,1.0,0.0,0.0,2.0,Bihar,Kishanganj
bihar,kishanganj,2020,0.0,0.0,0.0,,0.0,0.0,0.0,0.0,0.0,0.0,0.0,0.0,,0.0,,0.0,0.0,4.0,0.0,0.0,0.0,0.0,0.0,0.0,0.0,0.0,0.0,0.0,0.0,8.0,12.0,Bihar,Kishanganj
bihar,kishanganj,2021,0.0,0.0,0.0,0.0,,0.0,0.0,0.0,0.0,0.0,0.0,0.0,0.0,0.0,0.0,0.0,0.0,5.0,0.0,0.0,0.0,1.0,,0.0,0.0,0.0,0.0,0.0,0.0,5.0,,Bihar,Kishanganj
bihar,kishanganj,2022,0.0,0.0,0.0,0.0,0.0,0.0,0.0,0.0,0.0,0.0,,,0.0,,3.0,0.0,2.0,2.0,6.0,0.0,0.0,0.0,0.0,0.0,0.0,0.0,0.0,0.0,1.0,,18.0,Bihar,Kishanganj
bihar,lakhisarai,2017,,0.0,0.0,0.0,0.0,0.0,0.0,0.0,0.0,0.0,0.0,0.0,0.0,0.0,0.0,0.0,0.0,0.0,0.0,0.0,0.0,0.0,0.0,0.0,0.0,0.0,0.0,0.0,0.0,0.0,0.0,Bihar,Lakhisarai
bihar,lakhisarai,2018,0.0,0.0,0.0,0.0,0.0,0.0,,,0.0,0.0,0.0,0.0,0.0,0.0,,,0.0,,0.0,0.0,0.0,0.0,0.0,0.0,0.0,0.0,0.0,0.0,0.0,0.0,0.0,Bihar,Lakhisarai
bihar,lakhisarai,2019,0.0,0.0,0.0,0.0,0.0,0.0,0.0,0.0,0.0,0.0,,0.0,,0.0,0.0,0.0,0.0,16.0,0.0,0.0,0.0,0.0,0.0,0.0,0.0,0.0,0.0,0.0,0.0,0.0,16.0,Bihar,Lakhisarai
bihar,lakhisarai,2020,0.0,0.0,0.0,0.0,0.0,0.0,0.0,0.0,0.0,0.0,0.0,0.0,0.0,0.0,0.0,0.0,0.0,21.0,0.0,,0.0,0.0,0.0,0.0,0.0,0.0,0.0,0.0,0.0,0.0,21.0,Bihar,Lakhisarai
bihar,lakhisarai,2021,0.0,0.0,0.0,0.0,0.0,1.0,1.0,0.0,,,0.0,0.0,0.0,0.0,1.0,0.0,0.0,0.0,1.0,0.0,0.0,0.0,0.0,0.0,0.0,0.0,0.0,1.0,1.0,3.0,,Bihar,Lakhisarai
bihar,lakhisarai,2022,0.0,0.0,0.0,0.0,0.0,1.0,,0.0,0.0,0.0,0.0,0.0,0.0,0.0,0.0,0.0,7.0,0.0,1.0,,0.0,0.0,0.0,0.0,0.0,0.0,0.0,,0.0,1.0,13.0,Bihar,Lakhisarai
bihar,maadhubani,2017,0.0,0.0,0.0,0.0,0.0,0.0,0.0,0.0,0.0,0.0,0.0,0.0,0.0,0.0,0.0,0.0,,29.0,0.0,0.0,0.0,0.0,0.0,,0.0,0.0,0.0,0.0,0.0,0.0,29.0,Bihar,Maadhubani
bihar,madhepura,2017,0.0,0.0,,0.0,0.0,0.0,0.0,0.0,0.0,0.0,0.0,0.0,0.0,0.0,0.0,,0.0,0.0,0.0,0.0,0.0,0.0,0.0,0.0,0.0,0.0,0.0,0.0,,0.0,,Bihar,Madhepura
bihar,madhepura,2018,0.0,0.0,0.0,0.0,0.0,0.0,0.0,0.0,0.0,0.0,,0.0,0.0,0.0,0.0,0.0,0.0,0.0,0.0,0.0,,0.0,0.0,0.0,0.0,0.0,0.0,0.0,0.0,0.0,0.0,Bihar,Madhepura
bihar,madhepura,2019,0.0,0.0,0.0,0.0,0.0,0.0,0.0,0.0,0.0,,0.0,0.0,0.0,0.0,0.0,0.0,8.0,16.0,3.0,0.0,0.0,0.0,0.0,0.0,0.0,0.0,0.0,0.0,0.0,0.0,,Bihar,Madhepura
bihar,madhepura,2020,0.0,0.0,0.0,0.0,,0.0,0.0,0.0,0.0,0.0,0.0,,0.0,0.0,0.0,0.0,0.0,4.0,,0.0,0.0,0.0,0.0,0.0,0.0,0.0,0.0,0.0,4.0,11.0,19.0,Bihar,Madhepura
bihar,madhepura,2021,0.0,0.0,0.0,0.0,0.0,0.0,0.0,0.0,0.0,,0.0,0.0,0.0,0.0,0.0,0.0,0.0,0.0,3.0,0.0,2.0,0.0,0.0,0.0,3.0,0.0,0.0,0.0,2.0,0.0,10.0,Bihar,Madhepura
bihar,madhepura,2022,0.0,0.0,0.0,0.0,0.0,0.0,0.0,0.0,0.0,0.0,0.0,0.0,,0.0,0.0,0.0,0.0,,1.0,0.0,7.0,0.0,0.0,0.0,0.0,,0.0,0.0,0.0,0.0,9.0,Bihar,Madhepura
bihar,madhubani,2018,0.0,0.0,0.0,0.0,0.0,0.0,0.0,0.0,0.0,0.0,0.0,0.0,0.0,0.0,,0.0,0.0,0.0,0.0,0.0,0.0,0.0,0.0,0.0,0.0,0.0,0.0,0.0,0.0,0.0,0.0,Bihar,Madhubani
bihar,madhubani,2019,0.0,0.0,0.0,0.0,0.0,0.0,0.0,0.0,0.0,0.0,0.0,0.0,0.0,,,0.0,,26.0,,7.0,0.0,0.0,0.0,0.0,0.0,0.0,0.0,0.0,0.0,0.0,44.0,Bihar,Madhubani
bihar,madhubani,2020,0.0,0.0,0.0,0.0,0.0,0.0,0.0,,0.0,0.0,0.0,0.0,0.0,0.0,0.0,0.0,3.0,,0.0,0.0,0.0,0.0,0.0,0.0,0.0,,0.0,0.0,,0.0,,Bihar,Madhubani
bihar,madhubani,2021,0.0,0.0,0.0,0.0,0.0,0.0,0.0,0.0,,0.0,0.0,0.0,,0.0,0.0,0.0,7.0,5.0,0.0,0.0,0.0,0.0,0.0,0.0,0.0,0.0,0.0,0.0,0.0,,,Bihar,Madhubani
bihar,madhubani,2022,0.0,0.0,0.0,0.0,0.0,0.0,0.0,0.0,0.0,0.0,0.0,0.0,0.0,0.0,0.0,0.0,6.0,11.0,0.0,0.0,0.0,0.0,0.0,,0.0,0.0,0.0,0.0,0.0,0.0,17.0,Bihar,Madhubani
bihar,munger,2017,0.0,0.0,,0.0,0.0,0.0,0.0,0.0,0.0,0.0,0.0,0.0,0.0,0.0,0.0,0.0,0.0,0.0,0.0,0.0,0.0,0.0,0.0,0.0,0.0,0.0,0.0,0.0,0.0,0.0,0.0,Bihar,Munger
bihar,munger,2018,0.0,0.0,0.0,0.0,2.0,0.0,0.0,0.0,0.0,0.0,0.0,0.0,0.0,0.0,2.0,1.0,0.0,6.0,4.0,0.0,4.0,6.0,0.0,0.0,1.0,0.0,0.0,3.0,0.0,0.0,27.0,Bihar,Munger
bihar,munger,2019,0.0,0.0,0.0,0.0,0.0,0.0,0.0,0.0,0.0,0.0,0.0,0.0,0.0,0.0,0.0,0.0,0.0,5.0,0.0,0.0,0.0,0.0,0.0,0.0,0.0,0.0,0.0,0.0,0.0,0.0,0.0,Bihar,Munger
bihar,munger,2020,0.0,0.0,0.0,0.0,0.0,0.0,0.0,0.0,0.0,0.0,0.0,0.0,0.0,0.0,0.0,0.0,0.0,42.0,0.0,0.0,0.0,0.0,0.0,0.0,0.0,0.0,0.0,0.0,0.0,0.0,42.0,Bihar,Munger
bihar,munger,2021,0.0,0.0,0.0,0.0,0.0,0.0,0.0,0.0,0.0,0.0,0.0,0.0,0.0,0.0,1.0,0.0,1.0,5.0,2.0,0.0,1.0,0.0,0.0,0.0,0.0,0.0,0.0,0.0,0.0,0.0,13.0,Bihar,Munger
bihar,munger,2022,0.0,0.0,0.0,0.0,0.0,0.0,0.0,0.0,0.0,0.0,0.0,0.0,0.0,0.0,6.0,0.0,0.0,0.0,0.0,0.0,0.0,4.0,0.0,0.0,0.0,0.0,0.0,4.0,0.0,0.0,14.0,Bihar,Munger
bihar,muzaffarpur,2017,0.0,0.0,0.0,0.0,0.0,0.0,0.0,0.0,0.0,0.0,0.0,0.0,0.0,,0.0,0.0,0.0,0.0,0.0,0.0,0.0,0.0,0.0,0.0,0.0,0.0,0.0,0.0,0.0,0.0,0.0,Bihar,Muzaffarpur
bihar,muzaffarpur,2018,0.0,0.0,0.0,0.0,0.0,0.0,0.0,0.0,0.0,0.0,0.0,0.0,0.0,0.0,0.0,,0.0,32.0,1.0,0.0,0.0,0.0,0.0,0.0,0.0,0.0,0.0,0.0,0.0,0.0,33.0,Bihar,Muzaffarpur
bihar,muzaffarpur,2019,0.0,0.0,0.0,0.0,0.0,0.0,0.0,0.0,0.0,0.0,0.0,0.0,0.0,0.0,0.0,0.0,0.0,8.0,0.0,0.0,0.0,0.0,0.0,0.0,0.0,0.0,0.0,0.0,0.0,0.0,8.0,Bihar,Muzaffarpur
bihar,muzaffarpur,2020,0.0,0.0,0.0,0.0,0.0,0.0,0.0,0.0,0.0,0.0,0.0,0.0,0.0,0.0,0.0,0.0,0.0,11.0,0.0,0.0,0.0,0.0,0.0,0.0,0.0,0.0,0.0,0.0,0.0,0.0,1.0,Bihar,Muzaffarpur
bihar,muzaffarpur,2021,0.0,0.0,0.0,0.0,0.0,0.0,0.0,0.0,0.0,0.0,0.0,0.0,0.0,0.0,0.0,0.0,0.0,27.0,0.0,0.0,0.0,0.0,0.0,0.0,0.0,0.0,0.0,0.0,0.0,0.0,0.0,Bihar,Muzaffarpur
bihar,muzaffarpur,2022,0.0,0.0,0.0,0.0,0.0,0.0,0.0,0.0,0.0,0.0,0.0,0.0,0.0,0.0,0.0,0.0,0.0,55.0,0.0,1.0,0.0,0.0,0.0,0.0,0.0,0.0,0.0,0.0,0.0,0.0,56.0,Bihar,Muzaffarpur
bihar,nalanda,2017,0.0,0.0,0.0,0.0,0.0,,0.0,0.0,0.0,0.0,0.0,0.0,0.0,0.0,0.0,0.0,0.0,2.0,0.0,0.0,0.0,0.0,,0.0,0.0,0.0,,0.0,0.0,0.0,2.0,Bihar,Nalanda
bihar,nalanda,2018,,0.0,,0.0,0.0,,0.0,0.0,0.0,0.0,0.0,0.0,0.0,0.0,0.0,0.0,0.0,6.0,0.0,0.0,0.0,,0.0,0.0,0.0,,0.0,0.0,0.0,0.0,6.0,Bihar,Nalanda
bihar,nalanda,2019,0.0,,0.0,0.0,0.0,0.0,0.0,0.0,0.0,0.0,0.0,0.0,0.0,0.0,0.0,0.0,0.0,10.0,0.0,0.0,0.0,0.0,0.0,0.0,0.0,0.0,0.0,0.0,0.0,0.0,10.0,Bihar,Nalanda
bihar,nalanda,2020,,0.0,0.0,0.0,0.0,0.0,0.0,0.0,0.0,0.0,0.0,0.0,0.0,0.0,,0.0,0.0,27.0,,0.0,0.0,0.0,0.0,0.0,0.0,0.0,0.0,0.0,0.0,0.0,27.0,Bihar,Nalanda
bihar,nalanda,2021,0.0,,,0.0,0.0,0.0,0.0,0.0,,0.0,,0.0,0.0,0.0,0.0,0.0,0.0,37.0,0.0,0.0,0.0,0.0,,0.0,0.0,0.0,0.0,0.0,0.0,0.0,37.0,Bihar,Nalanda
bihar,nalanda,2022,0.0,0.0,0.0,0.0,0.0,0.0,0.0,0.0,0.0,0.0,0.0,0.0,0.0,0.0,0.0,0.0,76.0,13.0,0.0,0.0,,0.0,0.0,0.0,0.0,0.0,0.0,0.0,0.0,,89.0,Bihar,Nalanda
bihar,nawada,2017,0.0,0.0,0.0,0.0,,0.0,0.0,,0.0,0.0,0.0,0.0,0.0,0.0,,0.0,0.0,0.0,0.0,0.0,0.0,,,0.0,0.0,0.0,0.0,,0.0,0.0,0.0,Bihar,Nawada
bihar,nawada,2018,0.0,0.0,0.0,0.0,0.0,0.0,,0.0,0.0,0.0,0.0,0.0,0.0,0.0,0.0,0.0,0.0,,,0.0,0.0,0.0,0.0,0.0,0.0,0.0,0.0,0.0,0.0,0.0,6.0,Bihar,Nawada
bihar,nawada,2019,,0.0,0.0,0.0,0.0,0.0,0.0,0.0,,0.0,0.0,0.0,0.0,0.0,0.0,0.0,0.0,38.0,0.0,0.0,0.0,0.0,0.0,0.0,0.0,0.0,0.0,0.0,0.0,0.0,38.0,Bihar,Nawada
bihar,nawada,2020,0.0,0.0,,0.0,0.0,0.0,0.0,0.0,0.0,0.0,,0.0,0.0,,0.0,0.0,0.0,29.0,13.0,0.0,0.0,0.0,0.0,0.0,,0.0,,0.0,0.0,0.0,,Bihar,Nawada
bihar,nawada,2021,0.0,0.0,0.0,0.0,0.0,0.0,0.0,0.0,0.0,0.0,0.0,0.0,0.0,0.0,0.0,0.0,7.0,12.0,0.0,0.0,,0.0,0.0,,0.0,0.0,0.0,0.0,0.0,0.0,19.0,Bihar,Nawada
bihar,nawada,2022,0.0,0.0,,,,0.0,0.0,0.0,0.0,0.0,0.0,0.0,0.0,0.0,0.0,0.0,12.0,,0.0,0.0,0.0,0.0,0.0,0.0,,0.0,0.0,0.0,0.0,0.0,37.0,Bihar,Nawada
bihar,paatna,2019,,0.0,0.0,,0.0,0.0,0.0,0.0,0.0,0.0,0.0,0.0,0.0,0.0,0.0,0.0,0.0,0.0,0.0,0.0,0.0,0.0,0.0,,0.0,0.0,0.0,0.0,0.0,0.0,0.0,Bihar,Paatna
bihar,pashchim champaran,2017,0.0,0.0,0.0,0.0,0.0,0.0,0.0,0.0,0.0,0.0,0.0,0.0,0.0,0.0,0.0,0.0,0.0,10.0,0.0,0.0,0.0,0.0,0.0,0.0,0.0,0.0,0.0,0.0,0.0,0.0,10.0,Bihar,Pashchim Champaran
bihar,pashchim champaran,2018,0.0,0.0,0.0,0.0,0.0,0.0,0.0,0.0,0.0,0.0,0.0,0.0,0.0,0.0,0.0,0.0,0.0,0.0,0.0,0.0,0.0,0.0,0.0,0.0,0.0,0.0,0.0,0.0,0.0,0.0,23.0,Bihar,Pashchim Champaran
bihar,pashchim champaran,2019,0.0,0.0,0.0,0.0,0.0,0.0,0.0,0.0,1.0,0.0,0.0,0.0,0.0,0.0,0.0,0.0,0.0,27.0,0.0,0.0,0.0,0.0,0.0,0.0,0.0,0.0,0.0,0.0,0.0,0.0,27.0,Bihar,Pashchim Champaran
bihar,pashchim champaran,2020,0.0,0.0,0.0,0.0,0.0,1.0,0.0,0.0,0.0,0.0,0.0,0.0,0.0,0.0,2.0,0.0,0.0,,0.0,,0.0,2.0,0.0,0.0,0.0,0.0,0.0,0.0,0.0,0.0,4.0,Bihar,Pashchim Champaran
bihar,pashchim champaran,2021,0.0,0.0,0.0,0.0,0.0,0.0,0.0,0.0,0.0,0.0,0.0,0.0,0.0,0.0,0.0,0.0,,22.0,0.0,0.0,0.0,0.0,0.0,0.0,0.0,0.0,0.0,0.0,0.0,0.0,52.0,Bihar,Pashchim Champaran
bihar,pashchim champaran,2022,0.0,0.0,0.0,0.0,0.0,5.0,0.0,,0.0,0.0,0.0,0.0,0.0,0.0,0.0,0.0,23.0,36.0,0.0,0.0,0.0,0.0,0.0,0.0,0.0,0.0,0.0,0.0,0.0,0.0,59.0,Bihar,Pashchim Champaran
bihar,patna,2017,0.0,0.0,0.0,0.0,0.0,0.0,0.0,0.0,0.0,0.0,0.0,0.0,0.0,0.0,0.0,0.0,0.0,85.0,2.0,0.0,0.0,0.0,0.0,0.0,0.0,0.0,0.0,0.0,0.0,0.0,87.0,Bihar,Patna
bihar,patna,2018,0.0,0.0,0.0,0.0,0.0,0.0,0.0,0.0,0.0,0.0,0.0,0.0,0.0,0.0,0.0,0.0,0.0,119.0,0.0,0.0,0.0,0.0,0.0,0.0,0.0,0.0,0.0,0.0,0.0,0.0,119.0,Bihar,Patna
bihar,patna,2019,0.0,0.0,0.0,0.0,0.0,0.0,0.0,0.0,0.0,0.0,0.0,0.0,0.0,0.0,0.0,0.0,0.0,,0.0,0.0,0.0,0.0,0.0,0.0,0.0,0.0,0.0,0.0,0.0,0.0,238.0,Bihar,Patna
bihar,patna,2020,0.0,0.0,0.0,0.0,0.0,0.0,0.0,0.0,0.0,0.0,0.0,0.0,0.0,0.0,0.0,0.0,334.0,132.0,0.0,0.0,0.0,0.0,0.0,0.0,0.0,0.0,0.0,0.0,0.0,0.0,466.0,Bihar,Patna
bihar,patna,2021,0.0,0.0,0.0,0.0,0.0,0.0,0.0,0.0,0.0,0.0,0.0,0.0,0.0,0.0,0.0,0.0,159.0,271.0,0.0,11.0,0.0,0.0,0.0,0.0,0.0,0.0,0.0,0.0,0.0,0.0,441.0,Bihar,Patna
bihar,patna,2022,0.0,0.0,0.0,0.0,0.0,0.0,0.0,0.0,0.0,0.0,0.0,0.0,0.0,0.0,0.0,0.0,213.0,132.0,1.0,1.0,2.0,8.0,1.0,0.0,1.0,0.0,0.0,1.0,1.0,1.0,345.0,Bihar,Patna
bihar,purbi champaran,2017,0.0,0.0,,0.0,0.0,0.0,0.0,0.0,0.0,0.0,0.0,0.0,0.0,0.0,,0.0,,0.0,0.0,0.0,0.0,0.0,0.0,,0.0,0.0,0.0,0.0,0.0,0.0,,Bihar,Purbi Champaran
bihar,purbi champaran,2018,0.0,0.0,0.0,0.0,0.0,0.0,,0.0,0.0,0.0,0.0,0.0,0.0,0.0,0.0,0.0,0.0,1.0,0.0,0.0,0.0,0.0,0.0,0.0,0.0,,0.0,0.0,0.0,0.0,1.0,Bihar,Purbi Champaran
bihar,purbi champaran,2019,0.0,0.0,,0.0,0.0,0.0,0.0,0.0,0.0,0.0,0.0,0.0,0.0,0.0,0.0,0.0,0.0,6.0,2.0,0.0,,0.0,0.0,0.0,0.0,0.0,0.0,0.0,0.0,0.0,8.0,Bihar,Purbi Champaran
bihar,purbi champaran,2020,0.0,0.0,0.0,0.0,0.0,0.0,0.0,0.0,,0.0,0.0,0.0,0.0,0.0,,0.0,6.0,12.0,0.0,0.0,0.0,0.0,12.0,0.0,0.0,0.0,0.0,0.0,0.0,0.0,,Bihar,Purbi Champaran
bihar,purbi champaran,2022,0.0,0.0,0.0,0.0,0.0,0.0,,0.0,,0.0,0.0,0.0,0.0,0.0,0.0,0.0,12.0,35.0,0.0,0.0,0.0,0.0,0.0,0.0,0.0,0.0,0.0,0.0,0.0,0.0,47.0,Bihar,Purbi Champaran
bihar,purnia,2017,,,,0.0,0.0,0.0,0.0,0.0,0.0,0.0,,0.0,0.0,0.0,0.0,0.0,0.0,0.0,0.0,0.0,0.0,0.0,0.0,0.0,0.0,0.0,0.0,0.0,0.0,0.0,0.0,Bihar,Purnia
bihar,purnia,2018,0.0,0.0,,,0.0,0.0,0.0,0.0,0.0,,0.0,0.0,0.0,0.0,0.0,0.0,0.0,8.0,0.0,0.0,0.0,0.0,,0.0,0.0,0.0,0.0,0.0,0.0,0.0,8.0,Bihar,Purnia
bihar,purnia,2019,0.0,0.0,0.0,0.0,0.0,,,0.0,,0.0,0.0,0.0,0.0,,0.0,0.0,0.0,0.0,0.0,0.0,,0.0,0.0,0.0,0.0,0.0,0.0,,0.0,0.0,0.0,Bihar,Purnia
bihar,purnia,2020,0.0,0.0,,0.0,0.0,0.0,,0.0,0.0,0.0,0.0,0.0,0.0,0.0,0.0,0.0,0.0,0.0,0.0,,0.0,0.0,0.0,0.0,0.0,0.0,0.0,0.0,0.0,0.0,0.0,Bihar,Purnia
bihar,purnia,2022,,0.0,0.0,0.0,0.0,0.0,0.0,,0.0,0.0,0.0,0.0,0.0,0.0,,0.0,0.0,0.0,0.0,,0.0,0.0,0.0,0.0,0.0,0.0,0.0,0.0,0.0,,0.0,Bihar,Purnia
bihar,rohtas,2017,,0.0,,,0.0,0.0,0.0,0.0,0.0,0.0,0.0,0.0,0.0,,0.0,0.0,32.0,,0.0,0.0,0.0,0.0,0.0,,0.0,0.0,0.0,,0.0,0.0,66.0,Bihar,Rohtas
bihar,rohtas,2018,0.0,,0.0,0.0,0.0,0.0,0.0,,0.0,,0.0,0.0,0.0,0.0,0.0,0.0,0.0,0.0,0.0,0.0,0.0,0.0,0.0,0.0,0.0,0.0,0.0,0.0,0.0,0.0,0.0,Bihar,Rohtas
bihar,rohtas,2019,0.0,0.0,0.0,0.0,0.0,0.0,0.0,0.0,0.0,,0.0,0.0,0.0,0.0,,0.0,0.0,5.0,0.0,0.0,,0.0,0.0,0.0,0.0,0.0,0.0,0.0,0.0,0.0,5.0,Bihar,Rohtas
bihar,rohtas,2020,0.0,0.0,0.0,0.0,0.0,0.0,0.0,0.0,0.0,0.0,0.0,0.0,0.0,,,0.0,8.0,10.0,25.0,0.0,0.0,0.0,0.0,0.0,,0.0,0.0,0.0,0.0,0.0,43.0,Bihar,Rohtas
bihar,rohtas,2021,0.0,0.0,0.0,0.0,0.0,0.0,0.0,,,0.0,0.0,0.0,0.0,0.0,0.0,0.0,10.0,9.0,0.0,0.0,0.0,9.0,0.0,0.0,0.0,,,0.0,0.0,0.0,28.0,Bihar,Rohtas
bihar,rohtas,2022,0.0,0.0,0.0,0.0,0.0,0.0,0.0,0.0,0.0,0.0,0.0,,0.0,0.0,0.0,0.0,9.0,0.0,5.0,0.0,0.0,0.0,,,0.0,0.0,0.0,0.0,0.0,0.0,14.0,Bihar,Rohtas
bihar,saharsa,2017,0.0,0.0,0.0,0.0,0.0,0.0,0.0,0.0,0.0,0.0,0.0,0.0,0.0,0.0,0.0,0.0,0.0,0.0,0.0,0.0,0.0,0.0,0.0,0.0,,0.0,0.0,0.0,0.0,0.0,0.0,Bihar,Saharsa
bihar,saharsa,2018,0.0,0.0,0.0,0.0,0.0,0.0,0.0,0.0,0.0,,,0.0,0.0,0.0,0.0,0.0,0.0,0.0,0.0,0.0,0.0,0.0,0.0,0.0,0.0,,0.0,0.0,0.0,0.0,0.0,Bihar,Saharsa
bihar,saharsa,2019,0.0,0.0,,,,0.0,0.0,0.0,0.0,0.0,0.0,0.0,0.0,0.0,0.0,0.0,0.0,5.0,,0.0,0.0,0.0,0.0,,0.0,0.0,0.0,0.0,0.0,0.0,5.0,Bihar,Saharsa
bihar,saharsa,2020,0.0,,,,0.0,0.0,0.0,,15.0,0.0,,0.0,0.0,0.0,0.0,0.0,0.0,0.0,0.0,,,,0.0,0.0,0.0,0.0,0.0,0.0,0.0,0.0,,Bihar,Saharsa
bihar,saharsa,2021,0.0,0.0,0.0,0.0,0.0,0.0,0.0,0.0,0.0,0.0,0.0,0.0,0.0,0.0,0.0,0.0,,14.0,0.0,0.0,0.0,0.0,0.0,0.0,0.0,0.0,0.0,0.0,0.0,0.0,14.0,Bihar,Saharsa
bihar,saharsa,2022,0.0,0.0,0.0,0.0,,0.0,0.0,0.0,24.0,0.0,0.0,0.0,0.0,0.0,0.0,,0.0,0.0,0.0,0.0,0.0,0.0,0.0,0.0,,0.0,0.0,,0.0,0.0,,Bihar,Saharsa
bihar,samastipur,2018,0.0,0.0,0.0,0.0,0.0,0.0,0.0,0.0,0.0,0.0,0.0,0.0,0.0,0.0,,0.0,0.0,23.0,0.0,0.0,0.0,0.0,0.0,0.0,0.0,,0.0,0.0,0.0,0.0,23.0,Bihar,Samastipur
bihar,samastipur,2019,0.0,0.0,0.0,0.0,0.0,0.0,0.0,,0.0,0.0,0.0,0.0,,,0.0,0.0,0.0,15.0,0.0,0.0,0.0,0.0,0.0,0.0,0.0,0.0,0.0,0.0,0.0,0.0,15.0,Bihar,Samastipur
bihar,samastipur,2020,0.0,0.0,0.0,0.0,,0.0,0.0,0.0,0.0,0.0,,0.0,0.0,0.0,0.0,0.0,0.0,16.0,0.0,0.0,,0.0,0.0,0.0,0.0,,0.0,0.0,0.0,,31.0,Bihar,Samastipur
bihar,samastipur,2021,0.0,0.0,0.0,,0.0,0.0,0.0,0.0,0.0,0.0,,0.0,0.0,0.0,0.0,0.0,0.0,23.0,0.0,0.0,0.0,,0.0,,,0.0,0.0,0.0,0.0,0.0,23.0,Bihar,Samastipur
bihar,samastipur,2022,,0.0,0.0,0.0,0.0,0.0,0.0,0.0,0.0,0.0,0.0,0.0,0.0,,0.0,0.0,20.0,22.0,,0.0,28.0,,0.0,0.0,,0.0,0.0,0.0,0.0,0.0,81.0,Bihar,Samastipur
bihar,saran,2017,,,0.0,0.0,0.0,0.0,,0.0,0.0,0.0,0.0,0.0,0.0,0.0,,0.0,11.0,0.0,0.0,0.0,0.0,0.0,0.0,0.0,0.0,0.0,0.0,0.0,0.0,0.0,11.0,Bihar,Saran
bihar,saran,2018,0.0,0.0,0.0,0.0,0.0,0.0,,0.0,0.0,0.0,0.0,,0.0,0.0,0.0,0.0,0.0,19.0,0.0,0.0,0.0,0.0,0.0,0.0,0.0,0.0,0.0,0.0,0.0,0.0,19.0,Bihar,Saran
bihar,saran,2019,0.0,0.0,,0.0,0.0,0.0,0.0,0.0,0.0,0.0,0.0,0.0,0.0,0.0,0.0,0.0,0.0,31.0,0.0,0.0,0.0,0.0,0.0,0.0,0.0,,0.0,0.0,0.0,,31.0,Bihar,Saran
bihar,saran,2020,0.0,0.0,0.0,0.0,,0.0,0.0,0.0,0.0,0.0,0.0,0.0,0.0,0.0,0.0,0.0,76.0,14.0,0.0,0.0,0.0,0.0,0.0,0.0,0.0,0.0,0.0,0.0,0.0,0.0,90.0,Bihar,Saran
bihar,saran,2021,0.0,,0.0,0.0,0.0,0.0,0.0,0.0,,0.0,0.0,0.0,0.0,0.0,0.0,0.0,21.0,30.0,0.0,0.0,0.0,0.0,0.0,0.0,0.0,0.0,,0.0,0.0,0.0,51.0,Bihar,Saran
bihar,saran,2022,0.0,0.0,0.0,0.0,0.0,0.0,0.0,0.0,0.0,0.0,0.0,0.0,0.0,0.0,0.0,0.0,12.0,25.0,0.0,0.0,,0.0,,0.0,,0.0,0.0,0.0,0.0,0.0,37.0,Bihar,Saran
bihar,sheikhpura,2017,0.0,,0.0,,0.0,0.0,0.0,0.0,0.0,0.0,0.0,0.0,0.0,0.0,0.0,0.0,0.0,0.0,0.0,0.0,0.0,0.0,0.0,0.0,0.0,0.0,0.0,0.0,0.0,0.0,0.0,Bihar,Sheikhpura
bihar,sheikhpura,2018,0.0,,0.0,0.0,0.0,0.0,0.0,0.0,0.0,0.0,0.0,0.0,0.0,0.0,0.0,0.0,0.0,0.0,0.0,0.0,0.0,0.0,0.0,0.0,0.0,0.0,0.0,0.0,0.0,0.0,0.0,Bihar,Sheikhpura
bihar,sheikhpura,2020,,0.0,0.0,0.0,0.0,0.0,0.0,0.0,,0.0,0.0,,0.0,0.0,4.0,0.0,0.0,0.0,0.0,,0.0,0.0,0.0,0.0,,0.0,0.0,0.0,0.0,0.0,4.0,Bihar,Sheikhpura
bihar,sheikhpura,2021,0.0,0.0,0.0,0.0,,0.0,0.0,0.0,0.0,0.0,,0.0,0.0,0.0,0.0,0.0,0.0,0.0,,0.0,2.0,0.0,0.0,,0.0,0.0,0.0,0.0,0.0,0.0,2.0,Bihar,Sheikhpura
bihar,sheikhpura,2022,0.0,0.0,0.0,0.0,0.0,0.0,0.0,0.0,,0.0,0.0,0.0,0.0,0.0,0.0,0.0,0.0,,0.0,0.0,,5.0,0.0,0.0,0.0,0.0,0.0,0.0,0.0,0.0,5.0,Bihar,Sheikhpura
bihar,sheohar,2017,0.0,0.0,0.0,,0.0,0.0,0.0,0.0,0.0,0.0,0.0,0.0,0.0,0.0,0.0,0.0,0.0,0.0,0.0,,0.0,0.0,,,0.0,0.0,0.0,0.0,0.0,0.0,0.0,Bihar,Sheohar
bihar,sheohar,2018,0.0,0.0,0.0,,0.0,0.0,0.0,0.0,0.0,,,0.0,0.0,0.0,0.0,0.0,,4.0,0.0,0.0,0.0,0.0,0.0,0.0,,0.0,0.0,,0.0,0.0,4.0,Bihar,Sheohar
bihar,sheohar,2019,0.0,0.0,0.0,0.0,0.0,0.0,0.0,0.0,0.0,0.0,0.0,0.0,0.0,0.0,0.0,0.0,0.0,0.0,0.0,,0.0,,0.0,0.0,0.0,0.0,0.0,0.0,0.0,0.0,7.0,Bihar,Sheohar
bihar,sheohar,2020,0.0,0.0,0.0,0.0,0.0,1.0,0.0,0.0,0.0,0.0,0.0,0.0,0.0,0.0,0.0,0.0,5.0,3.0,,0.0,0.0,0.0,0.0,0.0,0.0,0.0,0.0,0.0,,0.0,,Bihar,Sheohar
bihar,sheohar,2021,0.0,,,0.0,0.0,0.0,0.0,0.0,0.0,0.0,0.0,0.0,0.0,0.0,0.0,0.0,,,0.0,0.0,0.0,0.0,0.0,0.0,0.0,0.0,0.0,0.0,0.0,0.0,,Bihar,Sheohar
bihar,sheohar,2022,0.0,0.0,0.0,0.0,0.0,0.0,0.0,0.0,,0.0,0.0,0.0,0.0,0.0,0.0,0.0,0.0,0.0,0.0,0.0,0.0,0.0,0.0,0.0,0.0,0.0,0.0,0.0,0.0,6.0,6.0,Bihar,Sheohar
bihar,sitamarhi,2017,0.0,0.0,0.0,,,0.0,0.0,,0.0,0.0,0.0,0.0,0.0,0.0,0.0,0.0,0.0,0.0,0.0,0.0,0.0,0.0,0.0,0.0,0.0,0.0,0.0,,0.0,0.0,0.0,Bihar,Sitamarhi
bihar,sitamarhi,2018,0.0,0.0,0.0,,0.0,0.0,0.0,0.0,0.0,0.0,0.0,0.0,0.0,0.0,0.0,0.0,0.0,40.0,7.0,0.0,0.0,0.0,0.0,0.0,0.0,0.0,0.0,0.0,,0.0,47.0,Bihar,Sitamarhi
bihar,sitamarhi,2019,0.0,0.0,0.0,0.0,0.0,0.0,0.0,0.0,0.0,0.0,0.0,0.0,0.0,,0.0,0.0,0.0,97.0,0.0,0.0,0.0,0.0,0.0,0.0,0.0,,0.0,,0.0,0.0,97.0,Bihar,Sitamarhi
bihar,sitamarhi,2021,0.0,0.0,0.0,,0.0,0.0,0.0,0.0,0.0,0.0,0.0,0.0,0.0,0.0,0.0,0.0,11.0,15.0,,0.0,0.0,0.0,,0.0,0.0,0.0,0.0,0.0,0.0,0.0,31.0,Bihar,Sitamarhi
bihar,sitamarhi,2022,0.0,0.0,0.0,0.0,0.0,0.0,0.0,0.0,0.0,0.0,0.0,0.0,0.0,0.0,0.0,0.0,23.0,21.0,0.0,0.0,,0.0,,0.0,0.0,0.0,0.0,0.0,0.0,0.0,44.0,Bihar,Sitamarhi
bihar,siwan,2017,0.0,0.0,0.0,0.0,0.0,0.0,0.0,0.0,0.0,0.0,0.0,0.0,0.0,0.0,0.0,0.0,,9.0,0.0,0.0,0.0,0.0,0.0,0.0,0.0,0.0,,0.0,0.0,0.0,9.0,Bihar,Siwan
bihar,siwan,2018,0.0,0.0,0.0,0.0,0.0,,0.0,0.0,,0.0,0.0,0.0,0.0,0.0,0.0,,0.0,0.0,0.0,0.0,,0.0,0.0,0.0,0.0,0.0,0.0,0.0,0.0,0.0,0.0,Bihar,Siwan
bihar,siwan,2019,0.0,0.0,0.0,0.0,0.0,0.0,,0.0,0.0,0.0,0.0,0.0,0.0,0.0,,0.0,0.0,0.0,0.0,0.0,0.0,0.0,0.0,0.0,,0.0,0.0,0.0,0.0,0.0,0.0,Bihar,Siwan
bihar,siwan,2020,0.0,0.0,0.0,0.0,0.0,3.0,0.0,0.0,0.0,0.0,0.0,0.0,0.0,0.0,0.0,0.0,0.0,0.0,0.0,0.0,0.0,0.0,0.0,0.0,0.0,0.0,0.0,0.0,,,,Bihar,Siwan
bihar,siwan,2021,0.0,0.0,0.0,0.0,0.0,0.0,0.0,,0.0,0.0,0.0,0.0,0.0,0.0,0.0,0.0,0.0,20.0,0.0,,0.0,0.0,0.0,0.0,0.0,,0.0,0.0,0.0,,20.0,Bihar,Siwan
bihar,siwan,2022,0.0,0.0,0.0,0.0,0.0,,2.0,0.0,0.0,0.0,0.0,0.0,0.0,0.0,0.0,,0.0,0.0,0.0,0.0,0.0,0.0,0.0,0.0,0.0,,0.0,0.0,0.0,9.0,9.0,Bihar,Siwan
bihar,supaul,2018,0.0,0.0,0.0,0.0,0.0,0.0,0.0,0.0,,0.0,0.0,0.0,0.0,0.0,0.0,0.0,0.0,0.0,,0.0,0.0,0.0,,0.0,0.0,0.0,0.0,0.0,0.0,,,Bihar,Supaul
bihar,supaul,2019,,0.0,0.0,0.0,0.0,0.0,0.0,0.0,0.0,0.0,0.0,0.0,0.0,0.0,0.0,0.0,0.0,,0.0,0.0,0.0,,0.0,0.0,0.0,0.0,0.0,0.0,0.0,0.0,24.0,Bihar,Supaul
bihar,supaul,2020,0.0,0.0,0.0,0.0,0.0,0.0,0.0,0.0,0.0,,0.0,0.0,0.0,0.0,0.0,0.0,0.0,15.0,0.0,0.0,0.0,0.0,0.0,0.0,0.0,0.0,0.0,0.0,0.0,,15.0,Bihar,Supaul
bihar,supaul,2021,0.0,,0.0,0.0,0.0,0.0,,0.0,,0.0,0.0,,0.0,0.0,0.0,0.0,0.0,12.0,0.0,0.0,0.0,0.0,0.0,0.0,0.0,0.0,0.0,0.0,,0.0,12.0,Bihar,Supaul
bihar,supaul,2022,0.0,0.0,0.0,0.0,,0.0,0.0,,0.0,0.0,,,0.0,,0.0,0.0,0.0,8.0,0.0,0.0,0.0,0.0,0.0,0.0,,0.0,0.0,0.0,0.0,0.0,8.0,Bihar,Supaul
bihar,vaishali,2017,0.0,0.0,0.0,,0.0,0.0,,0.0,0.0,0.0,0.0,0.0,0.0,0.0,0.0,0.0,0.0,0.0,0.0,0.0,,0.0,0.0,,0.0,0.0,0.0,0.0,0.0,0.0,,Bihar,Vaishali
bihar,vaishali,2019,0.0,0.0,0.0,0.0,0.0,0.0,0.0,0.0,0.0,0.0,0.0,,0.0,0.0,0.0,,0.0,5.0,0.0,0.0,0.0,0.0,0.0,0.0,0.0,0.0,,0.0,,0.0,5.0,Bihar,Vaishali
bihar,vaishali,2020,0.0,0.0,0.0,0.0,0.0,0.0,0.0,,0.0,0.0,,0.0,0.0,0.0,0.0,0.0,0.0,84.0,0.0,0.0,0.0,0.0,0.0,0.0,,0.0,0.0,0.0,0.0,0.0,84.0,Bihar,Vaishali
bihar,vaishali,2022,0.0,0.0,0.0,0.0,0.0,0.0,0.0,0.0,0.0,0.0,0.0,0.0,0.0,,,0.0,0.0,20.0,26.0,0.0,0.0,0.0,0.0,,20.0,0.0,,0.0,0.0,,66.0,Bihar,Vaishali
chandigarh,chaandigarh,2022,0.0,0.0,1.0,0.0,5.0,3.0,0.0,2.0,0.0,0.0,,0.0,0.0,,2.0,,,0.0,0.0,0.0,2.0,,0.0,0.0,0.0,,0.0,0.0,0.0,4.0,10.0,Chandigarh,Chaandigarh
chandigarh,chandigarh,2017,,,1.0,0.0,2.0,,0.0,0.0,0.0,0.0,0.0,0.0,0.0,0.0,2.0,0.0,0.0,0.0,4.0,0.0,2.0,4.0,0.0,0.0,,0.0,0.0,1.0,0.0,2.0,15.0,Chandigarh,Chandigarh
chandigarh,chandigarh,2018,0.0,0.0,1.0,0.0,0.0,0.0,0.0,0.0,0.0,,0.0,0.0,0.0,0.0,,1.0,0.0,1.0,1.0,0.0,0.0,,0.0,0.0,0.0,0.0,0.0,0.0,0.0,1.0,29.0,Chandigarh,Chandigarh
chandigarh,chandigarh,2019,0.0,,1.0,0.0,2.0,1.0,0.0,0.0,0.0,0.0,0.0,0.0,0.0,0.0,1.0,0.0,0.0,0.0,0.0,0.0,,9.0,0.0,0.0,0.0,0.0,0.0,0.0,0.0,6.0,16.0,Chandigarh,Chandigarh
chandigarh,chandigarh,2020,0.0,0.0,,0.0,1.0,0.0,0.0,0.0,0.0,0.0,0.0,0.0,,0.0,1.0,,0.0,0.0,0.0,0.0,0.0,7.0,0.0,0.0,0.0,0.0,0.0,1.0,0.0,,,Chandigarh,Chandigarh
chandigarh,chandigarh,2021,,0.0,,0.0,,1.0,0.0,0.0,0.0,0.0,0.0,0.0,0.0,0.0,1.0,0.0,0.0,0.0,0.0,0.0,0.0,2.0,0.0,0.0,0.0,0.0,0.0,0.0,,,11.0,Chandigarh,Chandigarh
chhattisgarh,balod,2017,0.0,,0.0,0.0,1.0,0.0,0.0,0.0,0.0,0.0,0.0,0.0,0.0,0.0,1.0,0.0,0.0,,13.0,7.0,,0.0,,1.0,0.0,0.0,0.0,0.0,0.0,1.0,25.0,Chhattisgarh,Balod
chhattisgarh,balod,2018,0.0,0.0,0.0,0.0,0.0,0.0,0.0,0.0,0.0,0.0,0.0,0.0,0.0,0.0,,0.0,0.0,0.0,4.0,0.0,0.0,0.0,0.0,0.0,0.0,,0.0,0.0,,1.0,5.0,Chhattisgarh,Balod
chhattisgarh,balod,2019,0.0,0.0,0.0,0.0,0.0,0.0,0.0,0.0,0.0,,,0.0,0.0,0.0,,0.0,0.0,0.0,0.0,1.0,,1.0,0.0,0.0,0.0,0.0,0.0,0.0,0.0,4.0,7.0,Chhattisgarh,Balod
chhattisgarh,balod,2021,0.0,0.0,0.0,0.0,1.0,,,0.0,0.0,0.0,0.0,0.0,,0.0,0.0,,0.0,0.0,1.0,1.0,5.0,0.0,0.0,0.0,0.0,0.0,0.0,0.0,0.0,,7.0,Chhattisgarh,Balod
chhattisgarh,balod,2022,,0.0,0.0,0.0,0.0,,0.0,,0.0,0.0,0.0,0.0,0.0,0.0,1.0,0.0,0.0,0.0,0.0,1.0,,0.0,,0.0,0.0,0.0,0.0,,0.0,9.0,12.0,Chhattisgarh,Balod
chhattisgarh,balodabazar-bhatapara,2017,0.0,0.0,,0.0,0.0,,0.0,0.0,0.0,0.0,0.0,0.0,,0.0,0.0,0.0,0.0,0.0,0.0,0.0,0.0,0.0,0.0,0.0,0.0,0.0,0.0,0.0,0.0,0.0,0.0,Chhattisgarh,Balodabazar-Bhatapara
chhattisgarh,balodabazar-bhatapara,2018,0.0,0.0,0.0,0.0,0.0,1.0,0.0,0.0,0.0,0.0,0.0,0.0,0.0,0.0,0.0,,0.0,,0.0,0.0,0.0,0.0,0.0,0.0,0.0,0.0,0.0,0.0,0.0,0.0,0.0,Chhattisgarh,Balodabazar-Bhatapara
chhattisgarh,balodabazar-bhatapara,2019,0.0,0.0,0.0,0.0,0.0,0.0,0.0,0.0,3.0,0.0,0.0,0.0,0.0,0.0,0.0,0.0,0.0,0.0,0.0,0.0,0.0,0.0,0.0,0.0,0.0,0.0,0.0,0.0,0.0,0.0,0.0,Chhattisgarh,Balodabazar-Bhatapara
chhattisgarh,balodabazar-bhatapara,2020,0.0,0.0,0.0,,0.0,0.0,0.0,0.0,0.0,,0.0,,0.0,0.0,0.0,0.0,0.0,0.0,0.0,0.0,0.0,0.0,0.0,0.0,0.0,0.0,0.0,0.0,0.0,0.0,0.0,Chhattisgarh,Balodabazar-Bhatapara
chhattisgarh,balodabazar-bhatapara,2021,0.0,0.0,0.0,,0.0,0.0,0.0,0.0,1.0,0.0,0.0,0.0,0.0,11.0,0.0,0.0,0.0,0.0,0.0,0.0,0.0,0.0,0.0,0.0,0.0,0.0,0.0,0.0,0.0,0.0,0.0,Chhattisgarh,Balodabazar-Bhatapara
chhattisgarh,balodabazar-bhatapara,2022,0.0,0.0,0.0,0.0,2.0,1.0,0.0,,0.0,0.0,0.0,0.0,0.0,0.0,0.0,0.0,0.0,0.0,0.0,0.0,0.0,0.0,0.0,,0.0,0.0,0.0,0.0,0.0,0.0,0.0,Chhattisgarh,Balodabazar-Bhatapara
chhattisgarh,balrampur ramanujganj,2017,0.0,0.0,0.0,0.0,0.0,0.0,0.0,0.0,0.0,0.0,0.0,0.0,0.0,0.0,0.0,0.0,0.0,0.0,0.0,0.0,0.0,0.0,0.0,0.0,0.0,0.0,0.0,0.0,0.0,0.0,,Chhattisgarh,Balrampur Ramanujganj
chhattisgarh,balrampur ramanujganj,2018,0.0,0.0,0.0,0.0,0.0,0.0,0.0,0.0,0.0,0.0,0.0,0.0,0.0,0.0,0.0,0.0,0.0,0.0,0.0,0.0,0.0,0.0,0.0,0.0,0.0,0.0,0.0,0.0,0.0,0.0,0.0,Chhattisgarh,Balrampur Ramanujganj
chhattisgarh,balrampur ramanujganj,2019,,0.0,0.0,,0.0,0.0,0.0,0.0,0.0,0.0,0.0,0.0,0.0,0.0,0.0,0.0,,0.0,0.0,0.0,0.0,0.0,,0.0,0.0,0.0,0.0,0.0,0.0,0.0,0.0,Chhattisgarh,Balrampur Ramanujganj
chhattisgarh,balrampur ramanujganj,2020,0.0,0.0,0.0,0.0,0.0,0.0,,0.0,0.0,0.0,0.0,0.0,0.0,0.0,0.0,0.0,0.0,0.0,0.0,0.0,0.0,0.0,,,0.0,0.0,0.0,0.0,0.0,0.0,0.0,Chhattisgarh,Balrampur Ramanujganj
chhattisgarh,balrampur ramanujganj,2021,0.0,0.0,0.0,0.0,0.0,0.0,0.0,0.0,0.0,0.0,0.0,0.0,0.0,0.0,0.0,,0.0,0.0,0.0,0.0,2.0,0.0,0.0,0.0,,,0.0,0.0,1.0,0.0,3.0,Chhattisgarh,Balrampur Ramanujganj
chhattisgarh,balrampur ramanujganj,2022,,0.0,,0.0,0.0,0.0,0.0,0.0,0.0,0.0,0.0,0.0,0.0,0.0,0.0,0.0,0.0,0.0,0.0,0.0,,0.0,0.0,,0.0,0.0,0.0,0.0,0.0,0.0,0.0,Chhattisgarh,Balrampur Ramanujganj
chhattisgarh,bastar,2017,0.0,0.0,,0.0,0.0,0.0,0.0,0.0,0.0,0.0,0.0,0.0,0.0,0.0,0.0,0.0,0.0,0.0,0.0,0.0,0.0,0.0,0.0,,0.0,0.0,0.0,0.0,0.0,0.0,,Chhattisgarh,Bastar
chhattisgarh,bastar,2018,0.0,0.0,0.0,0.0,,0.0,0.0,0.0,0.0,0.0,0.0,0.0,0.0,0.0,0.0,,0.0,0.0,0.0,0.0,,,0.0,0.0,0.0,0.0,0.0,0.0,0.0,0.0,0.0,Chhattisgarh,Bastar
chhattisgarh,bastar,2019,0.0,0.0,0.0,0.0,0.0,0.0,0.0,0.0,0.0,0.0,0.0,0.0,0.0,,,0.0,0.0,0.0,0.0,1.0,15.0,0.0,0.0,,0.0,0.0,0.0,,0.0,,27.0,Chhattisgarh,Bastar
chhattisgarh,bastar,2020,0.0,,0.0,,0.0,,0.0,0.0,0.0,0.0,0.0,0.0,0.0,0.0,0.0,0.0,1.0,0.0,8.0,,2.0,0.0,0.0,0.0,0.0,0.0,0.0,0.0,0.0,10.0,21.0,Chhattisgarh,Bastar
chhattisgarh,bastar,2021,0.0,0.0,0.0,0.0,0.0,0.0,,,0.0,,0.0,0.0,0.0,7.0,0.0,0.0,1.0,1.0,0.0,1.0,14.0,0.0,0.0,0.0,0.0,0.0,0.0,,0.0,0.0,,Chhattisgarh,Bastar
chhattisgarh,bastar,2022,0.0,0.0,,0.0,0.0,0.0,,0.0,0.0,0.0,,0.0,0.0,,0.0,0.0,1.0,2.0,23.0,0.0,0.0,0.0,0.0,0.0,0.0,0.0,0.0,0.0,0.0,0.0,26.0,Chhattisgarh,Bastar
chhattisgarh,bemetaara,2021,0.0,,0.0,0.0,,,0.0,,0.0,0.0,0.0,0.0,0.0,0.0,0.0,0.0,0.0,0.0,1.0,0.0,0.0,2.0,0.0,0.0,,0.0,,,0.0,9.0,12.0,Chhattisgarh,Bemetaara
chhattisgarh,bemetara,2017,0.0,0.0,0.0,,,0.0,0.0,,4.0,,0.0,0.0,,0.0,0.0,0.0,0.0,0.0,0.0,,0.0,0.0,0.0,0.0,0.0,0.0,0.0,0.0,0.0,,0.0,Chhattisgarh,Bemetara
chhattisgarh,bemetara,2018,0.0,0.0,0.0,0.0,0.0,0.0,0.0,,0.0,0.0,0.0,,0.0,0.0,0.0,0.0,0.0,0.0,3.0,0.0,0.0,0.0,0.0,0.0,0.0,0.0,0.0,0.0,0.0,1.0,4.0,Chhattisgarh,Bemetara
chhattisgarh,bemetara,2019,,0.0,0.0,0.0,0.0,2.0,0.0,0.0,,0.0,0.0,0.0,0.0,0.0,0.0,,0.0,0.0,0.0,0.0,0.0,0.0,0.0,0.0,0.0,0.0,0.0,0.0,0.0,0.0,0.0,Chhattisgarh,Bemetara
chhattisgarh,bemetara,2020,0.0,0.0,0.0,1.0,1.0,0.0,0.0,0.0,0.0,0.0,0.0,,0.0,1.0,0.0,,,0.0,5.0,0.0,,0.0,0.0,0.0,1.0,0.0,0.0,0.0,0.0,0.0,6.0,Chhattisgarh,Bemetara
chhattisgarh,bemetara,2022,0.0,0.0,0.0,0.0,0.0,3.0,0.0,0.0,0.0,0.0,0.0,0.0,0.0,,0.0,0.0,0.0,0.0,1.0,0.0,0.0,,0.0,0.0,0.0,0.0,0.0,0.0,0.0,1.0,,Chhattisgarh,Bemetara
chhattisgarh,bijapur,2018,0.0,0.0,0.0,0.0,0.0,0.0,0.0,,0.0,,0.0,0.0,0.0,0.0,0.0,0.0,,0.0,0.0,0.0,,0.0,0.0,0.0,0.0,,0.0,0.0,0.0,0.0,0.0,Chhattisgarh,Bijapur
chhattisgarh,bijapur,2019,,0.0,0.0,0.0,0.0,1.0,0.0,0.0,0.0,0.0,0.0,0.0,0.0,,,0.0,0.0,0.0,0.0,0.0,0.0,0.0,0.0,,0.0,,0.0,0.0,0.0,,0.0,Chhattisgarh,Bijapur
chhattisgarh,bijapur,2020,0.0,0.0,0.0,0.0,0.0,0.0,0.0,,0.0,0.0,0.0,0.0,0.0,0.0,,,0.0,0.0,0.0,0.0,0.0,0.0,0.0,0.0,0.0,,0.0,0.0,0.0,0.0,0.0,Chhattisgarh,Bijapur
chhattisgarh,bijapur,2021,0.0,,0.0,1.0,0.0,0.0,,0.0,0.0,0.0,0.0,0.0,0.0,0.0,0.0,0.0,0.0,,0.0,0.0,0.0,0.0,0.0,0.0,,0.0,,,0.0,0.0,0.0,Chhattisgarh,Bijapur
chhattisgarh,bijapur,2022,0.0,0.0,0.0,0.0,,0.0,0.0,0.0,0.0,0.0,0.0,,0.0,0.0,0.0,0.0,0.0,0.0,0.0,,0.0,0.0,0.0,0.0,0.0,0.0,0.0,0.0,0.0,0.0,0.0,Chhattisgarh,Bijapur
chhattisgarh,bilaspur,2017,,0.0,0.0,4.0,0.0,0.0,0.0,0.0,0.0,0.0,0.0,0.0,0.0,19.0,0.0,0.0,0.0,0.0,0.0,0.0,0.0,0.0,,0.0,,0.0,0.0,0.0,0.0,0.0,0.0,Chhattisgarh,Bilaspur
chhattisgarh,bilaspur,2018,0.0,0.0,,0.0,0.0,0.0,0.0,0.0,0.0,0.0,0.0,0.0,0.0,0.0,0.0,0.0,,,0.0,0.0,0.0,,0.0,0.0,0.0,0.0,0.0,0.0,0.0,0.0,0.0,Chhattisgarh,Bilaspur
chhattisgarh,bilaspur,2019,0.0,0.0,,0.0,0.0,,0.0,0.0,0.0,0.0,0.0,0.0,0.0,0.0,0.0,0.0,0.0,,0.0,0.0,0.0,,0.0,,,0.0,0.0,,0.0,0.0,0.0,Chhattisgarh,Bilaspur
chhattisgarh,bilaspur,2020,0.0,0.0,,0.0,0.0,0.0,0.0,0.0,0.0,0.0,0.0,0.0,0.0,0.0,0.0,0.0,0.0,,,0.0,0.0,,0.0,0.0,0.0,0.0,0.0,0.0,,0.0,0.0,Chhattisgarh,Bilaspur
chhattisgarh,bilaspur,2021,,0.0,0.0,,0.0,0.0,0.0,0.0,0.0,0.0,,0.0,0.0,0.0,0.0,0.0,,0.0,0.0,0.0,0.0,0.0,,0.0,0.0,0.0,0.0,0.0,0.0,0.0,,Chhattisgarh,Bilaspur
chhattisgarh,bilaspur,2022,0.0,,0.0,5.0,0.0,0.0,0.0,,0.0,0.0,0.0,0.0,0.0,0.0,0.0,0.0,0.0,0.0,0.0,0.0,0.0,0.0,0.0,0.0,0.0,0.0,,0.0,0.0,0.0,0.0,Chhattisgarh,Bilaspur
chhattisgarh,dakshin bastar dantewada,2017,0.0,0.0,,0.0,0.0,0.0,0.0,0.0,0.0,0.0,0.0,0.0,0.0,0.0,0.0,0.0,0.0,0.0,0.0,0.0,0.0,3.0,0.0,0.0,0.0,0.0,,0.0,0.0,3.0,,Chhattisgarh,Dakshin Bastar Dantewada
chhattisgarh,dakshin bastar dantewada,2018,0.0,0.0,0.0,0.0,0.0,1.0,0.0,0.0,0.0,,0.0,,0.0,,0.0,0.0,0.0,,0.0,0.0,0.0,2.0,0.0,0.0,0.0,0.0,,1.0,0.0,1.0,4.0,Chhattisgarh,Dakshin Bastar Dantewada
chhattisgarh,dakshin bastar dantewada,2019,0.0,0.0,0.0,0.0,,,0.0,0.0,0.0,0.0,0.0,0.0,0.0,0.0,0.0,0.0,0.0,0.0,0.0,0.0,0.0,1.0,0.0,0.0,0.0,0.0,0.0,1.0,0.0,0.0,2.0,Chhattisgarh,Dakshin Bastar Dantewada
chhattisgarh,dakshin bastar dantewada,2020,0.0,,0.0,0.0,0.0,0.0,0.0,0.0,0.0,0.0,0.0,0.0,,0.0,1.0,0.0,2.0,0.0,1.0,4.0,0.0,0.0,0.0,0.0,0.0,0.0,0.0,,0.0,4.0,12.0,Chhattisgarh,Dakshin Bastar Dantewada
chhattisgarh,dakshin bastar dantewada,2021,0.0,0.0,0.0,0.0,0.0,12.0,0.0,0.0,0.0,,0.0,0.0,0.0,0.0,,0.0,0.0,0.0,,0.0,0.0,0.0,0.0,0.0,0.0,0.0,,0.0,0.0,0.0,0.0,Chhattisgarh,Dakshin Bastar Dantewada
chhattisgarh,dakshin bastar dantewada,2022,0.0,0.0,0.0,0.0,0.0,0.0,,0.0,,0.0,0.0,0.0,0.0,,1.0,0.0,1.0,0.0,0.0,3.0,0.0,6.0,0.0,0.0,0.0,0.0,0.0,0.0,0.0,5.0,16.0,Chhattisgarh,Dakshin Bastar Dantewada
chhattisgarh,dhamtari,2017,0.0,0.0,0.0,0.0,0.0,0.0,0.0,0.0,,0.0,0.0,,0.0,,1.0,0.0,0.0,0.0,0.0,0.0,0.0,9.0,0.0,0.0,0.0,0.0,0.0,1.0,0.0,4.0,15.0,Chhattisgarh,Dhamtari
chhattisgarh,dhamtari,2018,0.0,0.0,0.0,0.0,1.0,0.0,0.0,0.0,0.0,0.0,0.0,0.0,0.0,0.0,1.0,0.0,0.0,1.0,5.0,0.0,0.0,2.0,,0.0,0.0,0.0,0.0,,1.0,2.0,12.0,Chhattisgarh,Dhamtari
chhattisgarh,dhamtari,2019,0.0,,0.0,0.0,0.0,0.0,0.0,0.0,0.0,0.0,0.0,0.0,,0.0,1.0,0.0,0.0,,2.0,0.0,0.0,4.0,0.0,0.0,0.0,0.0,0.0,1.0,,5.0,17.0,Chhattisgarh,Dhamtari
chhattisgarh,dhamtari,2020,0.0,0.0,,0.0,1.0,0.0,0.0,0.0,0.0,0.0,0.0,0.0,,0.0,0.0,0.0,0.0,0.0,8.0,0.0,0.0,1.0,0.0,0.0,0.0,0.0,0.0,0.0,1.0,11.0,21.0,Chhattisgarh,Dhamtari
chhattisgarh,dhamtari,2021,0.0,0.0,0.0,0.0,0.0,0.0,0.0,,0.0,0.0,0.0,0.0,0.0,0.0,1.0,0.0,0.0,0.0,2.0,0.0,0.0,0.0,0.0,0.0,0.0,0.0,0.0,0.0,0.0,9.0,12.0,Chhattisgarh,Dhamtari
chhattisgarh,dhamtari,2022,0.0,0.0,0.0,0.0,1.0,0.0,0.0,0.0,0.0,0.0,0.0,0.0,0.0,0.0,0.0,,0.0,0.0,4.0,0.0,0.0,0.0,0.0,0.0,0.0,0.0,,0.0,0.0,6.0,10.0,Chhattisgarh,Dhamtari
chhattisgarh,durg,2017,0.0,0.0,0.0,0.0,0.0,0.0,0.0,0.0,0.0,0.0,0.0,0.0,0.0,0.0,0.0,0.0,0.0,,0.0,0.0,,0.0,0.0,0.0,,0.0,,,0.0,,0.0,Chhattisgarh,Durg
chhattisgarh,durg,2018,0.0,0.0,0.0,0.0,0.0,0.0,0.0,0.0,0.0,0.0,0.0,0.0,0.0,0.0,0.0,0.0,0.0,0.0,0.0,0.0,0.0,0.0,,0.0,,0.0,0.0,0.0,0.0,0.0,0.0,Chhattisgarh,Durg
chhattisgarh,durg,2019,0.0,0.0,0.0,0.0,0.0,0.0,0.0,0.0,0.0,0.0,0.0,0.0,0.0,0.0,0.0,0.0,0.0,0.0,,0.0,0.0,0.0,0.0,0.0,,0.0,0.0,0.0,,0.0,0.0,Chhattisgarh,Durg
chhattisgarh,durg,2020,0.0,0.0,0.0,0.0,0.0,0.0,0.0,0.0,0.0,0.0,0.0,0.0,,0.0,0.0,0.0,0.0,0.0,0.0,0.0,0.0,0.0,0.0,0.0,0.0,0.0,0.0,0.0,0.0,,,Chhattisgarh,Durg
chhattisgarh,durg,2021,0.0,0.0,0.0,0.0,0.0,0.0,0.0,0.0,,0.0,0.0,0.0,,0.0,0.0,0.0,0.0,0.0,0.0,0.0,0.0,0.0,0.0,0.0,0.0,0.0,0.0,0.0,0.0,0.0,0.0,Chhattisgarh,Durg
chhattisgarh,durg,2022,0.0,0.0,0.0,0.0,0.0,0.0,0.0,0.0,0.0,0.0,0.0,0.0,,0.0,0.0,0.0,0.0,0.0,0.0,0.0,0.0,0.0,0.0,0.0,0.0,0.0,0.0,0.0,0.0,0.0,0.0,Chhattisgarh,Durg
chhattisgarh,gariyaband,2017,0.0,0.0,,0.0,0.0,,0.0,0.0,0.0,,0.0,0.0,,1.0,0.0,0.0,0.0,0.0,0.0,0.0,,0.0,0.0,0.0,0.0,0.0,0.0,0.0,0.0,1.0,1.0,Chhattisgarh,Gariyaband
chhattisgarh,gariyaband,2018,0.0,0.0,0.0,0.0,0.0,0.0,0.0,0.0,0.0,0.0,0.0,0.0,0.0,0.0,0.0,0.0,0.0,0.0,0.0,0.0,0.0,1.0,0.0,0.0,0.0,0.0,0.0,0.0,0.0,0.0,1.0,Chhattisgarh,Gariyaband
chhattisgarh,gariyaband,2019,0.0,0.0,0.0,,0.0,0.0,0.0,0.0,0.0,0.0,0.0,0.0,0.0,0.0,0.0,0.0,0.0,,0.0,0.0,0.0,,,,0.0,0.0,0.0,0.0,0.0,0.0,0.0,Chhattisgarh,Gariyaband
chhattisgarh,gariyaband,2020,0.0,0.0,0.0,0.0,0.0,0.0,0.0,0.0,0.0,0.0,0.0,0.0,0.0,0.0,0.0,0.0,0.0,0.0,0.0,0.0,0.0,,0.0,0.0,0.0,0.0,0.0,0.0,0.0,3.0,5.0,Chhattisgarh,Gariyaband
chhattisgarh,gariyaband,2021,0.0,0.0,0.0,0.0,0.0,0.0,0.0,0.0,1.0,0.0,0.0,0.0,0.0,0.0,0.0,0.0,1.0,0.0,0.0,5.0,0.0,13.0,0.0,0.0,0.0,0.0,0.0,1.0,0.0,3.0,23.0,Chhattisgarh,Gariyaband
chhattisgarh,gariyaband,2022,0.0,0.0,0.0,0.0,0.0,0.0,0.0,0.0,3.0,0.0,0.0,0.0,0.0,0.0,0.0,0.0,0.0,0.0,0.0,0.0,0.0,6.0,0.0,0.0,0.0,0.0,0.0,0.0,,2.0,8.0,Chhattisgarh,Gariyaband
chhattisgarh,gaurela pendra marwahi,2021,0.0,0.0,0.0,0.0,0.0,0.0,0.0,0.0,0.0,0.0,,0.0,,0.0,0.0,0.0,,0.0,0.0,,0.0,0.0,0.0,0.0,0.0,,0.0,0.0,0.0,0.0,0.0,Chhattisgarh,Gaurela Pendra Marwahi
chhattisgarh,gaurela pendra marwahi,2022,0.0,0.0,0.0,0.0,1.0,0.0,0.0,0.0,0.0,0.0,0.0,0.0,0.0,,0.0,0.0,0.0,0.0,0.0,0.0,0.0,0.0,0.0,0.0,0.0,0.0,0.0,0.0,,0.0,0.0,Chhattisgarh,Gaurela Pendra Marwahi
chhattisgarh,janjgir-champa,2017,0.0,0.0,0.0,0.0,0.0,0.0,0.0,0.0,,0.0,0.0,0.0,0.0,0.0,,0.0,0.0,0.0,0.0,0.0,0.0,0.0,,0.0,0.0,0.0,0.0,0.0,0.0,0.0,0.0,Chhattisgarh,Janjgir-Champa
chhattisgarh,janjgir-champa,2018,0.0,0.0,0.0,0.0,0.0,0.0,0.0,0.0,0.0,0.0,0.0,,,0.0,0.0,,0.0,0.0,0.0,0.0,0.0,0.0,0.0,0.0,0.0,0.0,0.0,0.0,0.0,0.0,0.0,Chhattisgarh,Janjgir-Champa
chhattisgarh,janjgir-champa,2019,0.0,0.0,0.0,0.0,0.0,0.0,0.0,0.0,0.0,,0.0,0.0,0.0,0.0,0.0,0.0,0.0,0.0,,,0.0,0.0,0.0,0.0,0.0,0.0,0.0,0.0,0.0,0.0,0.0,Chhattisgarh,Janjgir-Champa
chhattisgarh,janjgir-champa,2020,0.0,,0.0,0.0,0.0,0.0,0.0,0.0,0.0,0.0,0.0,0.0,0.0,0.0,0.0,0.0,0.0,0.0,0.0,0.0,0.0,,0.0,0.0,0.0,0.0,0.0,,0.0,0.0,0.0,Chhattisgarh,Janjgir-Champa
chhattisgarh,janjgir-champa,2021,0.0,,0.0,0.0,0.0,,0.0,0.0,0.0,0.0,0.0,0.0,0.0,0.0,,0.0,0.0,0.0,0.0,0.0,0.0,,,0.0,0.0,0.0,0.0,0.0,0.0,0.0,0.0,Chhattisgarh,Janjgir-Champa
chhattisgarh,janjgir-champa,2022,0.0,0.0,0.0,0.0,0.0,0.0,,0.0,0.0,0.0,0.0,0.0,0.0,0.0,0.0,0.0,0.0,0.0,0.0,0.0,0.0,0.0,0.0,0.0,,0.0,0.0,0.0,,0.0,0.0,Chhattisgarh,Janjgir-Champa
chhattisgarh,jashpur,2017,0.0,0.0,0.0,,0.0,0.0,0.0,0.0,,0.0,0.0,0.0,,0.0,0.0,0.0,0.0,2.0,0.0,,0.0,,0.0,0.0,0.0,0.0,0.0,,0.0,2.0,4.0,Chhattisgarh,Jashpur
chhattisgarh,jashpur,2018,,,0.0,1.0,2.0,0.0,0.0,,0.0,0.0,0.0,0.0,0.0,0.0,0.0,,0.0,0.0,0.0,,0.0,0.0,,0.0,0.0,0.0,0.0,0.0,,0.0,,Chhattisgarh,Jashpur
chhattisgarh,jashpur,2019,0.0,0.0,0.0,0.0,0.0,0.0,0.0,0.0,,0.0,0.0,0.0,0.0,0.0,0.0,0.0,0.0,,0.0,0.0,0.0,0.0,0.0,0.0,0.0,0.0,0.0,0.0,0.0,1.0,1.0,Chhattisgarh,Jashpur
chhattisgarh,jashpur,2021,0.0,0.0,0.0,0.0,0.0,0.0,0.0,0.0,0.0,0.0,0.0,0.0,0.0,0.0,0.0,0.0,0.0,0.0,0.0,0.0,0.0,0.0,0.0,0.0,0.0,0.0,0.0,,0.0,0.0,0.0,Chhattisgarh,Jashpur
chhattisgarh,jashpur,2022,0.0,0.0,0.0,0.0,0.0,0.0,0.0,0.0,0.0,0.0,0.0,,0.0,0.0,0.0,0.0,0.0,0.0,0.0,0.0,,0.0,0.0,0.0,0.0,0.0,0.0,2.0,0.0,0.0,4.0,Chhattisgarh,Jashpur
chhattisgarh,kabeerdham,2017,0.0,0.0,0.0,0.0,0.0,0.0,0.0,0.0,0.0,0.0,0.0,0.0,0.0,0.0,,0.0,0.0,0.0,0.0,0.0,,0.0,0.0,0.0,0.0,0.0,,0.0,0.0,0.0,0.0,Chhattisgarh,Kabeerdham
chhattisgarh,kabeerdham,2018,0.0,0.0,0.0,0.0,0.0,0.0,0.0,0.0,0.0,0.0,0.0,0.0,0.0,0.0,0.0,0.0,0.0,1.0,0.0,0.0,0.0,0.0,3.0,0.0,,,0.0,0.0,0.0,5.0,9.0,Chhattisgarh,Kabeerdham
chhattisgarh,kabeerdham,2019,0.0,0.0,0.0,0.0,0.0,0.0,0.0,0.0,0.0,0.0,0.0,0.0,0.0,0.0,0.0,0.0,0.0,0.0,0.0,0.0,0.0,0.0,4.0,0.0,,0.0,0.0,0.0,0.0,0.0,4.0,Chhattisgarh,Kabeerdham
chhattisgarh,kabeerdham,2020,0.0,,0.0,0.0,0.0,0.0,0.0,0.0,0.0,0.0,0.0,0.0,0.0,2.0,0.0,,0.0,0.0,0.0,0.0,0.0,0.0,0.0,0.0,0.0,0.0,0.0,,,1.0,1.0,Chhattisgarh,Kabeerdham
chhattisgarh,kabeerdham,2021,0.0,0.0,0.0,,0.0,0.0,0.0,0.0,0.0,,0.0,0.0,0.0,0.0,0.0,0.0,,0.0,0.0,0.0,0.0,0.0,1.0,0.0,0.0,0.0,0.0,0.0,0.0,6.0,7.0,Chhattisgarh,Kabeerdham
chhattisgarh,kabeerdham,2022,0.0,,0.0,0.0,0.0,0.0,0.0,0.0,0.0,0.0,0.0,0.0,0.0,0.0,0.0,0.0,0.0,0.0,0.0,0.0,0.0,0.0,0.0,0.0,0.0,0.0,0.0,0.0,0.0,0.0,0.0,Chhattisgarh,Kabeerdham
chhattisgarh,khairagarh-chhuikhadan-gandai,2022,,0.0,,0.0,0.0,0.0,0.0,,0.0,0.0,0.0,0.0,0.0,0.0,0.0,0.0,0.0,0.0,0.0,0.0,,0.0,0.0,0.0,0.0,,,0.0,0.0,0.0,0.0,Chhattisgarh,Khairagarh-Chhuikhadan-Gandai
chhattisgarh,kondagaon,2017,0.0,0.0,0.0,0.0,0.0,0.0,0.0,0.0,0.0,0.0,0.0,0.0,,0.0,,0.0,0.0,0.0,1.0,,0.0,0.0,0.0,0.0,0.0,,0.0,0.0,0.0,0.0,3.0,Chhattisgarh,Kondagaon
chhattisgarh,kondagaon,2018,0.0,0.0,0.0,0.0,0.0,0.0,0.0,0.0,0.0,0.0,0.0,0.0,0.0,0.0,0.0,0.0,0.0,,0.0,0.0,0.0,0.0,0.0,0.0,0.0,0.0,0.0,,0.0,0.0,0.0,Chhattisgarh,Kondagaon
chhattisgarh,kondagaon,2019,0.0,0.0,0.0,0.0,0.0,0.0,0.0,0.0,0.0,0.0,0.0,0.0,0.0,0.0,0.0,,0.0,2.0,0.0,2.0,0.0,0.0,,0.0,0.0,,0.0,0.0,0.0,,4.0,Chhattisgarh,Kondagaon
chhattisgarh,kondagaon,2020,0.0,0.0,0.0,0.0,0.0,0.0,0.0,0.0,0.0,0.0,0.0,,0.0,0.0,0.0,0.0,0.0,0.0,0.0,0.0,0.0,,,0.0,0.0,0.0,0.0,,0.0,0.0,0.0,Chhattisgarh,Kondagaon
chhattisgarh,kondagaon,2021,0.0,0.0,0.0,0.0,0.0,0.0,0.0,0.0,0.0,0.0,,0.0,0.0,0.0,,0.0,0.0,2.0,0.0,0.0,,0.0,0.0,0.0,2.0,0.0,,0.0,0.0,1.0,7.0,Chhattisgarh,Kondagaon
chhattisgarh,kondagaon,2022,0.0,0.0,0.0,0.0,0.0,0.0,0.0,0.0,,,0.0,0.0,0.0,0.0,5.0,0.0,0.0,0.0,0.0,0.0,0.0,0.0,0.0,0.0,0.0,0.0,0.0,1.0,0.0,0.0,6.0,Chhattisgarh,Kondagaon
chhattisgarh,korba,2017,0.0,0.0,0.0,0.0,0.0,0.0,0.0,0.0,,0.0,0.0,,0.0,,0.0,0.0,0.0,,0.0,0.0,0.0,0.0,0.0,0.0,0.0,0.0,0.0,0.0,0.0,,0.0,Chhattisgarh,Korba
chhattisgarh,korba,2018,0.0,0.0,0.0,1.0,1.0,4.0,0.0,0.0,,0.0,,0.0,0.0,0.0,,0.0,0.0,0.0,0.0,0.0,0.0,,0.0,0.0,0.0,0.0,0.0,0.0,,0.0,0.0,Chhattisgarh,Korba
chhattisgarh,korba,2019,0.0,0.0,0.0,0.0,0.0,0.0,0.0,0.0,0.0,0.0,0.0,0.0,0.0,0.0,0.0,0.0,0.0,0.0,0.0,0.0,0.0,0.0,0.0,0.0,0.0,0.0,0.0,0.0,0.0,0.0,0.0,Chhattisgarh,Korba
chhattisgarh,korba,2020,0.0,0.0,0.0,0.0,0.0,0.0,,0.0,0.0,0.0,0.0,0.0,0.0,0.0,0.0,0.0,0.0,0.0,0.0,0.0,0.0,0.0,0.0,0.0,0.0,0.0,0.0,0.0,,0.0,0.0,Chhattisgarh,Korba
chhattisgarh,korba,2021,,0.0,0.0,0.0,0.0,0.0,0.0,0.0,0.0,0.0,0.0,0.0,0.0,0.0,,0.0,0.0,0.0,0.0,0.0,0.0,0.0,,0.0,0.0,0.0,0.0,0.0,0.0,0.0,0.0,Chhattisgarh,Korba
chhattisgarh,korba,2022,0.0,0.0,0.0,0.0,0.0,0.0,0.0,0.0,0.0,,0.0,0.0,0.0,0.0,0.0,0.0,,0.0,0.0,0.0,0.0,0.0,0.0,0.0,0.0,0.0,0.0,0.0,0.0,0.0,0.0,Chhattisgarh,Korba
chhattisgarh,korea,2017,0.0,0.0,0.0,0.0,0.0,3.0,0.0,0.0,0.0,0.0,0.0,,0.0,0.0,,0.0,0.0,0.0,0.0,0.0,0.0,0.0,0.0,0.0,0.0,0.0,0.0,0.0,0.0,,0.0,Chhattisgarh,Korea
chhattisgarh,korea,2018,0.0,0.0,0.0,0.0,0.0,0.0,0.0,,0.0,0.0,0.0,,0.0,0.0,1.0,0.0,0.0,0.0,0.0,1.0,0.0,0.0,0.0,0.0,,0.0,0.0,1.0,0.0,0.0,3.0,Chhattisgarh,Korea
chhattisgarh,korea,2019,0.0,0.0,0.0,0.0,0.0,0.0,0.0,0.0,0.0,0.0,0.0,0.0,0.0,0.0,0.0,,0.0,3.0,2.0,3.0,0.0,,0.0,0.0,0.0,,0.0,0.0,0.0,0.0,8.0,Chhattisgarh,Korea
chhattisgarh,korea,2020,0.0,,,0.0,0.0,1.0,0.0,0.0,0.0,0.0,0.0,0.0,0.0,1.0,0.0,0.0,0.0,0.0,0.0,0.0,0.0,0.0,0.0,0.0,0.0,0.0,0.0,,0.0,0.0,0.0,Chhattisgarh,Korea
chhattisgarh,korea,2021,0.0,,0.0,0.0,1.0,0.0,0.0,,0.0,0.0,0.0,0.0,0.0,0.0,2.0,,0.0,0.0,0.0,2.0,0.0,0.0,0.0,0.0,0.0,0.0,0.0,0.0,,0.0,4.0,Chhattisgarh,Korea
chhattisgarh,korea,2022,0.0,0.0,0.0,,,0.0,0.0,0.0,0.0,,0.0,0.0,0.0,0.0,0.0,0.0,0.0,0.0,0.0,0.0,0.0,0.0,0.0,,0.0,0.0,0.0,0.0,0.0,0.0,0.0,Chhattisgarh,Korea
chhattisgarh,mahasamund,2017,0.0,,0.0,0.0,,0.0,0.0,0.0,,0.0,0.0,0.0,,0.0,0.0,0.0,,,0.0,,0.0,0.0,0.0,0.0,,,0.0,0.0,0.0,0.0,0.0,Chhattisgarh,Mahasamund
chhattisgarh,mahasamund,2018,,0.0,0.0,0.0,,0.0,0.0,0.0,0.0,0.0,0.0,0.0,,0.0,0.0,0.0,0.0,0.0,0.0,,0.0,0.0,0.0,0.0,0.0,0.0,0.0,0.0,0.0,0.0,0.0,Chhattisgarh,Mahasamund
chhattisgarh,mahasamund,2019,0.0,0.0,0.0,0.0,0.0,1.0,0.0,0.0,0.0,0.0,0.0,0.0,0.0,0.0,0.0,0.0,0.0,0.0,0.0,0.0,0.0,0.0,,0.0,0.0,0.0,0.0,0.0,0.0,0.0,0.0,Chhattisgarh,Mahasamund
chhattisgarh,mahasamund,2020,0.0,0.0,0.0,0.0,0.0,0.0,0.0,0.0,,0.0,0.0,,0.0,0.0,0.0,0.0,1.0,0.0,1.0,1.0,0.0,0.0,0.0,0.0,0.0,,0.0,0.0,,0.0,3.0,Chhattisgarh,Mahasamund
chhattisgarh,mahasamund,2021,0.0,0.0,0.0,0.0,0.0,0.0,0.0,,0.0,,,0.0,0.0,0.0,0.0,0.0,0.0,0.0,0.0,0.0,0.0,0.0,0.0,0.0,0.0,0.0,0.0,0.0,0.0,0.0,0.0,Chhattisgarh,Mahasamund
chhattisgarh,mahasamund,2022,0.0,0.0,0.0,0.0,0.0,0.0,0.0,,2.0,0.0,0.0,0.0,,0.0,0.0,0.0,0.0,,0.0,0.0,,0.0,0.0,0.0,0.0,0.0,0.0,,0.0,0.0,0.0,Chhattisgarh,Mahasamund
chhattisgarh,manendragarh-chirmiri-bharatpur(m c b),2022,0.0,0.0,,0.0,1.0,0.0,0.0,0.0,0.0,0.0,,0.0,0.0,3.0,0.0,0.0,0.0,0.0,,0.0,0.0,0.0,0.0,0.0,0.0,0.0,0.0,0.0,0.0,0.0,0.0,Chhattisgarh,Manendragarh-Chirmiri-Bharatpur(M C B)
chhattisgarh,mohla-manpur-ambagarh chouki,2022,0.0,,0.0,0.0,0.0,2.0,2.0,0.0,0.0,,,0.0,0.0,0.0,0.0,0.0,0.0,0.0,0.0,0.0,0.0,0.0,0.0,0.0,0.0,0.0,0.0,0.0,0.0,0.0,,Chhattisgarh,Mohla-Manpur-Ambagarh Chouki
chhattisgarh,mungeli,2017,0.0,0.0,0.0,0.0,0.0,0.0,0.0,0.0,0.0,0.0,0.0,0.0,0.0,0.0,0.0,0.0,,0.0,0.0,0.0,0.0,0.0,0.0,0.0,0.0,0.0,0.0,0.0,0.0,0.0,0.0,Chhattisgarh,Mungeli
chhattisgarh,mungeli,2018,0.0,0.0,0.0,0.0,0.0,,,0.0,0.0,,0.0,,0.0,0.0,0.0,0.0,0.0,0.0,0.0,0.0,0.0,0.0,0.0,,0.0,0.0,0.0,0.0,,0.0,0.0,Chhattisgarh,Mungeli
chhattisgarh,mungeli,2019,0.0,,0.0,0.0,0.0,0.0,0.0,0.0,0.0,0.0,0.0,0.0,0.0,0.0,0.0,,0.0,0.0,0.0,0.0,,0.0,0.0,0.0,0.0,,0.0,0.0,0.0,0.0,0.0,Chhattisgarh,Mungeli
chhattisgarh,mungeli,2020,0.0,0.0,0.0,0.0,,0.0,0.0,0.0,0.0,0.0,0.0,0.0,0.0,0.0,0.0,0.0,,0.0,0.0,0.0,0.0,0.0,0.0,0.0,0.0,0.0,0.0,0.0,,0.0,0.0,Chhattisgarh,Mungeli
chhattisgarh,mungeli,2021,0.0,0.0,0.0,,,0.0,0.0,0.0,0.0,0.0,0.0,0.0,0.0,0.0,0.0,0.0,0.0,0.0,0.0,0.0,0.0,0.0,,0.0,0.0,0.0,0.0,0.0,0.0,,0.0,Chhattisgarh,Mungeli
chhattisgarh,mungeli,2022,0.0,0.0,0.0,0.0,0.0,,,0.0,0.0,0.0,,0.0,0.0,,,0.0,0.0,,,0.0,0.0,0.0,0.0,0.0,0.0,0.0,0.0,0.0,0.0,7.0,7.0,Chhattisgarh,Mungeli
chhattisgarh,naarayanpur,2021,0.0,0.0,0.0,0.0,0.0,0.0,0.0,0.0,0.0,0.0,0.0,0.0,0.0,0.0,,0.0,0.0,0.0,1.0,0.0,0.0,0.0,0.0,0.0,0.0,0.0,0.0,0.0,0.0,0.0,1.0,Chhattisgarh,Naarayanpur
chhattisgarh,narayanpur,2017,,,0.0,0.0,0.0,0.0,0.0,0.0,0.0,0.0,0.0,0.0,0.0,0.0,0.0,,0.0,0.0,0.0,0.0,0.0,0.0,0.0,0.0,0.0,0.0,0.0,0.0,0.0,0.0,0.0,Chhattisgarh,Narayanpur
chhattisgarh,narayanpur,2018,0.0,0.0,0.0,0.0,0.0,0.0,0.0,0.0,0.0,0.0,0.0,0.0,0.0,0.0,0.0,0.0,0.0,0.0,0.0,0.0,0.0,0.0,0.0,,0.0,,0.0,0.0,,0.0,0.0,Chhattisgarh,Narayanpur
chhattisgarh,narayanpur,2019,0.0,0.0,0.0,0.0,,0.0,0.0,0.0,0.0,,0.0,0.0,0.0,0.0,0.0,0.0,0.0,0.0,0.0,0.0,0.0,0.0,0.0,0.0,0.0,,0.0,0.0,0.0,0.0,0.0,Chhattisgarh,Narayanpur
chhattisgarh,narayanpur,2020,,0.0,0.0,0.0,0.0,4.0,0.0,0.0,0.0,0.0,0.0,0.0,0.0,0.0,0.0,0.0,0.0,0.0,0.0,0.0,0.0,0.0,0.0,0.0,0.0,0.0,0.0,0.0,0.0,0.0,0.0,Chhattisgarh,Narayanpur
chhattisgarh,narayanpur,2022,0.0,0.0,0.0,,0.0,0.0,0.0,,0.0,0.0,0.0,0.0,0.0,0.0,0.0,0.0,0.0,0.0,,0.0,0.0,2.0,0.0,0.0,0.0,0.0,0.0,0.0,,0.0,2.0,Chhattisgarh,Narayanpur
chhattisgarh,raigarh,2017,0.0,0.0,3.0,0.0,1.0,5.0,0.0,0.0,4.0,0.0,0.0,0.0,,1.0,0.0,,0.0,0.0,0.0,0.0,0.0,0.0,0.0,0.0,0.0,0.0,0.0,0.0,0.0,0.0,0.0,Chhattisgarh,Raigarh
chhattisgarh,raigarh,2019,0.0,0.0,,0.0,1.0,3.0,1.0,,10.0,0.0,0.0,0.0,0.0,0.0,,,0.0,,0.0,0.0,0.0,0.0,0.0,0.0,0.0,0.0,0.0,0.0,0.0,0.0,,Chhattisgarh,Raigarh
chhattisgarh,raigarh,2020,0.0,0.0,0.0,,0.0,0.0,0.0,0.0,,,0.0,0.0,0.0,0.0,0.0,0.0,0.0,0.0,0.0,0.0,0.0,,0.0,0.0,0.0,0.0,0.0,0.0,0.0,0.0,2.0,Chhattisgarh,Raigarh
chhattisgarh,raigarh,2021,0.0,0.0,0.0,0.0,0.0,0.0,,0.0,,0.0,0.0,0.0,0.0,0.0,0.0,0.0,0.0,0.0,,0.0,0.0,0.0,0.0,0.0,0.0,0.0,0.0,,0.0,0.0,0.0,Chhattisgarh,Raigarh
chhattisgarh,raigarh,2022,0.0,0.0,0.0,,0.0,0.0,0.0,0.0,2.0,0.0,,0.0,0.0,0.0,0.0,0.0,0.0,0.0,,0.0,0.0,0.0,0.0,0.0,0.0,0.0,0.0,0.0,0.0,0.0,0.0,Chhattisgarh,Raigarh
chhattisgarh,raipur,2017,0.0,3.0,0.0,0.0,3.0,3.0,0.0,0.0,0.0,0.0,0.0,0.0,0.0,0.0,8.0,0.0,0.0,0.0,0.0,0.0,0.0,0.0,0.0,0.0,3.0,0.0,0.0,0.0,0.0,15.0,26.0,Chhattisgarh,Raipur
chhattisgarh,raipur,2018,0.0,0.0,0.0,0.0,0.0,0.0,0.0,0.0,0.0,0.0,0.0,0.0,0.0,0.0,0.0,0.0,0.0,0.0,0.0,0.0,0.0,,0.0,0.0,0.0,0.0,0.0,0.0,,0.0,0.0,Chhattisgarh,Raipur
chhattisgarh,raipur,2019,0.0,0.0,2.0,1.0,0.0,1.0,0.0,0.0,0.0,,0.0,0.0,0.0,1.0,0.0,0.0,0.0,0.0,0.0,0.0,1.0,0.0,0.0,0.0,0.0,0.0,0.0,3.0,0.0,0.0,0.0,Chhattisgarh,Raipur
chhattisgarh,raipur,2020,0.0,0.0,1.0,0.0,1.0,1.0,0.0,0.0,0.0,0.0,0.0,0.0,0.0,0.0,0.0,0.0,0.0,0.0,0.0,0.0,3.0,0.0,0.0,0.0,0.0,0.0,0.0,2.0,0.0,25.0,0.0,Chhattisgarh,Raipur
chhattisgarh,raipur,2021,,0.0,0.0,,2.0,0.0,0.0,0.0,0.0,0.0,0.0,0.0,,,0.0,,0.0,0.0,0.0,0.0,14.0,0.0,0.0,0.0,0.0,0.0,0.0,0.0,0.0,9.0,23.0,Chhattisgarh,Raipur
chhattisgarh,raipur,2022,0.0,0.0,0.0,0.0,0.0,0.0,0.0,0.0,0.0,0.0,0.0,,0.0,0.0,0.0,0.0,0.0,0.0,0.0,0.0,0.0,0.0,0.0,0.0,0.0,0.0,0.0,0.0,0.0,0.0,0.0,Chhattisgarh,Raipur
chhattisgarh,rajnandgaon,2017,0.0,0.0,0.0,0.0,0.0,0.0,0.0,0.0,0.0,0.0,0.0,0.0,0.0,0.0,0.0,0.0,0.0,0.0,0.0,0.0,0.0,0.0,0.0,0.0,0.0,0.0,0.0,0.0,0.0,0.0,0.0,Chhattisgarh,Rajnandgaon
chhattisgarh,rajnandgaon,2018,0.0,0.0,,0.0,,0.0,0.0,0.0,0.0,,0.0,0.0,0.0,0.0,0.0,0.0,0.0,,0.0,0.0,0.0,0.0,0.0,0.0,0.0,,,0.0,0.0,1.0,1.0,Chhattisgarh,Rajnandgaon
chhattisgarh,rajnandgaon,2019,0.0,0.0,0.0,0.0,0.0,0.0,0.0,0.0,0.0,0.0,0.0,0.0,0.0,0.0,0.0,0.0,,0.0,0.0,0.0,0.0,0.0,0.0,0.0,0.0,0.0,0.0,0.0,,7.0,7.0,Chhattisgarh,Rajnandgaon
chhattisgarh,rajnandgaon,2020,0.0,0.0,0.0,0.0,,0.0,0.0,0.0,,0.0,,0.0,0.0,0.0,0.0,0.0,0.0,0.0,0.0,0.0,0.0,0.0,0.0,0.0,0.0,0.0,0.0,0.0,0.0,2.0,2.0,Chhattisgarh,Rajnandgaon
chhattisgarh,rajnandgaon,2021,0.0,0.0,0.0,0.0,0.0,0.0,0.0,0.0,0.0,,0.0,,0.0,0.0,0.0,0.0,0.0,2.0,4.0,0.0,0.0,0.0,0.0,0.0,0.0,0.0,0.0,0.0,0.0,0.0,6.0,Chhattisgarh,Rajnandgaon
chhattisgarh,rajnandgaon,2022,0.0,0.0,0.0,0.0,0.0,0.0,0.0,0.0,0.0,0.0,0.0,,0.0,,0.0,0.0,0.0,,0.0,0.0,0.0,,,0.0,0.0,0.0,0.0,0.0,0.0,,10.0,Chhattisgarh,Rajnandgaon
chhattisgarh,sakti,2022,0.0,0.0,0.0,0.0,0.0,0.0,0.0,0.0,0.0,0.0,0.0,0.0,0.0,0.0,,0.0,0.0,0.0,0.0,0.0,0.0,,,0.0,0.0,0.0,0.0,0.0,0.0,0.0,0.0,Chhattisgarh,Sakti
chhattisgarh,sarangarh-bilaigarh,2022,0.0,0.0,0.0,0.0,0.0,,0.0,0.0,0.0,0.0,0.0,,0.0,,0.0,0.0,0.0,0.0,0.0,0.0,0.0,0.0,0.0,0.0,0.0,0.0,0.0,0.0,0.0,0.0,0.0,Chhattisgarh,Sarangarh-Bilaigarh
chhattisgarh,sukma,2017,0.0,0.0,0.0,0.0,0.0,0.0,0.0,0.0,0.0,0.0,0.0,0.0,0.0,0.0,0.0,0.0,0.0,0.0,0.0,0.0,0.0,0.0,0.0,0.0,0.0,0.0,0.0,0.0,0.0,0.0,0.0,Chhattisgarh,Sukma
chhattisgarh,sukma,2018,0.0,0.0,0.0,0.0,0.0,0.0,0.0,0.0,0.0,0.0,0.0,0.0,0.0,,,0.0,0.0,0.0,0.0,,0.0,,0.0,0.0,0.0,0.0,0.0,0.0,0.0,0.0,0.0,Chhattisgarh,Sukma
chhattisgarh,sukma,2019,0.0,0.0,2.0,0.0,0.0,0.0,,0.0,0.0,0.0,0.0,0.0,0.0,0.0,0.0,0.0,0.0,0.0,0.0,0.0,0.0,0.0,0.0,,,0.0,,0.0,0.0,,0.0,Chhattisgarh,Sukma
chhattisgarh,sukma,2020,0.0,0.0,0.0,0.0,,0.0,0.0,0.0,0.0,0.0,0.0,0.0,0.0,0.0,0.0,0.0,0.0,0.0,0.0,0.0,0.0,0.0,0.0,0.0,0.0,0.0,0.0,,0.0,0.0,0.0,Chhattisgarh,Sukma
chhattisgarh,sukma,2021,0.0,0.0,0.0,0.0,,0.0,0.0,0.0,0.0,0.0,,0.0,0.0,0.0,0.0,0.0,0.0,,,0.0,0.0,0.0,0.0,0.0,0.0,0.0,0.0,0.0,0.0,1.0,1.0,Chhattisgarh,Sukma
chhattisgarh,sukma,2022,,0.0,0.0,0.0,0.0,0.0,0.0,0.0,0.0,0.0,0.0,0.0,0.0,0.0,0.0,0.0,0.0,0.0,0.0,0.0,0.0,0.0,0.0,0.0,0.0,0.0,0.0,0.0,0.0,0.0,0.0,Chhattisgarh,Sukma
chhattisgarh,surajpur,2017,,0.0,0.0,0.0,0.0,0.0,0.0,0.0,,0.0,0.0,0.0,0.0,,0.0,0.0,,0.0,0.0,,1.0,,0.0,0.0,0.0,,0.0,,0.0,2.0,3.0,Chhattisgarh,Surajpur
chhattisgarh,surajpur,2018,0.0,0.0,,0.0,,0.0,0.0,0.0,1.0,0.0,0.0,0.0,0.0,0.0,2.0,0.0,0.0,1.0,0.0,0.0,1.0,,0.0,0.0,0.0,0.0,0.0,0.0,0.0,4.0,8.0,Chhattisgarh,Surajpur
chhattisgarh,surajpur,2019,0.0,0.0,,0.0,,0.0,0.0,0.0,,0.0,0.0,0.0,0.0,0.0,0.0,0.0,0.0,,,0.0,0.0,1.0,0.0,0.0,0.0,0.0,0.0,0.0,0.0,,6.0,Chhattisgarh,Surajpur
chhattisgarh,surajpur,2020,0.0,0.0,0.0,,0.0,0.0,0.0,0.0,,0.0,0.0,0.0,0.0,0.0,0.0,0.0,0.0,0.0,0.0,,0.0,,0.0,0.0,0.0,0.0,,0.0,0.0,8.0,9.0,Chhattisgarh,Surajpur
chhattisgarh,surajpur,2021,0.0,0.0,0.0,0.0,1.0,0.0,0.0,0.0,0.0,0.0,0.0,0.0,0.0,,3.0,3.0,0.0,0.0,1.0,3.0,2.0,2.0,1.0,0.0,0.0,0.0,0.0,0.0,0.0,6.0,21.0,Chhattisgarh,Surajpur
chhattisgarh,surajpur,2022,0.0,0.0,0.0,0.0,0.0,0.0,0.0,0.0,0.0,0.0,,0.0,0.0,0.0,0.0,0.0,0.0,0.0,,0.0,0.0,3.0,,0.0,0.0,0.0,0.0,0.0,0.0,11.0,15.0,Chhattisgarh,Surajpur
chhattisgarh,surguja,2017,,0.0,0.0,0.0,0.0,0.0,,0.0,0.0,0.0,0.0,0.0,0.0,,0.0,0.0,0.0,0.0,0.0,,0.0,0.0,0.0,0.0,0.0,0.0,0.0,0.0,,0.0,0.0,Chhattisgarh,Surguja
chhattisgarh,surguja,2018,0.0,0.0,0.0,0.0,0.0,0.0,0.0,0.0,0.0,0.0,0.0,0.0,,0.0,0.0,0.0,0.0,0.0,0.0,0.0,0.0,0.0,0.0,0.0,0.0,0.0,0.0,0.0,0.0,0.0,,Chhattisgarh,Surguja
chhattisgarh,surguja,2019,0.0,0.0,0.0,0.0,0.0,,0.0,0.0,0.0,0.0,,0.0,,0.0,0.0,0.0,0.0,,0.0,0.0,0.0,0.0,0.0,0.0,0.0,0.0,,0.0,0.0,0.0,0.0,Chhattisgarh,Surguja
chhattisgarh,surguja,2020,0.0,0.0,0.0,0.0,2.0,2.0,0.0,0.0,0.0,,0.0,0.0,,0.0,2.0,0.0,0.0,,0.0,0.0,0.0,0.0,0.0,0.0,0.0,0.0,0.0,0.0,0.0,0.0,2.0,Chhattisgarh,Surguja
chhattisgarh,surguja,2021,0.0,0.0,,0.0,0.0,0.0,0.0,0.0,,0.0,0.0,0.0,0.0,,0.0,0.0,0.0,0.0,0.0,0.0,0.0,0.0,0.0,0.0,0.0,0.0,0.0,0.0,0.0,,0.0,Chhattisgarh,Surguja
chhattisgarh,surguja,2022,0.0,0.0,0.0,0.0,0.0,0.0,0.0,,,0.0,0.0,0.0,0.0,0.0,0.0,,0.0,0.0,0.0,0.0,0.0,0.0,0.0,0.0,0.0,0.0,0.0,0.0,0.0,0.0,0.0,Chhattisgarh,Surguja
chhattisgarh,uttar bastar kanker,2017,0.0,0.0,0.0,0.0,0.0,0.0,0.0,0.0,0.0,0.0,0.0,0.0,,0.0,0.0,0.0,0.0,6.0,0.0,0.0,0.0,0.0,,0.0,0.0,,0.0,0.0,0.0,7.0,,Chhattisgarh,Uttar Bastar Kanker
chhattisgarh,uttar bastar kanker,2018,0.0,0.0,,0.0,0.0,0.0,0.0,0.0,0.0,0.0,0.0,0.0,0.0,,0.0,0.0,0.0,0.0,0.0,,,9.0,0.0,0.0,0.0,0.0,,0.0,0.0,0.0,9.0,Chhattisgarh,Uttar Bastar Kanker
chhattisgarh,uttar bastar kanker,2019,0.0,0.0,0.0,0.0,0.0,0.0,0.0,0.0,0.0,0.0,0.0,0.0,0.0,0.0,0.0,0.0,0.0,0.0,0.0,0.0,0.0,0.0,0.0,0.0,0.0,0.0,0.0,0.0,0.0,3.0,3.0,Chhattisgarh,Uttar Bastar Kanker
chhattisgarh,uttar bastar kanker,2020,0.0,0.0,,0.0,0.0,0.0,0.0,0.0,0.0,,0.0,0.0,0.0,0.0,1.0,0.0,0.0,0.0,2.0,0.0,3.0,0.0,0.0,0.0,0.0,0.0,,1.0,0.0,8.0,15.0,Chhattisgarh,Uttar Bastar Kanker
chhattisgarh,uttar bastar kanker,2021,0.0,,0.0,0.0,0.0,0.0,0.0,0.0,0.0,0.0,0.0,0.0,0.0,0.0,1.0,0.0,0.0,0.0,1.0,0.0,0.0,0.0,0.0,0.0,,,0.0,0.0,0.0,0.0,2.0,Chhattisgarh,Uttar Bastar Kanker
chhattisgarh,uttar bastar kanker,2022,0.0,0.0,,0.0,0.0,0.0,0.0,0.0,0.0,0.0,0.0,0.0,,0.0,,0.0,0.0,0.0,0.0,0.0,2.0,0.0,,,0.0,0.0,0.0,0.0,0.0,0.0,,Chhattisgarh,Uttar Bastar Kanker
delhi,central,2017,0.0,0.0,0.0,0.0,1.0,0.0,0.0,0.0,0.0,0.0,0.0,0.0,0.0,0.0,0.0,0.0,0.0,0.0,0.0,0.0,0.0,,0.0,0.0,0.0,0.0,,0.0,0.0,0.0,0.0,Delhi,Central
delhi,central,2018,0.0,0.0,0.0,0.0,0.0,0.0,0.0,0.0,0.0,0.0,0.0,0.0,0.0,0.0,4.0,1.0,0.0,0.0,0.0,0.0,0.0,0.0,0.0,0.0,0.0,0.0,0.0,1.0,0.0,0.0,6.0,Delhi,Central
delhi,central,2019,0.0,0.0,0.0,0.0,0.0,0.0,,0.0,0.0,0.0,0.0,0.0,0.0,,1.0,0.0,,0.0,,,,0.0,0.0,,,0.0,0.0,0.0,0.0,0.0,1.0,Delhi,Central
delhi,central,2020,0.0,0.0,1.0,0.0,0.0,0.0,0.0,0.0,1.0,0.0,0.0,0.0,0.0,0.0,0.0,0.0,0.0,0.0,1.0,0.0,6.0,1.0,0.0,0.0,,0.0,,,0.0,0.0,8.0,Delhi,Central
delhi,central,2021,0.0,0.0,,0.0,0.0,3.0,0.0,0.0,2.0,,0.0,,0.0,,0.0,0.0,0.0,0.0,0.0,0.0,,0.0,0.0,0.0,0.0,0.0,0.0,0.0,0.0,0.0,0.0,Delhi,Central
delhi,central,2022,0.0,0.0,0.0,0.0,0.0,0.0,0.0,0.0,0.0,0.0,0.0,0.0,0.0,2.0,4.0,0.0,0.0,0.0,0.0,0.0,0.0,0.0,0.0,0.0,0.0,0.0,0.0,0.0,0.0,0.0,,Delhi,Central
delhi,east,2017,0.0,0.0,0.0,0.0,1.0,0.0,0.0,0.0,0.0,0.0,0.0,0.0,,0.0,0.0,,0.0,0.0,0.0,0.0,0.0,0.0,0.0,0.0,0.0,0.0,0.0,1.0,0.0,0.0,1.0,Delhi,East
delhi,east,2018,1.0,0.0,0.0,0.0,2.0,0.0,0.0,0.0,0.0,,0.0,0.0,0.0,0.0,0.0,0.0,0.0,0.0,0.0,,,1.0,,0.0,0.0,0.0,0.0,0.0,,,3.0,Delhi,East
delhi,east,2019,0.0,0.0,0.0,0.0,0.0,0.0,,0.0,0.0,0.0,0.0,0.0,,0.0,2.0,0.0,,0.0,0.0,,0.0,0.0,0.0,0.0,0.0,0.0,0.0,0.0,0.0,0.0,2.0,Delhi,East
delhi,east,2020,0.0,0.0,,0.0,0.0,1.0,0.0,0.0,,0.0,0.0,0.0,,0.0,2.0,0.0,0.0,0.0,0.0,0.0,0.0,,0.0,0.0,0.0,0.0,0.0,0.0,,1.0,,Delhi,East
delhi,east,2022,0.0,0.0,2.0,0.0,2.0,0.0,0.0,,,0.0,,0.0,0.0,0.0,1.0,0.0,0.0,0.0,0.0,0.0,0.0,3.0,0.0,0.0,0.0,0.0,0.0,0.0,0.0,2.0,6.0,Delhi,East
delhi,new delhi,2017,0.0,0.0,9.0,0.0,4.0,1.0,0.0,0.0,0.0,0.0,0.0,0.0,0.0,0.0,0.0,0.0,0.0,0.0,0.0,0.0,4.0,0.0,0.0,0.0,0.0,0.0,0.0,0.0,1.0,2.0,7.0,Delhi,New Delhi
delhi,new delhi,2018,0.0,0.0,1.0,0.0,2.0,0.0,0.0,0.0,0.0,0.0,0.0,0.0,0.0,0.0,0.0,0.0,0.0,0.0,0.0,0.0,0.0,10.0,0.0,0.0,0.0,0.0,0.0,0.0,0.0,2.0,15.0,Delhi,New Delhi
delhi,new delhi,2019,0.0,0.0,0.0,0.0,0.0,0.0,0.0,0.0,0.0,0.0,0.0,0.0,0.0,0.0,0.0,0.0,0.0,0.0,0.0,0.0,0.0,1.0,0.0,0.0,0.0,0.0,0.0,0.0,0.0,0.0,1.0,Delhi,New Delhi
delhi,new delhi,2020,0.0,0.0,1.0,0.0,0.0,0.0,0.0,0.0,0.0,0.0,0.0,0.0,0.0,0.0,0.0,0.0,0.0,0.0,0.0,0.0,0.0,0.0,0.0,0.0,0.0,0.0,0.0,0.0,0.0,0.0,0.0,Delhi,New Delhi
delhi,new delhi,2021,0.0,0.0,3.0,0.0,1.0,3.0,0.0,0.0,0.0,0.0,0.0,0.0,0.0,0.0,0.0,0.0,0.0,0.0,0.0,0.0,0.0,1.0,0.0,0.0,0.0,0.0,0.0,0.0,0.0,0.0,7.0,Delhi,New Delhi
delhi,new delhi,2022,1.0,0.0,0.0,0.0,6.0,3.0,0.0,0.0,3.0,0.0,0.0,0.0,0.0,0.0,0.0,0.0,0.0,0.0,0.0,0.0,0.0,1.0,0.0,0.0,0.0,0.0,0.0,0.0,0.0,0.0,2.0,Delhi,New Delhi
delhi,north,2017,0.0,0.0,0.0,1.0,,0.0,0.0,0.0,0.0,,0.0,0.0,0.0,0.0,0.0,0.0,0.0,0.0,0.0,0.0,,0.0,0.0,,0.0,0.0,0.0,0.0,0.0,2.0,2.0,Delhi,North
delhi,north,2018,0.0,0.0,0.0,0.0,,0.0,0.0,0.0,0.0,0.0,0.0,,0.0,0.0,1.0,0.0,0.0,1.0,0.0,0.0,0.0,,0.0,0.0,0.0,0.0,0.0,0.0,0.0,3.0,8.0,Delhi,North
delhi,north,2019,0.0,0.0,1.0,0.0,0.0,,1.0,0.0,0.0,0.0,0.0,0.0,0.0,0.0,1.0,0.0,0.0,0.0,0.0,0.0,,0.0,0.0,0.0,0.0,0.0,0.0,0.0,0.0,0.0,1.0,Delhi,North
delhi,north,2020,0.0,0.0,0.0,,,0.0,0.0,0.0,0.0,0.0,,0.0,0.0,0.0,0.0,0.0,0.0,0.0,0.0,0.0,0.0,0.0,0.0,0.0,0.0,0.0,0.0,0.0,0.0,0.0,0.0,Delhi,North
delhi,north,2021,0.0,0.0,4.0,0.0,2.0,0.0,,0.0,0.0,0.0,0.0,0.0,0.0,0.0,1.0,,0.0,0.0,0.0,0.0,11.0,9.0,0.0,0.0,0.0,0.0,0.0,0.0,0.0,0.0,21.0,Delhi,North
delhi,north,2022,0.0,0.0,0.0,0.0,0.0,0.0,0.0,0.0,0.0,0.0,0.0,0.0,0.0,0.0,0.0,0.0,0.0,0.0,0.0,0.0,0.0,0.0,0.0,0.0,0.0,0.0,0.0,0.0,,0.0,0.0,Delhi,North
delhi,north east,2018,0.0,0.0,1.0,0.0,0.0,0.0,0.0,,0.0,0.0,0.0,0.0,0.0,0.0,5.0,0.0,0.0,0.0,0.0,0.0,0.0,0.0,0.0,0.0,1.0,0.0,0.0,1.0,0.0,0.0,7.0,Delhi,North East
delhi,north east,2019,0.0,0.0,0.0,0.0,0.0,0.0,0.0,0.0,0.0,,0.0,0.0,0.0,0.0,4.0,0.0,0.0,0.0,0.0,0.0,3.0,0.0,0.0,0.0,0.0,0.0,,1.0,0.0,1.0,9.0,Delhi,North East
delhi,north east,2020,0.0,0.0,1.0,0.0,,0.0,0.0,0.0,0.0,,0.0,0.0,0.0,0.0,0.0,0.0,0.0,0.0,0.0,0.0,0.0,0.0,0.0,0.0,,0.0,,0.0,0.0,0.0,,Delhi,North East
delhi,north east,2021,0.0,0.0,1.0,0.0,1.0,0.0,0.0,0.0,1.0,0.0,,0.0,0.0,0.0,6.0,0.0,2.0,,0.0,0.0,0.0,1.0,0.0,,0.0,0.0,0.0,0.0,0.0,0.0,9.0,Delhi,North East
delhi,north east,2022,0.0,0.0,0.0,1.0,,0.0,0.0,0.0,,,,0.0,0.0,0.0,0.0,0.0,0.0,0.0,0.0,0.0,0.0,0.0,0.0,0.0,0.0,0.0,0.0,0.0,0.0,1.0,1.0,Delhi,North East
delhi,north west,2017,0.0,0.0,1.0,0.0,0.0,2.0,1.0,0.0,0.0,0.0,0.0,0.0,0.0,0.0,1.0,0.0,0.0,0.0,1.0,3.0,0.0,6.0,2.0,0.0,0.0,0.0,0.0,1.0,0.0,6.0,20.0,Delhi,North West
delhi,north west,2018,0.0,0.0,7.0,0.0,4.0,4.0,0.0,0.0,1.0,0.0,0.0,0.0,0.0,0.0,8.0,0.0,0.0,0.0,0.0,0.0,0.0,13.0,2.0,0.0,0.0,0.0,0.0,1.0,0.0,13.0,41.0,Delhi,North West
delhi,north west,2019,0.0,0.0,2.0,7.0,4.0,7.0,0.0,0.0,0.0,0.0,0.0,0.0,0.0,0.0,0.0,0.0,1.0,0.0,0.0,0.0,3.0,3.0,3.0,0.0,0.0,0.0,0.0,0.0,0.0,0.0,11.0,Delhi,North West
delhi,north west,2020,1.0,0.0,7.0,0.0,14.0,4.0,0.0,0.0,21.0,0.0,0.0,0.0,0.0,0.0,1.0,0.0,0.0,0.0,11.0,0.0,0.0,1.0,2.0,0.0,0.0,0.0,0.0,0.0,0.0,3.0,23.0,Delhi,North West
delhi,north west,2021,0.0,0.0,7.0,16.0,2.0,4.0,0.0,0.0,3.0,0.0,0.0,0.0,0.0,0.0,0.0,0.0,0.0,0.0,0.0,0.0,6.0,1.0,2.0,0.0,0.0,0.0,0.0,0.0,0.0,0.0,9.0,Delhi,North West
delhi,north west,2022,0.0,0.0,2.0,2.0,14.0,1.0,0.0,0.0,0.0,0.0,0.0,0.0,0.0,0.0,2.0,0.0,0.0,0.0,0.0,0.0,1.0,11.0,3.0,0.0,2.0,0.0,0.0,0.0,0.0,5.0,25.0,Delhi,North West
delhi,shaahdara,2019,0.0,0.0,0.0,,0.0,0.0,0.0,0.0,1.0,0.0,0.0,0.0,,0.0,1.0,0.0,0.0,0.0,0.0,0.0,0.0,1.0,0.0,0.0,0.0,0.0,0.0,0.0,0.0,7.0,,Delhi,Shaahdara
delhi,shahdara,2017,,0.0,0.0,0.0,0.0,0.0,0.0,0.0,1.0,0.0,0.0,0.0,0.0,,0.0,0.0,0.0,9.0,1.0,2.0,0.0,1.0,0.0,0.0,0.0,0.0,0.0,0.0,1.0,0.0,,Delhi,Shahdara
delhi,shahdara,2018,1.0,0.0,0.0,0.0,,,0.0,,0.0,0.0,0.0,0.0,0.0,0.0,3.0,1.0,0.0,0.0,0.0,0.0,0.0,1.0,,0.0,0.0,0.0,0.0,0.0,,3.0,8.0,Delhi,Shahdara
delhi,shahdara,2020,0.0,,1.0,0.0,0.0,3.0,0.0,0.0,0.0,0.0,0.0,,0.0,0.0,2.0,,0.0,0.0,4.0,2.0,0.0,0.0,0.0,0.0,0.0,0.0,0.0,0.0,0.0,4.0,12.0,Delhi,Shahdara
delhi,shahdara,2021,0.0,0.0,1.0,0.0,1.0,0.0,,0.0,0.0,0.0,,0.0,0.0,0.0,0.0,0.0,0.0,0.0,0.0,0.0,,2.0,0.0,0.0,0.0,0.0,0.0,0.0,0.0,3.0,5.0,Delhi,Shahdara
delhi,shahdara,2022,0.0,0.0,0.0,0.0,2.0,0.0,,0.0,0.0,0.0,0.0,0.0,0.0,0.0,8.0,0.0,0.0,0.0,8.0,2.0,7.0,0.0,0.0,,3.0,0.0,0.0,2.0,0.0,,34.0,Delhi,Shahdara
delhi,south,2017,,0.0,,0.0,2.0,2.0,0.0,0.0,0.0,0.0,0.0,0.0,0.0,,1.0,0.0,0.0,0.0,0.0,0.0,0.0,0.0,,,0.0,0.0,0.0,0.0,0.0,,1.0,Delhi,South
delhi,south,2018,0.0,0.0,7.0,,2.0,1.0,0.0,0.0,0.0,0.0,0.0,0.0,0.0,1.0,1.0,0.0,0.0,0.0,0.0,0.0,0.0,1.0,0.0,0.0,0.0,0.0,0.0,0.0,0.0,0.0,2.0,Delhi,South
delhi,south,2019,0.0,0.0,0.0,0.0,5.0,2.0,0.0,,0.0,0.0,0.0,0.0,0.0,0.0,3.0,0.0,0.0,,0.0,0.0,0.0,0.0,0.0,0.0,0.0,,0.0,,0.0,0.0,4.0,Delhi,South
delhi,south,2020,0.0,0.0,2.0,0.0,4.0,0.0,0.0,0.0,0.0,,0.0,0.0,0.0,0.0,2.0,,0.0,0.0,0.0,0.0,0.0,0.0,0.0,0.0,0.0,0.0,0.0,0.0,,0.0,2.0,Delhi,South
delhi,south,2021,0.0,0.0,,0.0,3.0,1.0,2.0,0.0,1.0,0.0,,0.0,0.0,0.0,0.0,0.0,0.0,0.0,0.0,0.0,0.0,0.0,0.0,0.0,0.0,0.0,0.0,0.0,0.0,0.0,0.0,Delhi,South
delhi,south,2022,0.0,0.0,0.0,,1.0,0.0,0.0,0.0,0.0,0.0,0.0,0.0,0.0,0.0,3.0,0.0,0.0,13.0,0.0,83.0,1.0,0.0,0.0,0.0,0.0,0.0,0.0,0.0,0.0,4.0,104.0,Delhi,South
delhi,south east,2017,0.0,0.0,0.0,0.0,3.0,2.0,0.0,,0.0,0.0,0.0,0.0,0.0,0.0,2.0,0.0,0.0,0.0,0.0,0.0,3.0,0.0,0.0,0.0,0.0,0.0,0.0,0.0,1.0,1.0,,Delhi,South East
delhi,south east,2018,0.0,0.0,0.0,0.0,1.0,2.0,,0.0,0.0,0.0,0.0,0.0,0.0,2.0,2.0,0.0,0.0,0.0,0.0,0.0,0.0,3.0,0.0,0.0,0.0,0.0,0.0,0.0,0.0,3.0,8.0,Delhi,South East
delhi,south east,2019,,0.0,0.0,0.0,,0.0,0.0,0.0,0.0,0.0,0.0,0.0,0.0,1.0,1.0,,0.0,0.0,0.0,0.0,0.0,0.0,0.0,0.0,0.0,0.0,,0.0,0.0,0.0,1.0,Delhi,South East
delhi,south east,2020,0.0,0.0,2.0,0.0,3.0,0.0,,0.0,0.0,0.0,,0.0,0.0,0.0,1.0,0.0,0.0,0.0,3.0,0.0,2.0,0.0,0.0,0.0,0.0,0.0,0.0,0.0,0.0,0.0,6.0,Delhi,South East
delhi,south east,2021,0.0,0.0,4.0,,3.0,1.0,2.0,0.0,1.0,,0.0,0.0,0.0,2.0,0.0,0.0,0.0,0.0,0.0,0.0,0.0,,0.0,0.0,0.0,,0.0,0.0,0.0,0.0,0.0,Delhi,South East
delhi,south east,2022,0.0,0.0,0.0,0.0,2.0,0.0,4.0,0.0,6.0,0.0,0.0,0.0,,5.0,0.0,0.0,0.0,0.0,0.0,0.0,0.0,0.0,0.0,0.0,0.0,0.0,0.0,0.0,0.0,0.0,,Delhi,South East
delhi,south west,2017,0.0,0.0,5.0,0.0,1.0,1.0,1.0,0.0,1.0,0.0,0.0,0.0,0.0,0.0,4.0,0.0,0.0,0.0,0.0,0.0,0.0,1.0,0.0,0.0,0.0,0.0,0.0,1.0,0.0,3.0,10.0,Delhi,South West
delhi,south west,2018,0.0,0.0,1.0,0.0,1.0,0.0,0.0,0.0,,0.0,0.0,0.0,0.0,0.0,1.0,0.0,0.0,0.0,0.0,0.0,0.0,,0.0,1.0,0.0,0.0,0.0,0.0,0.0,4.0,8.0,Delhi,South West
delhi,south west,2019,0.0,0.0,1.0,1.0,1.0,2.0,1.0,0.0,0.0,0.0,0.0,0.0,0.0,1.0,3.0,0.0,0.0,0.0,0.0,0.0,0.0,2.0,0.0,0.0,0.0,0.0,0.0,3.0,0.0,0.0,11.0,Delhi,South West
delhi,south west,2020,0.0,0.0,1.0,0.0,0.0,3.0,0.0,0.0,0.0,0.0,0.0,0.0,0.0,0.0,2.0,0.0,0.0,0.0,0.0,0.0,0.0,0.0,0.0,0.0,1.0,0.0,0.0,0.0,0.0,7.0,10.0,Delhi,South West
delhi,south west,2021,0.0,0.0,0.0,0.0,2.0,1.0,,0.0,0.0,0.0,0.0,0.0,0.0,0.0,2.0,0.0,0.0,0.0,0.0,0.0,0.0,0.0,0.0,0.0,0.0,0.0,0.0,0.0,0.0,6.0,15.0,Delhi,South West
delhi,south west,2022,0.0,0.0,2.0,0.0,2.0,1.0,3.0,0.0,1.0,0.0,0.0,0.0,0.0,0.0,2.0,0.0,2.0,4.0,5.0,6.0,100.0,0.0,0.0,0.0,0.0,0.0,0.0,0.0,0.0,0.0,119.0,Delhi,South West
delhi,west,2017,0.0,0.0,2.0,,0.0,0.0,0.0,0.0,0.0,0.0,0.0,,0.0,,1.0,0.0,0.0,,0.0,0.0,0.0,6.0,0.0,0.0,0.0,0.0,0.0,0.0,1.0,,12.0,Delhi,West
delhi,west,2018,0.0,0.0,3.0,0.0,0.0,0.0,0.0,0.0,0.0,0.0,0.0,0.0,0.0,0.0,1.0,0.0,0.0,1.0,0.0,0.0,1.0,,,0.0,0.0,0.0,0.0,,0.0,2.0,7.0,Delhi,West
delhi,west,2019,0.0,0.0,0.0,0.0,,0.0,0.0,0.0,0.0,0.0,0.0,0.0,0.0,0.0,1.0,0.0,1.0,1.0,2.0,0.0,0.0,1.0,0.0,0.0,0.0,0.0,0.0,0.0,0.0,0.0,6.0,Delhi,West
delhi,west,2020,,0.0,,0.0,1.0,0.0,0.0,0.0,0.0,0.0,0.0,0.0,0.0,0.0,1.0,0.0,1.0,0.0,0.0,0.0,1.0,0.0,0.0,0.0,0.0,0.0,0.0,0.0,0.0,0.0,3.0,Delhi,West
delhi,west,2021,,0.0,0.0,0.0,3.0,0.0,0.0,0.0,0.0,,0.0,,0.0,0.0,0.0,0.0,0.0,0.0,0.0,0.0,0.0,0.0,0.0,0.0,0.0,,0.0,0.0,0.0,0.0,0.0,Delhi,West
delhi,west,2022,0.0,0.0,0.0,0.0,3.0,0.0,0.0,0.0,0.0,0.0,0.0,0.0,0.0,0.0,4.0,0.0,,4.0,59.0,0.0,33.0,25.0,0.0,0.0,0.0,0.0,0.0,2.0,0.0,0.0,130.0,Delhi,West
goa,north goa,2017,0.0,0.0,0.0,0.0,0.0,0.0,0.0,0.0,0.0,0.0,,0.0,0.0,0.0,0.0,0.0,0.0,0.0,0.0,0.0,0.0,8.0,0.0,0.0,0.0,0.0,0.0,0.0,0.0,0.0,2.0,Goa,North Goa
goa,north goa,2018,1.0,0.0,1.0,0.0,7.0,0.0,2.0,0.0,0.0,0.0,0.0,0.0,0.0,0.0,0.0,0.0,0.0,0.0,0.0,0.0,0.0,11.0,0.0,0.0,0.0,0.0,0.0,0.0,0.0,0.0,11.0,Goa,North Goa
goa,north goa,2019,0.0,0.0,0.0,0.0,0.0,0.0,0.0,0.0,0.0,0.0,0.0,0.0,0.0,0.0,0.0,0.0,0.0,0.0,0.0,0.0,0.0,8.0,0.0,0.0,0.0,0.0,0.0,0.0,0.0,2.0,11.0,Goa,North Goa
goa,north goa,2020,0.0,0.0,3.0,0.0,2.0,0.0,0.0,0.0,0.0,0.0,0.0,0.0,0.0,0.0,0.0,0.0,0.0,0.0,0.0,0.0,0.0,15.0,0.0,0.0,0.0,0.0,0.0,0.0,0.0,1.0,16.0,Goa,North Goa
goa,north goa,2021,0.0,0.0,0.0,0.0,1.0,1.0,0.0,0.0,1.0,0.0,0.0,0.0,0.0,0.0,0.0,0.0,0.0,0.0,0.0,0.0,0.0,4.0,0.0,0.0,0.0,0.0,0.0,0.0,0.0,1.0,4.0,Goa,North Goa
goa,north goa,2022,0.0,0.0,2.0,0.0,9.0,0.0,0.0,0.0,1.0,0.0,0.0,0.0,0.0,0.0,1.0,0.0,0.0,0.0,0.0,0.0,0.0,31.0,0.0,0.0,0.0,0.0,0.0,1.0,0.0,1.0,10.0,Goa,North Goa
goa,south goa,2017,0.0,0.0,0.0,0.0,0.0,,0.0,0.0,0.0,0.0,0.0,0.0,0.0,,0.0,0.0,0.0,0.0,,0.0,0.0,,0.0,0.0,0.0,0.0,0.0,0.0,0.0,,0.0,Goa,South Goa
goa,south goa,2018,0.0,0.0,,0.0,0.0,,0.0,0.0,0.0,0.0,0.0,0.0,0.0,,0.0,0.0,0.0,0.0,0.0,,0.0,0.0,0.0,0.0,0.0,0.0,0.0,0.0,0.0,1.0,1.0,Goa,South Goa
goa,south goa,2019,,0.0,0.0,0.0,,,0.0,0.0,0.0,0.0,,0.0,0.0,0.0,0.0,,0.0,0.0,0.0,0.0,0.0,1.0,,0.0,,,0.0,0.0,0.0,0.0,1.0,Goa,South Goa
goa,south goa,2020,0.0,0.0,0.0,,0.0,0.0,0.0,0.0,0.0,0.0,0.0,0.0,0.0,0.0,1.0,0.0,0.0,0.0,0.0,,1.0,8.0,0.0,0.0,0.0,0.0,0.0,0.0,0.0,3.0,,Goa,South Goa
goa,south goa,2021,0.0,0.0,0.0,0.0,,0.0,0.0,0.0,0.0,0.0,,0.0,0.0,0.0,2.0,0.0,0.0,0.0,0.0,0.0,1.0,3.0,0.0,,0.0,0.0,0.0,0.0,0.0,2.0,8.0,Goa,South Goa
goa,south goa,2022,0.0,0.0,0.0,0.0,0.0,0.0,0.0,0.0,0.0,,0.0,0.0,0.0,0.0,0.0,0.0,0.0,2.0,4.0,0.0,5.0,14.0,,0.0,0.0,0.0,0.0,0.0,0.0,1.0,26.0,Goa,South Goa
gujarat,ahmadabad,2017,1.0,0.0,2.0,0.0,9.0,5.0,1.0,0.0,0.0,0.0,0.0,0.0,0.0,3.0,5.0,0.0,2.0,2.0,25.0,4.0,13.0,10.0,5.0,0.0,0.0,0.0,0.0,0.0,0.0,21.0,90.0,Gujarat,Ahmadabad
gujarat,ahmadabad,2018,2.0,0.0,1.0,0.0,0.0,7.0,4.0,0.0,0.0,0.0,0.0,0.0,1.0,2.0,0.0,0.0,8.0,20.0,37.0,1.0,2.0,49.0,4.0,0.0,2.0,0.0,0.0,0.0,0.0,22.0,145.0,Gujarat,Ahmadabad
gujarat,ahmadabad,2019,2.0,0.0,2.0,0.0,,5.0,1.0,0.0,0.0,0.0,,,0.0,1.0,4.0,,,1.0,3.0,1.0,1.0,88.0,2.0,0.0,0.0,0.0,,1.0,0.0,,122.0,Gujarat,Ahmadabad
gujarat,ahmadabad,2020,0.0,0.0,3.0,1.0,0.0,22.0,0.0,0.0,0.0,0.0,0.0,0.0,1.0,2.0,5.0,1.0,8.0,17.0,33.0,6.0,15.0,213.0,,0.0,0.0,0.0,0.0,3.0,0.0,55.0,336.0,Gujarat,Ahmadabad
gujarat,ahmadabad,2021,0.0,0.0,0.0,0.0,53.0,1.0,,0.0,0.0,0.0,0.0,0.0,0.0,2.0,16.0,0.0,39.0,23.0,38.0,8.0,26.0,214.0,7.0,0.0,0.0,0.0,0.0,1.0,1.0,28.0,414.0,Gujarat,Ahmadabad
gujarat,ahmadabad,2022,0.0,0.0,10.0,0.0,3.0,2.0,1.0,1.0,0.0,0.0,0.0,0.0,1.0,0.0,10.0,0.0,2.0,6.0,2.0,0.0,1.0,150.0,14.0,0.0,1.0,0.0,0.0,2.0,0.0,23.0,212.0,Gujarat,Ahmadabad
gujarat,amreli,2017,0.0,0.0,0.0,0.0,0.0,0.0,0.0,0.0,1.0,0.0,0.0,0.0,0.0,0.0,0.0,0.0,,1.0,0.0,0.0,0.0,0.0,,0.0,0.0,0.0,0.0,0.0,0.0,,2.0,Gujarat,Amreli
gujarat,amreli,2018,0.0,0.0,0.0,0.0,0.0,2.0,0.0,0.0,0.0,0.0,0.0,0.0,0.0,0.0,1.0,0.0,1.0,1.0,,0.0,0.0,11.0,0.0,0.0,0.0,0.0,0.0,1.0,0.0,3.0,18.0,Gujarat,Amreli
gujarat,amreli,2019,0.0,0.0,0.0,0.0,0.0,0.0,0.0,0.0,0.0,0.0,0.0,0.0,1.0,0.0,1.0,,1.0,1.0,0.0,1.0,0.0,2.0,1.0,0.0,1.0,0.0,0.0,,1.0,,13.0,Gujarat,Amreli
gujarat,amreli,2020,0.0,0.0,0.0,0.0,0.0,1.0,0.0,0.0,0.0,0.0,0.0,,0.0,1.0,3.0,0.0,0.0,0.0,0.0,0.0,0.0,1.0,0.0,0.0,0.0,0.0,0.0,0.0,0.0,,10.0,Gujarat,Amreli
gujarat,amreli,2021,0.0,,0.0,0.0,,0.0,0.0,0.0,0.0,0.0,,1.0,0.0,0.0,,0.0,0.0,0.0,1.0,0.0,0.0,4.0,0.0,,1.0,0.0,0.0,,0.0,5.0,12.0,Gujarat,Amreli
gujarat,amreli,2022,0.0,0.0,0.0,0.0,1.0,0.0,0.0,0.0,0.0,0.0,0.0,0.0,0.0,1.0,1.0,0.0,0.0,,0.0,0.0,0.0,1.0,0.0,,0.0,0.0,0.0,0.0,0.0,5.0,8.0,Gujarat,Amreli
gujarat,anand,2017,0.0,0.0,0.0,0.0,0.0,0.0,0.0,0.0,0.0,0.0,0.0,0.0,,0.0,0.0,0.0,0.0,0.0,0.0,0.0,0.0,0.0,0.0,0.0,,0.0,0.0,0.0,0.0,0.0,0.0,Gujarat,Anand
gujarat,anand,2019,0.0,0.0,0.0,1.0,,0.0,0.0,0.0,0.0,0.0,0.0,0.0,,1.0,0.0,0.0,0.0,,0.0,0.0,1.0,0.0,0.0,0.0,,0.0,0.0,0.0,,0.0,,Gujarat,Anand
gujarat,anand,2021,,0.0,0.0,0.0,1.0,6.0,0.0,0.0,,0.0,,,0.0,0.0,2.0,0.0,0.0,,,0.0,0.0,18.0,1.0,,,0.0,0.0,0.0,0.0,1.0,22.0,Gujarat,Anand
gujarat,anand,2022,0.0,0.0,0.0,0.0,1.0,1.0,0.0,0.0,0.0,0.0,0.0,0.0,,0.0,0.0,0.0,0.0,0.0,0.0,0.0,0.0,13.0,3.0,0.0,0.0,0.0,0.0,1.0,0.0,5.0,,Gujarat,Anand
gujarat,arvalli,2017,0.0,0.0,0.0,0.0,0.0,0.0,0.0,0.0,0.0,0.0,0.0,0.0,0.0,0.0,0.0,0.0,0.0,0.0,0.0,0.0,0.0,0.0,0.0,0.0,0.0,,0.0,0.0,0.0,,0.0,Gujarat,Arvalli
gujarat,arvalli,2018,0.0,0.0,0.0,0.0,1.0,0.0,0.0,0.0,0.0,0.0,0.0,0.0,0.0,,0.0,0.0,0.0,0.0,1.0,0.0,0.0,0.0,0.0,0.0,0.0,0.0,0.0,0.0,0.0,0.0,1.0,Gujarat,Arvalli
gujarat,arvalli,2019,0.0,0.0,,0.0,,,0.0,0.0,0.0,0.0,0.0,0.0,0.0,0.0,0.0,0.0,0.0,0.0,0.0,0.0,0.0,0.0,0.0,0.0,0.0,0.0,0.0,0.0,0.0,0.0,0.0,Gujarat,Arvalli
gujarat,arvalli,2020,0.0,0.0,0.0,0.0,2.0,0.0,,0.0,0.0,0.0,,0.0,0.0,0.0,0.0,0.0,0.0,,,0.0,0.0,0.0,0.0,0.0,0.0,0.0,0.0,0.0,0.0,0.0,0.0,Gujarat,Arvalli
gujarat,arvalli,2021,0.0,0.0,0.0,0.0,2.0,0.0,0.0,0.0,0.0,0.0,0.0,0.0,0.0,0.0,,0.0,,0.0,0.0,,0.0,0.0,0.0,0.0,0.0,0.0,0.0,0.0,0.0,0.0,0.0,Gujarat,Arvalli
gujarat,arvalli,2022,0.0,0.0,0.0,,1.0,1.0,0.0,0.0,,0.0,0.0,0.0,0.0,1.0,2.0,0.0,0.0,0.0,0.0,0.0,,,0.0,0.0,,,0.0,1.0,0.0,0.0,5.0,Gujarat,Arvalli
gujarat,banas kantha,2017,0.0,0.0,0.0,0.0,1.0,0.0,0.0,0.0,0.0,0.0,0.0,,0.0,0.0,0.0,,0.0,0.0,0.0,0.0,0.0,,0.0,0.0,0.0,0.0,0.0,0.0,0.0,0.0,0.0,Gujarat,Banas Kantha
gujarat,banas kantha,2018,0.0,0.0,0.0,0.0,4.0,0.0,0.0,0.0,0.0,0.0,0.0,0.0,0.0,0.0,0.0,1.0,0.0,0.0,0.0,0.0,0.0,,0.0,0.0,0.0,0.0,,0.0,0.0,7.0,10.0,Gujarat,Banas Kantha
gujarat,banas kantha,2019,0.0,,0.0,0.0,3.0,,0.0,0.0,0.0,0.0,0.0,0.0,0.0,0.0,,0.0,0.0,0.0,0.0,0.0,0.0,2.0,0.0,0.0,0.0,0.0,0.0,0.0,2.0,10.0,,Gujarat,Banas Kantha
gujarat,banas kantha,2020,0.0,0.0,,0.0,3.0,0.0,1.0,0.0,0.0,0.0,,0.0,0.0,0.0,,0.0,0.0,0.0,0.0,0.0,,2.0,1.0,0.0,0.0,0.0,0.0,0.0,0.0,6.0,9.0,Gujarat,Banas Kantha
gujarat,banas kantha,2021,0.0,0.0,0.0,4.0,,0.0,0.0,0.0,0.0,0.0,0.0,0.0,0.0,0.0,0.0,,0.0,0.0,0.0,0.0,0.0,11.0,0.0,0.0,0.0,0.0,0.0,0.0,0.0,15.0,26.0,Gujarat,Banas Kantha
gujarat,bhaaruch,2020,0.0,0.0,0.0,0.0,1.0,0.0,0.0,0.0,0.0,0.0,0.0,0.0,0.0,0.0,2.0,2.0,0.0,38.0,0.0,0.0,,24.0,0.0,0.0,0.0,0.0,0.0,0.0,0.0,0.0,66.0,Gujarat,Bhaaruch
gujarat,bharuch,2017,0.0,0.0,0.0,0.0,2.0,0.0,1.0,0.0,0.0,,0.0,0.0,0.0,0.0,0.0,0.0,0.0,0.0,1.0,0.0,0.0,0.0,0.0,,0.0,0.0,0.0,0.0,1.0,0.0,2.0,Gujarat,Bharuch
gujarat,bharuch,2018,,0.0,0.0,0.0,2.0,1.0,0.0,0.0,,0.0,0.0,0.0,0.0,0.0,1.0,,0.0,0.0,1.0,1.0,0.0,3.0,2.0,0.0,0.0,0.0,0.0,0.0,0.0,0.0,8.0,Gujarat,Bharuch
gujarat,bharuch,2019,0.0,0.0,0.0,0.0,1.0,0.0,0.0,0.0,0.0,0.0,0.0,0.0,1.0,0.0,,5.0,0.0,0.0,0.0,1.0,2.0,11.0,0.0,3.0,0.0,0.0,0.0,0.0,0.0,5.0,30.0,Gujarat,Bharuch
gujarat,bharuch,2021,0.0,0.0,0.0,0.0,1.0,0.0,0.0,0.0,0.0,,0.0,0.0,0.0,,0.0,4.0,0.0,0.0,0.0,0.0,0.0,19.0,1.0,0.0,0.0,0.0,0.0,0.0,0.0,7.0,,Gujarat,Bharuch
gujarat,bharuch,2022,0.0,0.0,,0.0,0.0,,0.0,0.0,0.0,0.0,0.0,0.0,,,1.0,0.0,0.0,5.0,2.0,,0.0,14.0,0.0,0.0,1.0,0.0,,0.0,1.0,2.0,26.0,Gujarat,Bharuch
gujarat,bhavnagar,2017,0.0,0.0,0.0,,0.0,1.0,,0.0,0.0,0.0,0.0,0.0,0.0,,0.0,0.0,,0.0,0.0,0.0,0.0,0.0,0.0,0.0,0.0,0.0,0.0,,0.0,0.0,0.0,Gujarat,Bhavnagar
gujarat,bhavnagar,2018,0.0,,0.0,0.0,1.0,2.0,0.0,0.0,0.0,0.0,0.0,0.0,0.0,0.0,0.0,0.0,,0.0,0.0,7.0,1.0,0.0,0.0,0.0,,0.0,0.0,0.0,0.0,0.0,8.0,Gujarat,Bhavnagar
gujarat,bhavnagar,2019,0.0,0.0,0.0,,,0.0,1.0,,0.0,0.0,,0.0,0.0,0.0,4.0,0.0,12.0,8.0,9.0,,0.0,2.0,0.0,0.0,0.0,0.0,0.0,0.0,0.0,,53.0,Gujarat,Bhavnagar
gujarat,bhavnagar,2020,0.0,0.0,0.0,0.0,0.0,9.0,0.0,0.0,0.0,0.0,0.0,0.0,0.0,1.0,0.0,0.0,0.0,0.0,4.0,0.0,1.0,0.0,0.0,0.0,0.0,0.0,0.0,0.0,0.0,0.0,9.0,Gujarat,Bhavnagar
gujarat,bhavnagar,2021,0.0,0.0,0.0,0.0,2.0,4.0,0.0,0.0,0.0,0.0,0.0,0.0,2.0,0.0,0.0,0.0,0.0,0.0,0.0,6.0,0.0,13.0,0.0,0.0,0.0,0.0,0.0,1.0,0.0,0.0,20.0,Gujarat,Bhavnagar
gujarat,bhavnagar,2022,0.0,0.0,0.0,1.0,4.0,0.0,0.0,0.0,1.0,0.0,0.0,0.0,1.0,0.0,1.0,0.0,1.0,1.0,2.0,0.0,0.0,7.0,0.0,0.0,0.0,0.0,0.0,,0.0,4.0,23.0,Gujarat,Bhavnagar
gujarat,botad,2017,0.0,0.0,0.0,0.0,0.0,0.0,0.0,0.0,0.0,0.0,0.0,0.0,0.0,0.0,,0.0,0.0,0.0,0.0,0.0,0.0,0.0,0.0,0.0,0.0,0.0,0.0,0.0,0.0,0.0,0.0,Gujarat,Botad
gujarat,botad,2018,0.0,0.0,0.0,0.0,0.0,0.0,0.0,0.0,0.0,0.0,0.0,0.0,0.0,,,0.0,0.0,0.0,0.0,0.0,0.0,2.0,0.0,0.0,,0.0,0.0,1.0,0.0,,4.0,Gujarat,Botad
gujarat,botad,2019,0.0,0.0,0.0,0.0,1.0,0.0,0.0,0.0,,0.0,0.0,0.0,1.0,0.0,1.0,0.0,0.0,0.0,0.0,0.0,0.0,0.0,0.0,,0.0,0.0,0.0,0.0,0.0,0.0,2.0,Gujarat,Botad
gujarat,botad,2020,0.0,0.0,0.0,0.0,0.0,0.0,0.0,0.0,,0.0,0.0,0.0,3.0,0.0,0.0,0.0,,0.0,0.0,2.0,0.0,0.0,0.0,,0.0,0.0,0.0,0.0,0.0,0.0,2.0,Gujarat,Botad
gujarat,botad,2021,,0.0,0.0,0.0,0.0,0.0,0.0,0.0,0.0,0.0,0.0,0.0,,0.0,0.0,0.0,0.0,0.0,0.0,0.0,0.0,0.0,,0.0,0.0,0.0,,,0.0,0.0,0.0,Gujarat,Botad
gujarat,botad,2022,0.0,0.0,0.0,,0.0,0.0,,0.0,0.0,0.0,0.0,0.0,0.0,1.0,1.0,0.0,0.0,0.0,0.0,,0.0,3.0,0.0,,0.0,0.0,0.0,0.0,0.0,0.0,,Gujarat,Botad
gujarat,chhotaudepur,2017,0.0,0.0,0.0,,0.0,0.0,0.0,,0.0,0.0,0.0,0.0,0.0,0.0,,0.0,0.0,0.0,,0.0,0.0,1.0,0.0,0.0,1.0,0.0,0.0,1.0,,,3.0,Gujarat,Chhotaudepur
gujarat,chhotaudepur,2018,0.0,0.0,0.0,,0.0,0.0,0.0,0.0,0.0,0.0,0.0,,0.0,0.0,0.0,0.0,0.0,0.0,,0.0,0.0,0.0,0.0,0.0,0.0,0.0,0.0,,0.0,1.0,1.0,Gujarat,Chhotaudepur
gujarat,chhotaudepur,2019,0.0,0.0,,0.0,0.0,0.0,0.0,0.0,0.0,0.0,0.0,0.0,0.0,0.0,0.0,0.0,0.0,0.0,0.0,0.0,,,0.0,0.0,0.0,0.0,0.0,0.0,0.0,0.0,0.0,Gujarat,Chhotaudepur
gujarat,chhotaudepur,2020,0.0,0.0,0.0,0.0,0.0,1.0,0.0,0.0,0.0,0.0,,,0.0,,0.0,0.0,,0.0,0.0,0.0,0.0,,0.0,0.0,0.0,0.0,0.0,,1.0,6.0,7.0,Gujarat,Chhotaudepur
gujarat,chhotaudepur,2021,0.0,0.0,,0.0,1.0,0.0,0.0,0.0,0.0,0.0,0.0,0.0,0.0,0.0,,0.0,0.0,0.0,0.0,,0.0,2.0,0.0,0.0,0.0,0.0,0.0,0.0,0.0,7.0,9.0,Gujarat,Chhotaudepur
gujarat,chhotaudepur,2022,0.0,0.0,0.0,0.0,,0.0,0.0,0.0,0.0,0.0,0.0,0.0,0.0,0.0,0.0,0.0,0.0,0.0,0.0,0.0,0.0,1.0,0.0,,0.0,0.0,0.0,,0.0,3.0,4.0,Gujarat,Chhotaudepur
gujarat,dang,2017,0.0,0.0,0.0,0.0,0.0,0.0,0.0,0.0,0.0,0.0,,0.0,0.0,0.0,0.0,0.0,,0.0,0.0,0.0,0.0,0.0,0.0,0.0,0.0,0.0,0.0,0.0,,0.0,0.0,Gujarat,Dang
gujarat,dang,2018,,0.0,0.0,,0.0,0.0,0.0,0.0,0.0,0.0,0.0,,,0.0,0.0,0.0,0.0,0.0,0.0,0.0,0.0,0.0,0.0,0.0,0.0,0.0,0.0,0.0,0.0,,0.0,Gujarat,Dang
gujarat,dang,2019,0.0,0.0,0.0,0.0,0.0,0.0,,0.0,0.0,0.0,,0.0,0.0,0.0,0.0,0.0,0.0,0.0,0.0,,0.0,0.0,0.0,0.0,0.0,0.0,0.0,0.0,0.0,0.0,0.0,Gujarat,Dang
gujarat,dang,2020,0.0,,0.0,0.0,0.0,0.0,0.0,0.0,0.0,0.0,0.0,0.0,,0.0,0.0,,0.0,0.0,0.0,0.0,0.0,0.0,0.0,0.0,0.0,0.0,0.0,0.0,0.0,,0.0,Gujarat,Dang
gujarat,dang,2021,0.0,0.0,0.0,0.0,0.0,,,0.0,0.0,0.0,,0.0,0.0,,0.0,0.0,0.0,,0.0,0.0,0.0,0.0,0.0,0.0,0.0,0.0,0.0,0.0,0.0,0.0,0.0,Gujarat,Dang
gujarat,dang,2022,0.0,0.0,0.0,0.0,0.0,0.0,0.0,0.0,0.0,0.0,0.0,0.0,0.0,0.0,0.0,0.0,0.0,0.0,0.0,0.0,0.0,0.0,0.0,0.0,0.0,0.0,,0.0,0.0,0.0,0.0,Gujarat,Dang
gujarat,devbhumi dwarka,2017,0.0,,,0.0,0.0,0.0,0.0,0.0,,0.0,0.0,0.0,0.0,0.0,0.0,0.0,0.0,5.0,0.0,,0.0,0.0,,0.0,0.0,0.0,0.0,0.0,0.0,0.0,5.0,Gujarat,Devbhumi Dwarka
gujarat,devbhumi dwarka,2018,0.0,0.0,0.0,0.0,0.0,0.0,0.0,0.0,0.0,0.0,0.0,0.0,0.0,0.0,0.0,0.0,0.0,0.0,0.0,0.0,0.0,0.0,0.0,0.0,0.0,0.0,0.0,0.0,0.0,0.0,0.0,Gujarat,Devbhumi Dwarka
gujarat,devbhumi dwarka,2019,0.0,0.0,0.0,0.0,0.0,,,0.0,,0.0,0.0,0.0,1.0,0.0,0.0,0.0,,,0.0,0.0,0.0,0.0,1.0,0.0,1.0,,0.0,,,,3.0,Gujarat,Devbhumi Dwarka
gujarat,devbhumi dwarka,2020,0.0,0.0,0.0,0.0,0.0,2.0,0.0,0.0,0.0,,,0.0,0.0,0.0,,0.0,0.0,0.0,0.0,0.0,0.0,2.0,0.0,0.0,0.0,0.0,0.0,0.0,0.0,1.0,4.0,Gujarat,Devbhumi Dwarka
gujarat,devbhumi dwarka,2021,0.0,0.0,,0.0,1.0,1.0,0.0,0.0,0.0,0.0,0.0,0.0,0.0,0.0,1.0,0.0,0.0,0.0,0.0,,0.0,1.0,0.0,0.0,0.0,0.0,0.0,0.0,0.0,0.0,2.0,Gujarat,Devbhumi Dwarka
gujarat,devbhumi dwarka,2022,0.0,0.0,0.0,0.0,0.0,,0.0,0.0,0.0,0.0,0.0,0.0,0.0,0.0,0.0,,0.0,0.0,0.0,0.0,0.0,2.0,0.0,,0.0,0.0,0.0,0.0,0.0,3.0,5.0,Gujarat,Devbhumi Dwarka
gujarat,dohad,2017,0.0,0.0,0.0,0.0,0.0,2.0,0.0,,,0.0,0.0,0.0,0.0,0.0,0.0,0.0,0.0,,,0.0,0.0,0.0,0.0,0.0,,0.0,0.0,0.0,0.0,0.0,0.0,Gujarat,Dohad
gujarat,dohad,2018,0.0,0.0,0.0,0.0,,4.0,0.0,0.0,0.0,0.0,0.0,0.0,0.0,0.0,0.0,0.0,0.0,1.0,0.0,,0.0,0.0,0.0,0.0,0.0,0.0,0.0,0.0,,0.0,1.0,Gujarat,Dohad
gujarat,dohad,2019,0.0,0.0,0.0,1.0,0.0,,0.0,,0.0,0.0,0.0,0.0,0.0,0.0,0.0,1.0,0.0,0.0,0.0,,0.0,,,0.0,0.0,0.0,,0.0,,0.0,1.0,Gujarat,Dohad
gujarat,dohad,2020,0.0,0.0,0.0,,2.0,0.0,0.0,0.0,0.0,0.0,0.0,0.0,0.0,0.0,0.0,0.0,0.0,,0.0,0.0,0.0,0.0,0.0,0.0,0.0,,0.0,0.0,0.0,,,Gujarat,Dohad
gujarat,dohad,2021,0.0,0.0,0.0,,0.0,,,0.0,0.0,0.0,0.0,0.0,0.0,0.0,0.0,0.0,0.0,0.0,0.0,0.0,0.0,18.0,,0.0,0.0,,0.0,2.0,0.0,0.0,20.0,Gujarat,Dohad
gujarat,dohad,2022,0.0,0.0,0.0,0.0,,0.0,0.0,,0.0,0.0,0.0,0.0,0.0,0.0,2.0,0.0,0.0,0.0,0.0,0.0,0.0,2.0,,0.0,0.0,0.0,0.0,2.0,0.0,1.0,7.0,Gujarat,Dohad
gujarat,gandhinagar,2017,0.0,0.0,0.0,0.0,0.0,3.0,0.0,0.0,0.0,0.0,0.0,0.0,0.0,0.0,0.0,0.0,0.0,3.0,3.0,3.0,6.0,0.0,3.0,0.0,3.0,0.0,0.0,0.0,0.0,1.0,22.0,Gujarat,Gandhinagar
gujarat,gandhinagar,2018,0.0,0.0,0.0,0.0,0.0,1.0,0.0,0.0,0.0,0.0,0.0,0.0,0.0,0.0,0.0,0.0,0.0,6.0,0.0,1.0,6.0,0.0,0.0,0.0,1.0,0.0,,0.0,0.0,2.0,16.0,Gujarat,Gandhinagar
gujarat,gandhinagar,2019,0.0,0.0,,0.0,0.0,2.0,0.0,0.0,0.0,0.0,0.0,0.0,0.0,1.0,0.0,0.0,0.0,0.0,0.0,4.0,2.0,0.0,0.0,0.0,5.0,0.0,0.0,0.0,0.0,0.0,11.0,Gujarat,Gandhinagar
gujarat,gandhinagar,2020,0.0,0.0,0.0,0.0,8.0,0.0,0.0,0.0,0.0,0.0,0.0,0.0,0.0,0.0,0.0,0.0,0.0,0.0,0.0,3.0,0.0,39.0,3.0,0.0,0.0,0.0,0.0,0.0,1.0,0.0,46.0,Gujarat,Gandhinagar
gujarat,gandhinagar,2021,0.0,0.0,0.0,0.0,6.0,0.0,0.0,0.0,0.0,0.0,0.0,0.0,0.0,1.0,1.0,1.0,4.0,0.0,4.0,0.0,0.0,25.0,5.0,0.0,0.0,0.0,0.0,4.0,0.0,0.0,58.0,Gujarat,Gandhinagar
gujarat,gandhinagar,2022,0.0,0.0,0.0,0.0,2.0,0.0,0.0,0.0,0.0,0.0,0.0,0.0,0.0,1.0,0.0,0.0,1.0,0.0,0.0,0.0,0.0,16.0,3.0,0.0,0.0,0.0,0.0,0.0,0.0,8.0,34.0,Gujarat,Gandhinagar
gujarat,gir somnath,2017,,0.0,0.0,0.0,0.0,0.0,0.0,,0.0,0.0,0.0,0.0,0.0,,1.0,0.0,0.0,0.0,0.0,0.0,0.0,3.0,0.0,0.0,,0.0,,0.0,0.0,,4.0,Gujarat,Gir Somnath
gujarat,gir somnath,2018,0.0,0.0,0.0,0.0,0.0,0.0,0.0,0.0,0.0,0.0,0.0,0.0,0.0,0.0,0.0,3.0,0.0,0.0,0.0,0.0,0.0,0.0,0.0,0.0,0.0,0.0,0.0,0.0,0.0,6.0,9.0,Gujarat,Gir Somnath
gujarat,gir somnath,2021,0.0,0.0,0.0,0.0,0.0,0.0,0.0,0.0,0.0,0.0,0.0,0.0,0.0,0.0,,0.0,0.0,0.0,1.0,0.0,,0.0,,0.0,0.0,0.0,0.0,0.0,0.0,0.0,1.0,Gujarat,Gir Somnath
gujarat,gir somnath,2022,0.0,0.0,0.0,0.0,1.0,0.0,0.0,0.0,0.0,0.0,,,0.0,0.0,0.0,0.0,0.0,0.0,0.0,0.0,0.0,1.0,0.0,0.0,0.0,0.0,0.0,0.0,,,2.0,Gujarat,Gir Somnath
gujarat,jamnagar,2017,0.0,0.0,2.0,0.0,0.0,0.0,0.0,0.0,0.0,0.0,0.0,0.0,0.0,0.0,0.0,0.0,0.0,3.0,2.0,0.0,0.0,0.0,,0.0,0.0,0.0,0.0,0.0,0.0,0.0,5.0,Gujarat,Jamnagar
gujarat,jamnagar,2018,,0.0,10.0,0.0,0.0,0.0,0.0,,,0.0,0.0,0.0,0.0,0.0,0.0,,0.0,,0.0,0.0,0.0,0.0,0.0,0.0,0.0,0.0,0.0,1.0,,1.0,2.0,Gujarat,Jamnagar
gujarat,jamnagar,2019,0.0,0.0,0.0,0.0,0.0,0.0,0.0,0.0,1.0,0.0,0.0,0.0,1.0,0.0,1.0,0.0,0.0,0.0,1.0,1.0,0.0,0.0,5.0,0.0,,0.0,0.0,0.0,0.0,,8.0,Gujarat,Jamnagar
gujarat,jamnagar,2020,0.0,0.0,0.0,0.0,,0.0,0.0,0.0,1.0,,0.0,0.0,0.0,5.0,0.0,,0.0,0.0,,0.0,0.0,9.0,,,0.0,0.0,0.0,0.0,0.0,,9.0,Gujarat,Jamnagar
gujarat,jamnagar,2021,0.0,0.0,0.0,0.0,2.0,0.0,0.0,0.0,0.0,0.0,0.0,0.0,,4.0,0.0,0.0,0.0,,2.0,0.0,0.0,0.0,0.0,0.0,0.0,,0.0,0.0,0.0,0.0,2.0,Gujarat,Jamnagar
gujarat,jamnagar,2022,0.0,0.0,0.0,0.0,0.0,2.0,0.0,,2.0,0.0,0.0,0.0,0.0,1.0,1.0,0.0,0.0,0.0,0.0,0.0,0.0,,,0.0,0.0,0.0,,2.0,0.0,3.0,12.0,Gujarat,Jamnagar
gujarat,junagadh,2018,11.0,0.0,0.0,,5.0,,0.0,0.0,0.0,0.0,0.0,0.0,0.0,2.0,1.0,,0.0,4.0,0.0,0.0,0.0,0.0,0.0,0.0,0.0,,0.0,0.0,0.0,1.0,6.0,Gujarat,Junagadh
gujarat,junagadh,2019,0.0,,0.0,2.0,4.0,5.0,0.0,,1.0,0.0,0.0,0.0,1.0,0.0,0.0,1.0,3.0,0.0,1.0,0.0,,,0.0,0.0,0.0,0.0,0.0,0.0,0.0,,11.0,Gujarat,Junagadh
gujarat,junagadh,2020,0.0,0.0,0.0,0.0,7.0,2.0,0.0,0.0,0.0,0.0,0.0,0.0,0.0,1.0,2.0,1.0,0.0,,7.0,2.0,3.0,0.0,0.0,0.0,0.0,0.0,0.0,0.0,0.0,24.0,43.0,Gujarat,Junagadh
gujarat,junagadh,2021,0.0,0.0,0.0,0.0,5.0,23.0,0.0,0.0,0.0,0.0,0.0,0.0,0.0,0.0,0.0,0.0,0.0,0.0,6.0,0.0,0.0,57.0,6.0,0.0,0.0,0.0,,0.0,0.0,3.0,72.0,Gujarat,Junagadh
gujarat,junagadh,2022,0.0,0.0,0.0,0.0,5.0,0.0,0.0,0.0,0.0,0.0,0.0,0.0,0.0,0.0,0.0,1.0,0.0,0.0,7.0,0.0,0.0,37.0,0.0,0.0,0.0,0.0,0.0,2.0,0.0,1.0,48.0,Gujarat,Junagadh
gujarat,kaachchh,2017,0.0,0.0,0.0,0.0,0.0,0.0,0.0,0.0,0.0,0.0,0.0,0.0,,0.0,,,,,0.0,0.0,0.0,0.0,1.0,,3.0,0.0,,0.0,0.0,0.0,4.0,Gujarat,Kaachchh
gujarat,kaachchh,2022,0.0,0.0,0.0,0.0,0.0,0.0,0.0,0.0,0.0,0.0,0.0,0.0,0.0,0.0,,0.0,0.0,0.0,,0.0,0.0,,0.0,,0.0,0.0,,0.0,0.0,0.0,0.0,Gujarat,Kaachchh
gujarat,kachchh,2017,,0.0,,0.0,0.0,0.0,0.0,0.0,0.0,,0.0,0.0,0.0,0.0,1.0,0.0,,1.0,0.0,2.0,,0.0,0.0,0.0,,0.0,0.0,0.0,0.0,0.0,11.0,Gujarat,Kachchh
gujarat,kachchh,2018,0.0,0.0,0.0,0.0,0.0,0.0,0.0,0.0,0.0,0.0,0.0,0.0,0.0,0.0,0.0,0.0,0.0,0.0,0.0,0.0,0.0,0.0,0.0,0.0,0.0,0.0,0.0,0.0,0.0,3.0,10.0,Gujarat,Kachchh
gujarat,kachchh,2019,0.0,0.0,0.0,0.0,0.0,0.0,0.0,0.0,0.0,0.0,0.0,0.0,0.0,2.0,0.0,0.0,0.0,0.0,11.0,0.0,0.0,0.0,0.0,0.0,0.0,0.0,0.0,1.0,0.0,2.0,14.0,Gujarat,Kachchh
gujarat,kachchh,2020,0.0,0.0,0.0,0.0,1.0,0.0,0.0,0.0,0.0,0.0,0.0,0.0,2.0,0.0,0.0,0.0,0.0,0.0,0.0,0.0,0.0,28.0,0.0,0.0,0.0,0.0,0.0,0.0,0.0,9.0,37.0,Gujarat,Kachchh
gujarat,kachchh,2021,0.0,0.0,0.0,0.0,5.0,0.0,0.0,0.0,0.0,0.0,0.0,1.0,0.0,0.0,0.0,0.0,0.0,0.0,0.0,0.0,0.0,0.0,0.0,0.0,0.0,0.0,0.0,0.0,0.0,0.0,0.0,Gujarat,Kachchh
gujarat,kachchh,2022,0.0,0.0,0.0,0.0,3.0,1.0,0.0,0.0,0.0,0.0,,0.0,1.0,0.0,3.0,0.0,1.0,0.0,5.0,3.0,0.0,21.0,0.0,0.0,0.0,0.0,0.0,0.0,0.0,3.0,46.0,Gujarat,Kachchh
gujarat,kheda,2017,0.0,0.0,0.0,0.0,0.0,0.0,0.0,0.0,0.0,0.0,0.0,0.0,,0.0,0.0,0.0,0.0,0.0,0.0,0.0,0.0,0.0,0.0,0.0,0.0,0.0,0.0,0.0,,0.0,0.0,Gujarat,Kheda
gujarat,kheda,2018,0.0,0.0,0.0,0.0,0.0,0.0,0.0,0.0,0.0,0.0,,0.0,0.0,0.0,1.0,0.0,0.0,0.0,0.0,0.0,0.0,0.0,0.0,0.0,0.0,0.0,0.0,0.0,0.0,0.0,1.0,Gujarat,Kheda
gujarat,kheda,2019,0.0,0.0,0.0,0.0,0.0,0.0,0.0,0.0,0.0,0.0,0.0,0.0,0.0,0.0,0.0,0.0,0.0,0.0,0.0,0.0,0.0,0.0,,0.0,0.0,,0.0,0.0,0.0,7.0,,Gujarat,Kheda
gujarat,kheda,2020,0.0,0.0,0.0,,0.0,0.0,0.0,0.0,0.0,0.0,0.0,0.0,0.0,0.0,0.0,0.0,0.0,,0.0,,,0.0,0.0,0.0,0.0,0.0,0.0,0.0,0.0,,2.0,Gujarat,Kheda
gujarat,kheda,2021,,0.0,0.0,,,0.0,,0.0,0.0,0.0,0.0,0.0,0.0,,0.0,,0.0,0.0,0.0,,0.0,0.0,,,0.0,0.0,0.0,0.0,0.0,0.0,0.0,Gujarat,Kheda
gujarat,kheda,2022,0.0,0.0,0.0,0.0,0.0,0.0,0.0,0.0,0.0,0.0,0.0,0.0,0.0,0.0,0.0,0.0,0.0,0.0,0.0,0.0,0.0,27.0,0.0,0.0,0.0,,0.0,0.0,0.0,4.0,31.0,Gujarat,Kheda
gujarat,mahesana,2017,,0.0,1.0,0.0,0.0,1.0,0.0,,0.0,0.0,0.0,0.0,0.0,1.0,1.0,0.0,0.0,4.0,0.0,,0.0,0.0,0.0,0.0,0.0,0.0,0.0,0.0,0.0,0.0,5.0,Gujarat,Mahesana
gujarat,mahesana,2018,0.0,0.0,0.0,,0.0,,0.0,0.0,0.0,0.0,0.0,0.0,0.0,6.0,1.0,0.0,0.0,0.0,0.0,,0.0,,,0.0,0.0,,0.0,0.0,0.0,,4.0,Gujarat,Mahesana
gujarat,mahesana,2019,0.0,0.0,0.0,0.0,1.0,0.0,1.0,,0.0,0.0,0.0,0.0,0.0,0.0,1.0,,0.0,0.0,1.0,0.0,0.0,0.0,0.0,0.0,0.0,0.0,0.0,0.0,0.0,0.0,2.0,Gujarat,Mahesana
gujarat,mahesana,2020,0.0,0.0,0.0,0.0,0.0,7.0,,0.0,0.0,0.0,,1.0,0.0,0.0,0.0,0.0,0.0,0.0,0.0,0.0,0.0,0.0,0.0,0.0,0.0,0.0,0.0,0.0,,0.0,0.0,Gujarat,Mahesana
gujarat,mahesana,2021,0.0,,5.0,0.0,,0.0,0.0,0.0,0.0,0.0,0.0,0.0,0.0,0.0,0.0,0.0,0.0,0.0,0.0,0.0,0.0,0.0,0.0,0.0,,,,0.0,0.0,0.0,,Gujarat,Mahesana
gujarat,mahesana,2022,1.0,,1.0,0.0,,0.0,,0.0,0.0,0.0,0.0,0.0,0.0,0.0,1.0,0.0,0.0,0.0,0.0,0.0,,8.0,0.0,0.0,0.0,0.0,,0.0,0.0,5.0,,Gujarat,Mahesana
gujarat,mahisagar,2017,0.0,0.0,0.0,0.0,0.0,0.0,0.0,,,0.0,0.0,0.0,0.0,0.0,,0.0,0.0,0.0,0.0,0.0,0.0,0.0,0.0,0.0,0.0,0.0,0.0,0.0,,1.0,1.0,Gujarat,Mahisagar
gujarat,mahisagar,2018,0.0,0.0,0.0,,0.0,0.0,0.0,0.0,0.0,0.0,0.0,0.0,0.0,0.0,0.0,0.0,0.0,0.0,0.0,0.0,0.0,0.0,,0.0,0.0,,0.0,0.0,,0.0,,Gujarat,Mahisagar
gujarat,mahisagar,2019,0.0,0.0,0.0,0.0,0.0,,0.0,0.0,0.0,0.0,0.0,0.0,0.0,0.0,0.0,0.0,,0.0,0.0,,0.0,,0.0,0.0,0.0,0.0,0.0,0.0,0.0,0.0,0.0,Gujarat,Mahisagar
gujarat,mahisagar,2020,0.0,0.0,,0.0,0.0,0.0,1.0,0.0,0.0,0.0,0.0,0.0,0.0,2.0,0.0,0.0,0.0,0.0,0.0,0.0,4.0,0.0,0.0,0.0,0.0,0.0,0.0,,0.0,0.0,4.0,Gujarat,Mahisagar
gujarat,mahisagar,2021,0.0,0.0,0.0,0.0,1.0,0.0,0.0,0.0,0.0,0.0,0.0,0.0,0.0,0.0,0.0,,0.0,,0.0,0.0,0.0,0.0,0.0,0.0,0.0,0.0,0.0,,0.0,0.0,0.0,Gujarat,Mahisagar
gujarat,mahisagar,2022,0.0,0.0,0.0,0.0,2.0,0.0,0.0,0.0,0.0,0.0,0.0,0.0,0.0,0.0,0.0,0.0,0.0,0.0,,0.0,0.0,2.0,0.0,0.0,0.0,0.0,0.0,0.0,0.0,2.0,4.0,Gujarat,Mahisagar
gujarat,morbi,2017,0.0,,0.0,0.0,0.0,0.0,0.0,0.0,0.0,0.0,0.0,0.0,,0.0,0.0,0.0,0.0,0.0,0.0,0.0,0.0,0.0,0.0,0.0,0.0,,0.0,1.0,0.0,1.0,2.0,Gujarat,Morbi
gujarat,morbi,2018,0.0,0.0,0.0,0.0,1.0,0.0,,0.0,,0.0,0.0,0.0,0.0,1.0,0.0,0.0,0.0,0.0,0.0,0.0,1.0,0.0,1.0,1.0,0.0,0.0,0.0,1.0,0.0,2.0,,Gujarat,Morbi
gujarat,morbi,2019,0.0,0.0,0.0,0.0,,1.0,0.0,0.0,0.0,0.0,0.0,,0.0,0.0,0.0,0.0,,0.0,,0.0,2.0,0.0,0.0,0.0,0.0,0.0,0.0,0.0,0.0,3.0,5.0,Gujarat,Morbi
gujarat,morbi,2020,0.0,0.0,,0.0,0.0,2.0,0.0,0.0,0.0,0.0,0.0,0.0,0.0,0.0,0.0,0.0,0.0,0.0,0.0,0.0,0.0,0.0,0.0,0.0,0.0,0.0,0.0,0.0,0.0,0.0,0.0,Gujarat,Morbi
gujarat,morbi,2021,0.0,0.0,0.0,0.0,0.0,0.0,0.0,0.0,0.0,0.0,0.0,0.0,0.0,0.0,0.0,0.0,0.0,0.0,0.0,0.0,,0.0,0.0,0.0,0.0,0.0,0.0,0.0,0.0,0.0,,Gujarat,Morbi
gujarat,morbi,2022,0.0,0.0,0.0,0.0,2.0,,0.0,0.0,0.0,0.0,0.0,0.0,0.0,0.0,0.0,0.0,,0.0,0.0,0.0,0.0,2.0,0.0,0.0,0.0,0.0,0.0,0.0,0.0,4.0,6.0,Gujarat,Morbi
gujarat,naarmada,2019,,1.0,,0.0,0.0,0.0,,0.0,,0.0,0.0,0.0,0.0,0.0,0.0,0.0,0.0,,0.0,0.0,0.0,0.0,0.0,0.0,0.0,0.0,0.0,0.0,,0.0,0.0,Gujarat,Naarmada
gujarat,narmada,2017,0.0,,,0.0,0.0,0.0,0.0,0.0,0.0,0.0,0.0,0.0,0.0,0.0,0.0,0.0,0.0,0.0,0.0,0.0,,0.0,0.0,0.0,0.0,0.0,0.0,0.0,0.0,0.0,0.0,Gujarat,Narmada
gujarat,narmada,2018,0.0,0.0,0.0,0.0,0.0,0.0,0.0,0.0,0.0,0.0,0.0,0.0,0.0,,0.0,0.0,0.0,0.0,0.0,0.0,0.0,0.0,0.0,,0.0,0.0,,0.0,0.0,0.0,0.0,Gujarat,Narmada
gujarat,narmada,2020,0.0,0.0,0.0,0.0,0.0,0.0,0.0,0.0,0.0,0.0,0.0,,0.0,0.0,0.0,0.0,0.0,0.0,,1.0,0.0,3.0,0.0,0.0,0.0,0.0,0.0,0.0,0.0,2.0,6.0,Gujarat,Narmada
gujarat,narmada,2021,0.0,0.0,1.0,0.0,,0.0,0.0,,0.0,0.0,0.0,,0.0,0.0,0.0,,0.0,0.0,5.0,0.0,0.0,0.0,0.0,0.0,0.0,0.0,0.0,0.0,0.0,0.0,5.0,Gujarat,Narmada
gujarat,narmada,2022,,0.0,0.0,,0.0,0.0,0.0,0.0,0.0,0.0,0.0,0.0,0.0,0.0,1.0,0.0,0.0,0.0,0.0,0.0,0.0,2.0,0.0,0.0,0.0,0.0,0.0,0.0,0.0,0.0,3.0,Gujarat,Narmada
gujarat,navsari,2017,0.0,0.0,0.0,0.0,0.0,0.0,0.0,0.0,0.0,0.0,0.0,,0.0,0.0,0.0,0.0,0.0,0.0,0.0,1.0,1.0,1.0,0.0,0.0,0.0,0.0,0.0,0.0,,3.0,6.0,Gujarat,Navsari
gujarat,navsari,2018,,,0.0,0.0,0.0,,0.0,0.0,0.0,0.0,0.0,0.0,0.0,0.0,,0.0,0.0,4.0,0.0,0.0,0.0,1.0,0.0,,0.0,0.0,0.0,,0.0,5.0,10.0,Gujarat,Navsari
gujarat,navsari,2020,0.0,0.0,0.0,,0.0,0.0,0.0,0.0,0.0,0.0,0.0,0.0,0.0,0.0,0.0,0.0,0.0,0.0,0.0,0.0,0.0,4.0,1.0,0.0,,0.0,0.0,0.0,0.0,2.0,7.0,Gujarat,Navsari
gujarat,navsari,2021,0.0,0.0,0.0,0.0,2.0,0.0,0.0,0.0,,0.0,0.0,0.0,0.0,1.0,0.0,0.0,0.0,0.0,0.0,0.0,0.0,3.0,0.0,0.0,0.0,,0.0,0.0,0.0,1.0,4.0,Gujarat,Navsari
gujarat,navsari,2022,0.0,0.0,0.0,0.0,1.0,0.0,1.0,0.0,0.0,0.0,0.0,0.0,0.0,0.0,0.0,1.0,0.0,0.0,0.0,0.0,0.0,4.0,,0.0,0.0,0.0,0.0,1.0,0.0,4.0,10.0,Gujarat,Navsari
gujarat,paatan,2018,0.0,0.0,0.0,0.0,0.0,0.0,0.0,0.0,0.0,0.0,0.0,0.0,0.0,0.0,,0.0,0.0,,0.0,0.0,0.0,0.0,0.0,0.0,0.0,0.0,0.0,0.0,0.0,2.0,2.0,Gujarat,Paatan
gujarat,panch mahals,2017,0.0,0.0,0.0,0.0,0.0,0.0,,0.0,0.0,,0.0,0.0,0.0,0.0,2.0,0.0,0.0,1.0,,0.0,,1.0,0.0,0.0,0.0,0.0,0.0,1.0,0.0,0.0,5.0,Gujarat,Panch Mahals
gujarat,panch mahals,2018,0.0,0.0,0.0,0.0,0.0,0.0,0.0,0.0,,,0.0,0.0,0.0,0.0,0.0,0.0,,0.0,0.0,0.0,0.0,0.0,,0.0,,0.0,0.0,,0.0,0.0,0.0,Gujarat,Panch Mahals
gujarat,panch mahals,2019,0.0,0.0,0.0,0.0,0.0,1.0,,0.0,1.0,0.0,0.0,0.0,0.0,0.0,1.0,0.0,0.0,0.0,0.0,0.0,0.0,0.0,0.0,0.0,0.0,0.0,0.0,0.0,0.0,0.0,1.0,Gujarat,Panch Mahals
gujarat,panch mahals,2020,0.0,0.0,0.0,0.0,1.0,0.0,0.0,0.0,0.0,0.0,0.0,0.0,0.0,0.0,0.0,0.0,0.0,0.0,0.0,0.0,0.0,0.0,0.0,0.0,0.0,0.0,0.0,0.0,0.0,0.0,0.0,Gujarat,Panch Mahals
gujarat,panch mahals,2021,0.0,0.0,0.0,0.0,0.0,0.0,0.0,0.0,0.0,0.0,0.0,1.0,0.0,0.0,0.0,0.0,0.0,0.0,0.0,0.0,0.0,5.0,8.0,0.0,0.0,0.0,0.0,0.0,0.0,0.0,13.0,Gujarat,Panch Mahals
gujarat,panch mahals,2022,0.0,0.0,0.0,0.0,0.0,1.0,0.0,0.0,0.0,0.0,0.0,0.0,1.0,0.0,2.0,0.0,0.0,0.0,0.0,0.0,0.0,4.0,0.0,0.0,0.0,0.0,0.0,0.0,0.0,0.0,7.0,Gujarat,Panch Mahals
gujarat,patan,2019,0.0,0.0,0.0,,0.0,0.0,0.0,0.0,0.0,0.0,0.0,0.0,,0.0,0.0,0.0,0.0,1.0,0.0,0.0,0.0,2.0,0.0,0.0,0.0,0.0,0.0,0.0,1.0,4.0,8.0,Gujarat,Patan
gujarat,patan,2020,,0.0,0.0,0.0,1.0,,,0.0,0.0,0.0,0.0,,0.0,0.0,3.0,0.0,,1.0,1.0,1.0,0.0,,0.0,0.0,0.0,0.0,0.0,1.0,0.0,3.0,12.0,Gujarat,Patan
gujarat,patan,2021,,0.0,0.0,0.0,0.0,0.0,0.0,0.0,0.0,0.0,0.0,0.0,0.0,,1.0,,2.0,,0.0,,0.0,2.0,0.0,0.0,0.0,0.0,,0.0,0.0,3.0,,Gujarat,Patan
gujarat,patan,2022,0.0,0.0,0.0,8.0,0.0,0.0,0.0,0.0,0.0,0.0,0.0,0.0,0.0,0.0,1.0,0.0,0.0,0.0,0.0,0.0,0.0,7.0,0.0,,0.0,0.0,0.0,1.0,0.0,1.0,,Gujarat,Patan
gujarat,porbandar,2017,0.0,0.0,,0.0,5.0,0.0,0.0,0.0,0.0,0.0,0.0,0.0,0.0,0.0,1.0,0.0,,0.0,0.0,0.0,0.0,0.0,0.0,0.0,0.0,0.0,0.0,0.0,,0.0,1.0,Gujarat,Porbandar
gujarat,porbandar,2018,0.0,,,0.0,1.0,0.0,0.0,0.0,0.0,0.0,0.0,0.0,0.0,1.0,,0.0,0.0,,0.0,0.0,0.0,0.0,,0.0,0.0,0.0,0.0,0.0,,0.0,3.0,Gujarat,Porbandar
gujarat,porbandar,2019,0.0,0.0,0.0,0.0,0.0,0.0,0.0,0.0,0.0,0.0,0.0,0.0,0.0,1.0,0.0,0.0,0.0,0.0,0.0,0.0,0.0,0.0,0.0,0.0,0.0,0.0,0.0,0.0,,0.0,1.0,Gujarat,Porbandar
gujarat,porbandar,2020,,0.0,0.0,,1.0,0.0,0.0,0.0,0.0,,0.0,0.0,0.0,0.0,0.0,,0.0,0.0,0.0,0.0,1.0,0.0,0.0,0.0,0.0,0.0,0.0,1.0,0.0,0.0,2.0,Gujarat,Porbandar
gujarat,porbandar,2021,0.0,0.0,0.0,0.0,1.0,0.0,0.0,0.0,0.0,0.0,0.0,0.0,0.0,0.0,0.0,0.0,0.0,0.0,0.0,0.0,0.0,0.0,0.0,0.0,0.0,0.0,0.0,0.0,0.0,0.0,0.0,Gujarat,Porbandar
gujarat,porbandar,2022,0.0,0.0,0.0,0.0,3.0,0.0,0.0,,0.0,0.0,0.0,0.0,0.0,0.0,0.0,0.0,0.0,0.0,,0.0,0.0,1.0,1.0,,0.0,0.0,0.0,0.0,0.0,1.0,,Gujarat,Porbandar
gujarat,rajkot,2017,1.0,0.0,0.0,1.0,6.0,1.0,0.0,0.0,0.0,0.0,0.0,0.0,0.0,0.0,2.0,0.0,0.0,0.0,0.0,0.0,0.0,4.0,0.0,1.0,0.0,0.0,0.0,0.0,0.0,1.0,1.0,Gujarat,Rajkot
gujarat,rajkot,2018,0.0,0.0,0.0,0.0,0.0,1.0,0.0,0.0,0.0,0.0,0.0,0.0,0.0,0.0,0.0,0.0,0.0,3.0,1.0,2.0,0.0,0.0,0.0,0.0,0.0,0.0,0.0,0.0,0.0,8.0,7.0,Gujarat,Rajkot
gujarat,rajkot,2019,0.0,0.0,0.0,,3.0,0.0,0.0,0.0,0.0,0.0,0.0,0.0,0.0,0.0,2.0,0.0,0.0,0.0,0.0,0.0,0.0,1.0,0.0,0.0,0.0,0.0,0.0,0.0,0.0,9.0,12.0,Gujarat,Rajkot
gujarat,rajkot,2020,0.0,0.0,0.0,0.0,4.0,,0.0,0.0,,0.0,,,0.0,0.0,0.0,0.0,0.0,0.0,0.0,0.0,0.0,2.0,2.0,0.0,0.0,0.0,0.0,0.0,0.0,,12.0,Gujarat,Rajkot
gujarat,rajkot,2021,0.0,0.0,0.0,0.0,8.0,5.0,0.0,0.0,0.0,0.0,0.0,0.0,0.0,2.0,6.0,0.0,0.0,3.0,1.0,0.0,0.0,7.0,0.0,0.0,0.0,0.0,0.0,0.0,0.0,4.0,21.0,Gujarat,Rajkot
gujarat,rajkot,2022,0.0,0.0,0.0,0.0,0.0,4.0,0.0,0.0,0.0,0.0,0.0,0.0,0.0,0.0,2.0,1.0,0.0,0.0,0.0,0.0,1.0,15.0,0.0,0.0,1.0,0.0,0.0,0.0,,4.0,22.0,Gujarat,Rajkot
gujarat,sabar kantha,2017,0.0,0.0,0.0,,1.0,0.0,0.0,0.0,0.0,0.0,0.0,0.0,0.0,0.0,0.0,0.0,0.0,14.0,11.0,,2.0,1.0,0.0,0.0,1.0,0.0,0.0,0.0,0.0,2.0,31.0,Gujarat,Sabar Kantha
gujarat,sabar kantha,2018,0.0,0.0,0.0,0.0,0.0,0.0,,,0.0,0.0,0.0,,0.0,0.0,3.0,0.0,1.0,6.0,4.0,5.0,,5.0,0.0,0.0,3.0,,,0.0,1.0,2.0,30.0,Gujarat,Sabar Kantha
gujarat,sabar kantha,2019,0.0,,0.0,0.0,1.0,1.0,0.0,0.0,0.0,0.0,0.0,0.0,0.0,0.0,1.0,0.0,0.0,1.0,3.0,0.0,0.0,0.0,0.0,0.0,,,0.0,4.0,0.0,2.0,11.0,Gujarat,Sabar Kantha
gujarat,sabar kantha,2020,0.0,0.0,0.0,0.0,4.0,0.0,0.0,0.0,0.0,0.0,0.0,0.0,0.0,0.0,,0.0,1.0,1.0,0.0,0.0,3.0,0.0,0.0,,0.0,0.0,0.0,0.0,0.0,,7.0,Gujarat,Sabar Kantha
gujarat,sabar kantha,2021,0.0,0.0,0.0,0.0,0.0,0.0,0.0,0.0,,0.0,0.0,0.0,0.0,3.0,1.0,0.0,0.0,0.0,0.0,0.0,0.0,36.0,2.0,0.0,,0.0,0.0,0.0,0.0,4.0,,Gujarat,Sabar Kantha
gujarat,sabar kantha,2022,,0.0,0.0,0.0,1.0,0.0,,0.0,0.0,0.0,0.0,0.0,0.0,,1.0,0.0,0.0,0.0,0.0,,0.0,40.0,0.0,0.0,1.0,,0.0,,0.0,8.0,50.0,Gujarat,Sabar Kantha
gujarat,surat,2017,0.0,0.0,0.0,0.0,1.0,4.0,0.0,0.0,0.0,0.0,0.0,0.0,0.0,0.0,1.0,5.0,0.0,4.0,0.0,0.0,0.0,76.0,0.0,0.0,0.0,0.0,0.0,3.0,0.0,14.0,105.0,Gujarat,Surat
gujarat,surat,2018,0.0,0.0,0.0,0.0,0.0,1.0,3.0,0.0,0.0,0.0,0.0,0.0,0.0,1.0,1.0,2.0,0.0,0.0,0.0,0.0,0.0,63.0,1.0,0.0,0.0,0.0,0.0,1.0,0.0,33.0,98.0,Gujarat,Surat
gujarat,surat,2019,0.0,0.0,0.0,0.0,0.0,0.0,1.0,0.0,0.0,0.0,0.0,0.0,2.0,0.0,1.0,4.0,0.0,0.0,0.0,0.0,0.0,47.0,0.0,0.0,0.0,0.0,0.0,0.0,0.0,37.0,89.0,Gujarat,Surat
gujarat,surat,2020,0.0,0.0,0.0,0.0,48.0,17.0,1.0,0.0,0.0,0.0,0.0,0.0,2.0,0.0,3.0,10.0,0.0,0.0,1.0,2.0,1.0,2.0,1.0,1.0,0.0,0.0,0.0,10.0,0.0,46.0,153.0,Gujarat,Surat
gujarat,surat,2021,0.0,0.0,0.0,0.0,109.0,1.0,1.0,0.0,0.0,0.0,0.0,0.0,0.0,0.0,1.0,1.0,0.0,0.0,0.0,0.0,0.0,138.0,1.0,0.0,0.0,0.0,0.0,31.0,0.0,16.0,189.0,Gujarat,Surat
gujarat,surat,2022,0.0,0.0,0.0,0.0,148.0,1.0,2.0,0.0,0.0,0.0,0.0,0.0,0.0,0.0,14.0,1.0,0.0,0.0,0.0,0.0,0.0,165.0,3.0,0.0,0.0,0.0,0.0,15.0,0.0,37.0,236.0,Gujarat,Surat
gujarat,surendranagar,2017,0.0,,0.0,0.0,0.0,0.0,,0.0,,0.0,0.0,0.0,0.0,0.0,0.0,0.0,0.0,0.0,0.0,0.0,0.0,0.0,0.0,0.0,0.0,0.0,0.0,0.0,0.0,8.0,8.0,Gujarat,Surendranagar
gujarat,surendranagar,2018,0.0,0.0,0.0,0.0,0.0,1.0,0.0,0.0,0.0,0.0,0.0,0.0,,0.0,0.0,,0.0,1.0,0.0,0.0,0.0,2.0,0.0,0.0,0.0,0.0,0.0,0.0,0.0,0.0,3.0,Gujarat,Surendranagar
gujarat,surendranagar,2019,0.0,0.0,0.0,0.0,0.0,0.0,0.0,0.0,0.0,0.0,0.0,,2.0,1.0,0.0,0.0,0.0,0.0,0.0,0.0,1.0,0.0,0.0,0.0,0.0,0.0,0.0,1.0,0.0,,4.0,Gujarat,Surendranagar
gujarat,surendranagar,2021,0.0,0.0,0.0,0.0,2.0,0.0,0.0,0.0,0.0,0.0,0.0,0.0,,,0.0,0.0,0.0,0.0,,0.0,16.0,0.0,,0.0,,0.0,0.0,0.0,0.0,4.0,20.0,Gujarat,Surendranagar
gujarat,surendranagar,2022,0.0,0.0,0.0,0.0,1.0,0.0,0.0,0.0,0.0,0.0,0.0,0.0,0.0,1.0,0.0,0.0,0.0,0.0,0.0,0.0,4.0,0.0,0.0,0.0,0.0,0.0,0.0,0.0,0.0,1.0,5.0,Gujarat,Surendranagar
gujarat,tapi,2017,0.0,0.0,,0.0,0.0,0.0,0.0,0.0,0.0,0.0,,0.0,0.0,0.0,0.0,0.0,0.0,0.0,,,0.0,0.0,0.0,0.0,0.0,0.0,,0.0,0.0,0.0,0.0,Gujarat,Tapi
gujarat,tapi,2018,0.0,0.0,0.0,,0.0,,0.0,0.0,,0.0,0.0,0.0,0.0,0.0,0.0,0.0,0.0,,0.0,0.0,0.0,0.0,0.0,0.0,0.0,0.0,0.0,0.0,0.0,2.0,4.0,Gujarat,Tapi
gujarat,tapi,2019,0.0,,0.0,0.0,0.0,0.0,0.0,0.0,0.0,0.0,0.0,0.0,0.0,0.0,1.0,0.0,0.0,0.0,0.0,0.0,0.0,1.0,0.0,0.0,0.0,0.0,0.0,,0.0,1.0,3.0,Gujarat,Tapi
gujarat,tapi,2020,0.0,0.0,0.0,0.0,0.0,0.0,0.0,0.0,0.0,0.0,0.0,0.0,0.0,0.0,0.0,0.0,0.0,0.0,0.0,0.0,0.0,0.0,0.0,0.0,0.0,0.0,0.0,1.0,1.0,2.0,,Gujarat,Tapi
gujarat,tapi,2021,0.0,0.0,0.0,0.0,1.0,0.0,0.0,0.0,0.0,0.0,,0.0,,0.0,0.0,0.0,0.0,0.0,0.0,0.0,0.0,0.0,0.0,0.0,0.0,0.0,0.0,1.0,0.0,3.0,4.0,Gujarat,Tapi
gujarat,tapi,2022,0.0,0.0,0.0,0.0,0.0,0.0,0.0,0.0,0.0,0.0,0.0,0.0,0.0,0.0,,0.0,,,0.0,0.0,,1.0,,0.0,0.0,0.0,0.0,0.0,,0.0,,Gujarat,Tapi
gujarat,vadodara,2017,0.0,0.0,3.0,0.0,1.0,1.0,0.0,0.0,0.0,0.0,0.0,0.0,0.0,1.0,1.0,0.0,0.0,0.0,0.0,0.0,0.0,2.0,6.0,0.0,3.0,0.0,0.0,0.0,0.0,1.0,6.0,Gujarat,Vadodara
gujarat,vadodara,2018,0.0,1.0,1.0,0.0,0.0,1.0,0.0,0.0,0.0,0.0,0.0,0.0,0.0,0.0,1.0,0.0,0.0,0.0,0.0,0.0,1.0,2.0,0.0,0.0,1.0,0.0,0.0,0.0,2.0,13.0,23.0,Gujarat,Vadodara
gujarat,vadodara,2019,0.0,0.0,0.0,0.0,0.0,0.0,0.0,0.0,0.0,0.0,0.0,0.0,0.0,0.0,1.0,0.0,3.0,0.0,4.0,0.0,2.0,5.0,0.0,0.0,0.0,0.0,0.0,0.0,1.0,5.0,22.0,Gujarat,Vadodara
gujarat,vadodara,2020,0.0,0.0,0.0,0.0,2.0,1.0,2.0,0.0,0.0,0.0,0.0,0.0,0.0,6.0,6.0,0.0,1.0,0.0,25.0,1.0,1.0,29.0,0.0,0.0,2.0,0.0,0.0,1.0,3.0,14.0,2.0,Gujarat,Vadodara
gujarat,vadodara,2021,0.0,0.0,0.0,0.0,7.0,0.0,0.0,0.0,0.0,0.0,0.0,0.0,0.0,1.0,0.0,0.0,0.0,0.0,0.0,1.0,2.0,47.0,0.0,0.0,0.0,0.0,0.0,0.0,0.0,3.0,56.0,Gujarat,Vadodara
gujarat,vadodara,2022,0.0,0.0,0.0,0.0,0.0,2.0,0.0,0.0,0.0,0.0,0.0,0.0,0.0,0.0,2.0,1.0,0.0,1.0,0.0,,0.0,5.0,3.0,0.0,0.0,0.0,0.0,0.0,0.0,0.0,52.0,Gujarat,Vadodara
gujarat,valsad,2018,0.0,,0.0,0.0,0.0,0.0,0.0,0.0,0.0,0.0,0.0,0.0,0.0,0.0,0.0,0.0,0.0,0.0,0.0,4.0,0.0,0.0,0.0,0.0,2.0,0.0,0.0,0.0,0.0,0.0,6.0,Gujarat,Valsad
gujarat,valsad,2019,0.0,0.0,0.0,0.0,,0.0,0.0,0.0,,0.0,0.0,0.0,0.0,0.0,0.0,0.0,0.0,0.0,0.0,3.0,0.0,0.0,1.0,0.0,1.0,0.0,0.0,0.0,0.0,0.0,5.0,Gujarat,Valsad
gujarat,valsad,2020,0.0,0.0,0.0,0.0,0.0,0.0,0.0,0.0,0.0,0.0,0.0,0.0,0.0,0.0,0.0,0.0,0.0,0.0,0.0,9.0,0.0,,,0.0,0.0,0.0,0.0,1.0,0.0,2.0,12.0,Gujarat,Valsad
gujarat,valsad,2021,0.0,0.0,0.0,0.0,1.0,0.0,0.0,0.0,0.0,0.0,0.0,0.0,0.0,,,0.0,,0.0,0.0,7.0,0.0,,0.0,0.0,0.0,0.0,0.0,1.0,0.0,7.0,16.0,Gujarat,Valsad
gujarat,valsad,2022,,0.0,0.0,0.0,2.0,0.0,0.0,0.0,0.0,0.0,0.0,0.0,0.0,0.0,0.0,0.0,0.0,0.0,0.0,,0.0,0.0,0.0,0.0,0.0,0.0,0.0,0.0,0.0,1.0,6.0,Gujarat,Valsad
haryana,ambala,2017,0.0,0.0,0.0,0.0,0.0,,0.0,0.0,0.0,0.0,0.0,0.0,0.0,0.0,0.0,0.0,0.0,49.0,0.0,0.0,0.0,0.0,0.0,0.0,0.0,0.0,0.0,0.0,0.0,0.0,49.0,Haryana,Ambala
haryana,ambala,2018,0.0,0.0,0.0,0.0,0.0,0.0,0.0,0.0,26.0,0.0,0.0,0.0,0.0,0.0,0.0,0.0,0.0,0.0,0.0,0.0,0.0,0.0,0.0,,0.0,0.0,0.0,0.0,0.0,0.0,0.0,Haryana,Ambala
haryana,ambala,2019,0.0,0.0,0.0,0.0,0.0,0.0,0.0,0.0,8.0,0.0,0.0,0.0,0.0,0.0,0.0,0.0,0.0,0.0,0.0,0.0,0.0,0.0,0.0,0.0,0.0,0.0,0.0,0.0,0.0,0.0,0.0,Haryana,Ambala
haryana,ambala,2020,0.0,0.0,0.0,0.0,1.0,0.0,0.0,0.0,0.0,0.0,0.0,0.0,0.0,2.0,0.0,0.0,0.0,0.0,0.0,0.0,0.0,0.0,0.0,0.0,0.0,0.0,0.0,0.0,0.0,0.0,1.0,Haryana,Ambala
haryana,ambala,2021,1.0,0.0,0.0,0.0,7.0,2.0,0.0,0.0,0.0,0.0,0.0,0.0,0.0,0.0,0.0,0.0,0.0,0.0,0.0,0.0,0.0,0.0,0.0,0.0,0.0,0.0,0.0,0.0,0.0,0.0,0.0,Haryana,Ambala
haryana,ambala,2022,0.0,0.0,2.0,0.0,13.0,1.0,,0.0,0.0,0.0,0.0,0.0,0.0,0.0,0.0,0.0,0.0,0.0,0.0,0.0,0.0,0.0,0.0,0.0,0.0,0.0,0.0,3.0,0.0,0.0,3.0,Haryana,Ambala
haryana,bhiwani,2017,0.0,0.0,0.0,0.0,1.0,0.0,0.0,0.0,,0.0,0.0,0.0,0.0,0.0,0.0,0.0,0.0,0.0,0.0,0.0,0.0,0.0,0.0,0.0,0.0,0.0,0.0,0.0,0.0,0.0,0.0,Haryana,Bhiwani
haryana,bhiwani,2018,0.0,0.0,0.0,,1.0,4.0,1.0,0.0,3.0,0.0,0.0,0.0,0.0,0.0,0.0,0.0,0.0,0.0,0.0,0.0,0.0,0.0,,0.0,0.0,0.0,0.0,0.0,0.0,0.0,0.0,Haryana,Bhiwani
haryana,bhiwani,2019,0.0,0.0,0.0,0.0,2.0,6.0,0.0,0.0,0.0,0.0,0.0,0.0,0.0,0.0,0.0,0.0,0.0,0.0,,,,0.0,0.0,0.0,0.0,0.0,,0.0,0.0,0.0,0.0,Haryana,Bhiwani
haryana,bhiwani,2020,0.0,0.0,,0.0,3.0,14.0,1.0,0.0,1.0,0.0,0.0,0.0,0.0,0.0,0.0,0.0,0.0,0.0,0.0,0.0,0.0,0.0,0.0,0.0,0.0,0.0,0.0,0.0,0.0,,,Haryana,Bhiwani
haryana,bhiwani,2021,0.0,0.0,0.0,0.0,3.0,2.0,1.0,0.0,4.0,0.0,0.0,,0.0,0.0,0.0,0.0,0.0,0.0,,0.0,0.0,0.0,0.0,0.0,0.0,0.0,0.0,0.0,0.0,0.0,0.0,Haryana,Bhiwani
haryana,bhiwani,2022,0.0,0.0,0.0,0.0,1.0,5.0,0.0,0.0,0.0,0.0,0.0,0.0,0.0,0.0,1.0,0.0,0.0,,0.0,,0.0,0.0,0.0,0.0,0.0,0.0,0.0,1.0,0.0,,2.0,Haryana,Bhiwani
haryana,charki dadri,2017,0.0,0.0,0.0,0.0,0.0,0.0,0.0,0.0,,0.0,0.0,,0.0,,0.0,,0.0,0.0,0.0,0.0,0.0,0.0,0.0,0.0,,0.0,0.0,0.0,0.0,0.0,0.0,Haryana,Charki Dadri
haryana,charki dadri,2018,0.0,0.0,0.0,0.0,1.0,0.0,0.0,0.0,0.0,0.0,0.0,0.0,0.0,0.0,0.0,0.0,0.0,,0.0,,0.0,0.0,,0.0,0.0,0.0,,,0.0,0.0,0.0,Haryana,Charki Dadri
haryana,charki dadri,2019,0.0,0.0,0.0,1.0,0.0,0.0,0.0,,0.0,0.0,0.0,0.0,0.0,0.0,0.0,0.0,0.0,0.0,,0.0,0.0,0.0,0.0,0.0,0.0,0.0,0.0,0.0,0.0,0.0,0.0,Haryana,Charki Dadri
haryana,charki dadri,2020,0.0,0.0,0.0,0.0,1.0,,0.0,0.0,0.0,0.0,,0.0,,,0.0,,0.0,,0.0,0.0,0.0,0.0,0.0,0.0,0.0,0.0,0.0,0.0,0.0,0.0,,Haryana,Charki Dadri
haryana,charki dadri,2021,0.0,0.0,0.0,0.0,0.0,0.0,0.0,0.0,0.0,0.0,0.0,0.0,,0.0,0.0,0.0,0.0,0.0,0.0,0.0,0.0,0.0,0.0,0.0,0.0,0.0,0.0,0.0,0.0,0.0,,Haryana,Charki Dadri
haryana,charki dadri,2022,0.0,0.0,0.0,0.0,1.0,,0.0,0.0,0.0,0.0,0.0,0.0,0.0,1.0,0.0,0.0,0.0,0.0,0.0,0.0,0.0,0.0,0.0,0.0,0.0,0.0,0.0,0.0,0.0,0.0,0.0,Haryana,Charki Dadri
haryana,faaridabad,2018,1.0,0.0,2.0,0.0,1.0,8.0,0.0,0.0,0.0,0.0,0.0,0.0,0.0,1.0,0.0,0.0,0.0,0.0,,0.0,0.0,0.0,,,0.0,0.0,0.0,0.0,0.0,,,Haryana,Faaridabad
haryana,faridabad,2017,,0.0,4.0,0.0,5.0,20.0,3.0,0.0,0.0,0.0,0.0,0.0,,0.0,3.0,0.0,0.0,1.0,0.0,0.0,0.0,0.0,6.0,0.0,0.0,0.0,0.0,,0.0,8.0,18.0,Haryana,Faridabad
haryana,faridabad,2019,0.0,,9.0,0.0,3.0,6.0,1.0,0.0,3.0,,0.0,,0.0,2.0,6.0,0.0,0.0,0.0,0.0,0.0,1.0,2.0,0.0,0.0,0.0,0.0,0.0,0.0,0.0,7.0,16.0,Haryana,Faridabad
haryana,faridabad,2020,0.0,0.0,0.0,0.0,4.0,1.0,0.0,0.0,0.0,,0.0,0.0,0.0,0.0,,0.0,0.0,0.0,0.0,,0.0,1.0,4.0,0.0,0.0,0.0,0.0,0.0,0.0,11.0,20.0,Haryana,Faridabad
haryana,faridabad,2021,0.0,,1.0,0.0,0.0,1.0,0.0,0.0,0.0,0.0,,0.0,0.0,0.0,1.0,0.0,0.0,0.0,0.0,0.0,0.0,8.0,5.0,0.0,0.0,0.0,0.0,0.0,0.0,17.0,31.0,Haryana,Faridabad
haryana,faridabad,2022,0.0,0.0,0.0,0.0,0.0,0.0,0.0,0.0,0.0,,0.0,0.0,0.0,0.0,,0.0,,0.0,2.0,0.0,0.0,14.0,2.0,0.0,0.0,0.0,0.0,0.0,0.0,16.0,,Haryana,Faridabad
haryana,fatehabad,2017,0.0,0.0,0.0,0.0,0.0,0.0,0.0,0.0,0.0,0.0,0.0,0.0,0.0,0.0,0.0,,0.0,0.0,0.0,0.0,0.0,,,0.0,,0.0,0.0,0.0,0.0,0.0,0.0,Haryana,Fatehabad
haryana,fatehabad,2018,1.0,0.0,2.0,0.0,,,1.0,,0.0,0.0,0.0,,0.0,0.0,0.0,0.0,0.0,0.0,0.0,0.0,0.0,,0.0,,0.0,0.0,0.0,0.0,0.0,0.0,0.0,Haryana,Fatehabad
haryana,fatehabad,2019,0.0,0.0,2.0,0.0,0.0,,0.0,0.0,0.0,0.0,0.0,0.0,0.0,0.0,2.0,0.0,0.0,0.0,0.0,0.0,0.0,,0.0,0.0,0.0,0.0,0.0,0.0,,1.0,3.0,Haryana,Fatehabad
haryana,fatehabad,2020,0.0,0.0,0.0,0.0,,0.0,0.0,0.0,0.0,0.0,0.0,0.0,,,0.0,,0.0,0.0,0.0,0.0,0.0,0.0,0.0,0.0,0.0,0.0,0.0,0.0,0.0,0.0,0.0,Haryana,Fatehabad
haryana,fatehabad,2021,1.0,0.0,1.0,0.0,0.0,1.0,1.0,0.0,2.0,,0.0,0.0,0.0,,0.0,0.0,,0.0,0.0,0.0,0.0,0.0,0.0,0.0,0.0,0.0,0.0,0.0,0.0,0.0,,Haryana,Fatehabad
haryana,fatehabad,2022,0.0,0.0,0.0,,0.0,0.0,0.0,0.0,,0.0,0.0,0.0,0.0,1.0,2.0,0.0,0.0,0.0,1.0,,,2.0,2.0,0.0,0.0,0.0,0.0,0.0,0.0,,8.0,Haryana,Fatehabad
haryana,gurugram,2017,1.0,0.0,63.0,5.0,31.0,126.0,0.0,0.0,0.0,0.0,0.0,0.0,3.0,1.0,12.0,0.0,0.0,0.0,0.0,0.0,0.0,0.0,0.0,0.0,0.0,0.0,0.0,1.0,0.0,0.0,17.0,Haryana,Gurugram
haryana,gurugram,2018,,0.0,41.0,3.0,17.0,89.0,3.0,0.0,0.0,0.0,0.0,0.0,0.0,0.0,0.0,0.0,0.0,0.0,0.0,0.0,0.0,0.0,0.0,0.0,0.0,0.0,0.0,0.0,0.0,0.0,0.0,Haryana,Gurugram
haryana,gurugram,2019,0.0,0.0,20.0,8.0,0.0,82.0,2.0,0.0,0.0,0.0,0.0,0.0,0.0,0.0,0.0,0.0,0.0,0.0,0.0,0.0,0.0,0.0,0.0,0.0,0.0,0.0,0.0,,0.0,0.0,,Haryana,Gurugram
haryana,gurugram,2020,0.0,0.0,29.0,6.0,5.0,150.0,1.0,0.0,0.0,0.0,0.0,0.0,0.0,6.0,0.0,0.0,0.0,0.0,0.0,0.0,0.0,0.0,0.0,0.0,0.0,0.0,0.0,0.0,0.0,0.0,0.0,Haryana,Gurugram
haryana,gurugram,2021,0.0,0.0,9.0,4.0,8.0,40.0,2.0,0.0,0.0,0.0,0.0,0.0,0.0,20.0,0.0,0.0,0.0,0.0,0.0,0.0,0.0,0.0,0.0,0.0,0.0,0.0,0.0,0.0,0.0,0.0,0.0,Haryana,Gurugram
haryana,gurugram,2022,0.0,0.0,16.0,2.0,7.0,88.0,0.0,0.0,0.0,0.0,0.0,0.0,0.0,11.0,0.0,0.0,0.0,0.0,0.0,0.0,,0.0,0.0,0.0,0.0,0.0,0.0,0.0,0.0,,0.0,Haryana,Gurugram
haryana,hisar,2017,0.0,0.0,0.0,0.0,0.0,0.0,0.0,,0.0,0.0,0.0,0.0,0.0,0.0,3.0,0.0,0.0,0.0,1.0,0.0,0.0,0.0,0.0,0.0,0.0,0.0,0.0,2.0,0.0,,12.0,Haryana,Hisar
haryana,hisar,2018,0.0,0.0,5.0,0.0,0.0,4.0,1.0,0.0,0.0,0.0,0.0,0.0,0.0,5.0,0.0,0.0,0.0,0.0,0.0,0.0,0.0,1.0,0.0,0.0,0.0,0.0,0.0,2.0,0.0,15.0,18.0,Haryana,Hisar
haryana,hisar,2019,0.0,0.0,0.0,1.0,0.0,0.0,1.0,0.0,4.0,0.0,0.0,0.0,0.0,0.0,7.0,0.0,0.0,0.0,0.0,0.0,0.0,0.0,0.0,0.0,0.0,0.0,0.0,2.0,0.0,14.0,23.0,Haryana,Hisar
haryana,hisar,2020,0.0,0.0,0.0,0.0,1.0,2.0,0.0,0.0,3.0,0.0,0.0,0.0,0.0,16.0,0.0,0.0,0.0,0.0,0.0,0.0,0.0,0.0,0.0,0.0,0.0,0.0,0.0,0.0,0.0,11.0,11.0,Haryana,Hisar
haryana,hisar,2021,0.0,0.0,0.0,1.0,2.0,1.0,1.0,0.0,10.0,,0.0,0.0,0.0,0.0,3.0,0.0,0.0,,1.0,0.0,0.0,4.0,0.0,0.0,0.0,0.0,0.0,3.0,0.0,0.0,43.0,Haryana,Hisar
haryana,hisar,2022,0.0,0.0,0.0,0.0,0.0,2.0,2.0,0.0,2.0,0.0,0.0,0.0,0.0,1.0,10.0,0.0,0.0,0.0,0.0,0.0,3.0,3.0,0.0,0.0,0.0,0.0,0.0,1.0,0.0,39.0,58.0,Haryana,Hisar
haryana,jhajjar,2017,,0.0,0.0,0.0,0.0,0.0,0.0,0.0,4.0,,,0.0,0.0,0.0,0.0,0.0,0.0,0.0,0.0,0.0,0.0,0.0,0.0,,0.0,0.0,0.0,0.0,0.0,0.0,0.0,Haryana,Jhajjar
haryana,jhajjar,2018,0.0,,,0.0,0.0,0.0,0.0,0.0,0.0,0.0,0.0,0.0,,0.0,,,0.0,0.0,0.0,0.0,0.0,0.0,0.0,0.0,0.0,0.0,0.0,0.0,0.0,0.0,0.0,Haryana,Jhajjar
haryana,jhajjar,2019,,0.0,1.0,0.0,2.0,1.0,1.0,0.0,0.0,0.0,0.0,0.0,0.0,0.0,0.0,,,0.0,0.0,0.0,0.0,0.0,0.0,0.0,0.0,0.0,0.0,0.0,0.0,0.0,,Haryana,Jhajjar
haryana,jhajjar,2020,0.0,0.0,0.0,1.0,0.0,1.0,,0.0,0.0,0.0,0.0,0.0,0.0,0.0,0.0,0.0,0.0,0.0,,0.0,,0.0,0.0,0.0,0.0,0.0,0.0,0.0,0.0,0.0,2.0,Haryana,Jhajjar
haryana,jhajjar,2021,0.0,0.0,2.0,0.0,0.0,0.0,,0.0,0.0,0.0,,0.0,0.0,0.0,0.0,0.0,0.0,0.0,,0.0,0.0,0.0,0.0,0.0,0.0,0.0,0.0,0.0,0.0,,0.0,Haryana,Jhajjar
haryana,jhajjar,2022,1.0,0.0,0.0,0.0,,1.0,0.0,0.0,0.0,0.0,,0.0,0.0,0.0,0.0,0.0,0.0,,0.0,0.0,0.0,,,0.0,0.0,0.0,0.0,0.0,0.0,0.0,0.0,Haryana,Jhajjar
haryana,jind,2017,0.0,0.0,0.0,0.0,0.0,0.0,,0.0,,0.0,0.0,0.0,0.0,4.0,0.0,0.0,0.0,0.0,0.0,0.0,0.0,,0.0,0.0,0.0,0.0,0.0,0.0,0.0,0.0,0.0,Haryana,Jind
haryana,jind,2018,0.0,0.0,0.0,0.0,0.0,0.0,,0.0,0.0,0.0,0.0,0.0,0.0,0.0,0.0,0.0,0.0,0.0,0.0,0.0,0.0,0.0,0.0,0.0,0.0,,0.0,0.0,0.0,0.0,0.0,Haryana,Jind
haryana,jind,2019,0.0,0.0,0.0,0.0,2.0,2.0,0.0,0.0,0.0,,0.0,0.0,,0.0,,0.0,,0.0,0.0,0.0,0.0,,0.0,,,0.0,0.0,0.0,0.0,,2.0,Haryana,Jind
haryana,jind,2021,,0.0,0.0,0.0,0.0,0.0,0.0,0.0,2.0,,0.0,0.0,0.0,0.0,,0.0,0.0,0.0,0.0,,0.0,,0.0,0.0,0.0,0.0,0.0,0.0,0.0,5.0,17.0,Haryana,Jind
haryana,jind,2022,0.0,0.0,0.0,0.0,5.0,0.0,0.0,,3.0,0.0,0.0,0.0,0.0,0.0,0.0,0.0,0.0,0.0,0.0,0.0,0.0,0.0,0.0,0.0,0.0,0.0,0.0,0.0,0.0,0.0,0.0,Haryana,Jind
haryana,kaithal,2017,0.0,0.0,0.0,0.0,0.0,0.0,0.0,0.0,0.0,0.0,0.0,0.0,0.0,0.0,0.0,0.0,0.0,0.0,0.0,0.0,0.0,,,0.0,0.0,0.0,0.0,0.0,0.0,2.0,3.0,Haryana,Kaithal
haryana,kaithal,2018,0.0,0.0,0.0,0.0,0.0,0.0,0.0,0.0,5.0,0.0,0.0,,0.0,1.0,0.0,0.0,0.0,0.0,0.0,0.0,0.0,0.0,0.0,0.0,0.0,,0.0,1.0,0.0,5.0,6.0,Haryana,Kaithal
haryana,kaithal,2019,0.0,0.0,0.0,,,0.0,,0.0,0.0,0.0,0.0,0.0,0.0,0.0,0.0,0.0,0.0,0.0,0.0,0.0,,2.0,0.0,0.0,0.0,,0.0,0.0,0.0,,13.0,Haryana,Kaithal
haryana,kaithal,2020,0.0,0.0,0.0,,,,,,,0.0,0.0,0.0,0.0,,0.0,0.0,,0.0,0.0,0.0,0.0,12.0,10.0,0.0,0.0,0.0,0.0,0.0,0.0,9.0,31.0,Haryana,Kaithal
haryana,kaithal,2021,0.0,,0.0,0.0,1.0,0.0,,0.0,0.0,0.0,0.0,0.0,,0.0,0.0,0.0,0.0,0.0,0.0,0.0,0.0,7.0,6.0,0.0,0.0,0.0,0.0,0.0,0.0,15.0,28.0,Haryana,Kaithal
haryana,kaithal,2022,0.0,0.0,1.0,0.0,0.0,0.0,0.0,0.0,0.0,0.0,0.0,,0.0,0.0,1.0,0.0,0.0,,,,,2.0,0.0,,0.0,0.0,0.0,1.0,0.0,3.0,8.0,Haryana,Kaithal
haryana,karnal,2017,0.0,0.0,0.0,0.0,0.0,0.0,0.0,0.0,0.0,0.0,,0.0,0.0,3.0,1.0,0.0,0.0,0.0,0.0,0.0,0.0,0.0,,0.0,0.0,0.0,0.0,1.0,0.0,0.0,2.0,Haryana,Karnal
haryana,karnal,2018,0.0,0.0,0.0,0.0,0.0,0.0,0.0,,0.0,0.0,0.0,0.0,0.0,9.0,3.0,0.0,0.0,0.0,0.0,0.0,,0.0,0.0,,0.0,0.0,0.0,2.0,0.0,,5.0,Haryana,Karnal
haryana,karnal,2019,,0.0,1.0,0.0,0.0,4.0,1.0,0.0,0.0,0.0,0.0,,0.0,,46.0,0.0,0.0,21.0,3.0,0.0,17.0,0.0,0.0,0.0,0.0,,0.0,1.0,,0.0,89.0,Haryana,Karnal
haryana,karnal,2020,0.0,0.0,0.0,0.0,1.0,0.0,,0.0,0.0,0.0,0.0,0.0,0.0,0.0,10.0,1.0,0.0,0.0,0.0,0.0,0.0,3.0,1.0,0.0,0.0,0.0,0.0,0.0,0.0,18.0,,Haryana,Karnal
haryana,karnal,2021,0.0,,0.0,0.0,,0.0,,0.0,0.0,0.0,0.0,0.0,0.0,5.0,0.0,0.0,0.0,,0.0,0.0,0.0,0.0,,0.0,0.0,0.0,0.0,0.0,0.0,0.0,0.0,Haryana,Karnal
haryana,karnal,2022,0.0,0.0,0.0,1.0,3.0,0.0,0.0,0.0,11.0,0.0,0.0,0.0,0.0,2.0,0.0,0.0,0.0,0.0,0.0,0.0,0.0,0.0,0.0,0.0,0.0,,0.0,0.0,0.0,0.0,,Haryana,Karnal
haryana,kurukshetra,2017,0.0,0.0,0.0,0.0,0.0,0.0,0.0,0.0,2.0,0.0,0.0,0.0,0.0,0.0,,0.0,,0.0,0.0,0.0,0.0,0.0,0.0,0.0,0.0,0.0,,0.0,0.0,0.0,0.0,Haryana,Kurukshetra
haryana,kurukshetra,2018,0.0,0.0,0.0,0.0,0.0,0.0,0.0,0.0,2.0,0.0,0.0,0.0,,0.0,0.0,,0.0,0.0,0.0,0.0,0.0,,0.0,0.0,0.0,0.0,0.0,0.0,0.0,,0.0,Haryana,Kurukshetra
haryana,kurukshetra,2019,0.0,0.0,0.0,0.0,0.0,,0.0,0.0,2.0,0.0,0.0,0.0,0.0,0.0,0.0,0.0,0.0,0.0,0.0,0.0,,0.0,0.0,0.0,0.0,0.0,0.0,0.0,0.0,0.0,0.0,Haryana,Kurukshetra
haryana,kurukshetra,2020,0.0,0.0,0.0,0.0,,0.0,0.0,0.0,9.0,0.0,0.0,,0.0,0.0,0.0,0.0,0.0,0.0,0.0,0.0,0.0,0.0,0.0,0.0,0.0,0.0,0.0,0.0,0.0,0.0,0.0,Haryana,Kurukshetra
haryana,kurukshetra,2021,0.0,0.0,0.0,0.0,,0.0,0.0,,12.0,0.0,0.0,,0.0,0.0,0.0,0.0,0.0,0.0,0.0,0.0,,0.0,0.0,0.0,0.0,0.0,0.0,0.0,0.0,0.0,0.0,Haryana,Kurukshetra
haryana,kurukshetra,2022,0.0,0.0,0.0,0.0,0.0,,0.0,0.0,,0.0,,0.0,0.0,0.0,4.0,0.0,,0.0,1.0,0.0,,0.0,,0.0,,0.0,0.0,4.0,0.0,9.0,18.0,Haryana,Kurukshetra
haryana,mahendragarh,2017,0.0,0.0,1.0,0.0,0.0,0.0,,0.0,,0.0,0.0,0.0,0.0,1.0,0.0,0.0,0.0,0.0,,0.0,0.0,0.0,0.0,0.0,0.0,0.0,0.0,0.0,0.0,0.0,0.0,Haryana,Mahendragarh
haryana,mahendragarh,2018,0.0,0.0,0.0,0.0,2.0,2.0,,0.0,0.0,0.0,0.0,0.0,0.0,1.0,0.0,0.0,0.0,0.0,0.0,,0.0,0.0,0.0,0.0,0.0,0.0,0.0,0.0,0.0,0.0,0.0,Haryana,Mahendragarh
haryana,mahendragarh,2019,0.0,0.0,1.0,0.0,0.0,0.0,0.0,0.0,0.0,0.0,0.0,0.0,0.0,0.0,,0.0,0.0,,48.0,0.0,0.0,0.0,0.0,0.0,0.0,0.0,0.0,0.0,0.0,,65.0,Haryana,Mahendragarh
haryana,mahendragarh,2020,0.0,,3.0,0.0,1.0,4.0,0.0,0.0,0.0,0.0,0.0,0.0,0.0,2.0,0.0,0.0,0.0,0.0,0.0,0.0,0.0,0.0,,0.0,0.0,0.0,0.0,0.0,0.0,,0.0,Haryana,Mahendragarh
haryana,mahendragarh,2021,0.0,0.0,0.0,0.0,2.0,2.0,0.0,0.0,0.0,0.0,0.0,,0.0,2.0,0.0,0.0,0.0,0.0,0.0,0.0,0.0,0.0,0.0,0.0,0.0,0.0,0.0,0.0,0.0,0.0,,Haryana,Mahendragarh
haryana,mahendragarh,2022,0.0,0.0,0.0,,4.0,2.0,0.0,0.0,0.0,0.0,0.0,0.0,0.0,0.0,0.0,0.0,0.0,0.0,0.0,0.0,0.0,0.0,0.0,0.0,0.0,0.0,0.0,0.0,,0.0,0.0,Haryana,Mahendragarh
haryana,nuh,2017,0.0,0.0,0.0,0.0,0.0,0.0,0.0,0.0,0.0,0.0,,0.0,0.0,0.0,0.0,0.0,0.0,0.0,0.0,0.0,0.0,0.0,0.0,0.0,0.0,,0.0,0.0,,0.0,0.0,Haryana,Nuh
haryana,nuh,2019,0.0,0.0,1.0,0.0,0.0,,0.0,0.0,1.0,0.0,0.0,0.0,0.0,1.0,0.0,0.0,0.0,,0.0,0.0,0.0,0.0,0.0,0.0,0.0,0.0,0.0,0.0,0.0,0.0,0.0,Haryana,Nuh
haryana,nuh,2020,0.0,0.0,1.0,0.0,0.0,0.0,0.0,0.0,0.0,,0.0,0.0,,,1.0,0.0,0.0,0.0,0.0,0.0,0.0,0.0,0.0,,0.0,0.0,0.0,,0.0,9.0,10.0,Haryana,Nuh
haryana,nuh,2021,0.0,0.0,3.0,0.0,2.0,1.0,1.0,0.0,0.0,0.0,0.0,0.0,0.0,0.0,0.0,0.0,0.0,0.0,0.0,0.0,,,0.0,0.0,0.0,0.0,0.0,0.0,0.0,0.0,0.0,Haryana,Nuh
haryana,nuh,2022,0.0,,,0.0,3.0,,0.0,0.0,,0.0,0.0,0.0,0.0,0.0,0.0,0.0,0.0,0.0,0.0,0.0,1.0,16.0,0.0,0.0,0.0,0.0,0.0,2.0,,0.0,19.0,Haryana,Nuh
haryana,palwal,2017,0.0,0.0,0.0,0.0,0.0,2.0,,,2.0,0.0,0.0,0.0,,0.0,0.0,0.0,,0.0,0.0,0.0,0.0,0.0,0.0,,0.0,0.0,0.0,,0.0,0.0,0.0,Haryana,Palwal
haryana,palwal,2018,,0.0,0.0,0.0,0.0,0.0,,0.0,7.0,0.0,0.0,0.0,0.0,5.0,0.0,0.0,0.0,0.0,0.0,0.0,0.0,0.0,0.0,0.0,0.0,0.0,0.0,0.0,0.0,0.0,0.0,Haryana,Palwal
haryana,palwal,2019,0.0,0.0,0.0,0.0,0.0,1.0,,0.0,0.0,0.0,0.0,0.0,,3.0,,,0.0,0.0,0.0,0.0,0.0,0.0,0.0,0.0,0.0,0.0,0.0,0.0,,0.0,0.0,Haryana,Palwal
haryana,palwal,2020,0.0,0.0,1.0,0.0,1.0,,1.0,1.0,,0.0,0.0,0.0,0.0,0.0,0.0,0.0,0.0,0.0,25.0,0.0,,0.0,0.0,0.0,0.0,,0.0,0.0,0.0,,25.0,Haryana,Palwal
haryana,palwal,2021,0.0,0.0,,0.0,36.0,0.0,0.0,,6.0,0.0,0.0,0.0,0.0,0.0,0.0,0.0,0.0,0.0,2.0,0.0,40.0,0.0,,0.0,0.0,0.0,0.0,0.0,0.0,0.0,42.0,Haryana,Palwal
haryana,panchkula,2017,0.0,0.0,,0.0,0.0,,0.0,0.0,9.0,0.0,0.0,,0.0,0.0,,0.0,0.0,0.0,,0.0,0.0,0.0,,0.0,0.0,,0.0,0.0,0.0,0.0,0.0,Haryana,Panchkula
haryana,panchkula,2018,,,0.0,0.0,0.0,,0.0,0.0,15.0,,0.0,0.0,0.0,0.0,0.0,0.0,0.0,0.0,0.0,0.0,,0.0,0.0,0.0,0.0,0.0,0.0,0.0,0.0,0.0,0.0,Haryana,Panchkula
haryana,panchkula,2019,,0.0,0.0,0.0,1.0,4.0,0.0,0.0,4.0,0.0,0.0,0.0,0.0,0.0,0.0,,0.0,0.0,0.0,,0.0,0.0,0.0,0.0,0.0,0.0,0.0,0.0,0.0,0.0,0.0,Haryana,Panchkula
haryana,panchkula,2020,0.0,0.0,0.0,0.0,3.0,,0.0,0.0,0.0,0.0,0.0,,0.0,0.0,0.0,0.0,0.0,0.0,0.0,0.0,1.0,0.0,0.0,0.0,1.0,0.0,0.0,0.0,2.0,0.0,4.0,Haryana,Panchkula
haryana,panchkula,2021,0.0,0.0,0.0,0.0,2.0,7.0,2.0,0.0,,0.0,,0.0,0.0,1.0,0.0,0.0,0.0,0.0,,0.0,0.0,0.0,0.0,,0.0,0.0,0.0,0.0,0.0,0.0,,Haryana,Panchkula
haryana,panchkula,2022,0.0,0.0,0.0,0.0,,0.0,0.0,0.0,0.0,0.0,,0.0,0.0,0.0,3.0,0.0,0.0,,,0.0,0.0,7.0,0.0,0.0,0.0,0.0,0.0,4.0,0.0,0.0,15.0,Haryana,Panchkula
haryana,panipat,2017,0.0,0.0,1.0,0.0,0.0,1.0,0.0,0.0,0.0,0.0,0.0,0.0,0.0,1.0,3.0,0.0,0.0,2.0,0.0,0.0,0.0,0.0,,0.0,0.0,0.0,0.0,0.0,0.0,,5.0,Haryana,Panipat
haryana,panipat,2018,0.0,0.0,0.0,0.0,0.0,0.0,0.0,0.0,0.0,0.0,0.0,0.0,0.0,0.0,2.0,0.0,0.0,,0.0,0.0,0.0,0.0,0.0,0.0,0.0,0.0,0.0,0.0,0.0,0.0,2.0,Haryana,Panipat
haryana,panipat,2019,0.0,0.0,2.0,0.0,3.0,1.0,,0.0,0.0,0.0,0.0,0.0,0.0,0.0,2.0,0.0,0.0,0.0,0.0,,0.0,2.0,2.0,0.0,0.0,0.0,0.0,0.0,0.0,0.0,6.0,Haryana,Panipat
haryana,panipat,2020,0.0,,0.0,0.0,2.0,2.0,,0.0,0.0,0.0,0.0,0.0,0.0,,1.0,0.0,,0.0,0.0,0.0,3.0,0.0,0.0,0.0,0.0,0.0,0.0,1.0,0.0,,5.0,Haryana,Panipat
haryana,panipat,2021,0.0,0.0,0.0,0.0,1.0,0.0,0.0,0.0,0.0,0.0,0.0,0.0,0.0,0.0,4.0,0.0,0.0,0.0,0.0,0.0,7.0,0.0,0.0,0.0,0.0,0.0,0.0,0.0,0.0,12.0,23.0,Haryana,Panipat
haryana,panipat,2022,0.0,,0.0,0.0,0.0,0.0,0.0,0.0,0.0,0.0,,0.0,0.0,0.0,1.0,0.0,0.0,0.0,0.0,0.0,2.0,0.0,1.0,0.0,,0.0,0.0,5.0,0.0,9.0,18.0,Haryana,Panipat
haryana,rewari,2017,0.0,0.0,,1.0,1.0,2.0,,0.0,1.0,0.0,0.0,0.0,0.0,,1.0,0.0,0.0,0.0,,0.0,0.0,0.0,0.0,0.0,0.0,0.0,0.0,0.0,0.0,0.0,1.0,Haryana,Rewari
haryana,rewari,2018,0.0,0.0,0.0,0.0,1.0,0.0,0.0,0.0,2.0,0.0,0.0,0.0,,0.0,0.0,0.0,0.0,0.0,0.0,0.0,0.0,,0.0,0.0,0.0,0.0,,0.0,0.0,0.0,0.0,Haryana,Rewari
haryana,rewari,2019,0.0,0.0,0.0,1.0,1.0,1.0,0.0,0.0,0.0,0.0,0.0,,0.0,3.0,0.0,0.0,0.0,0.0,0.0,0.0,0.0,0.0,0.0,0.0,0.0,0.0,0.0,0.0,0.0,,0.0,Haryana,Rewari
haryana,rewari,2020,0.0,0.0,0.0,0.0,5.0,0.0,0.0,0.0,0.0,0.0,,0.0,0.0,,2.0,0.0,0.0,0.0,0.0,0.0,2.0,0.0,0.0,0.0,0.0,0.0,0.0,0.0,0.0,0.0,4.0,Haryana,Rewari
haryana,rewari,2021,0.0,0.0,0.0,0.0,1.0,0.0,0.0,0.0,0.0,0.0,0.0,0.0,0.0,0.0,3.0,,0.0,0.0,0.0,0.0,2.0,0.0,0.0,0.0,0.0,0.0,0.0,,0.0,0.0,5.0,Haryana,Rewari
haryana,rewari,2022,,0.0,0.0,0.0,0.0,0.0,0.0,0.0,0.0,0.0,0.0,0.0,0.0,0.0,,0.0,0.0,0.0,0.0,0.0,1.0,0.0,0.0,0.0,0.0,,0.0,0.0,,8.0,,Haryana,Rewari
haryana,rohtak,2017,0.0,0.0,0.0,0.0,0.0,,,0.0,4.0,0.0,0.0,,0.0,0.0,0.0,0.0,0.0,0.0,0.0,,0.0,0.0,0.0,0.0,0.0,0.0,0.0,0.0,0.0,0.0,0.0,Haryana,Rohtak
haryana,rohtak,2018,0.0,0.0,0.0,0.0,0.0,0.0,,,10.0,0.0,,0.0,0.0,0.0,0.0,0.0,0.0,0.0,0.0,0.0,0.0,0.0,0.0,0.0,,,0.0,0.0,0.0,,0.0,Haryana,Rohtak
haryana,rohtak,2019,0.0,,0.0,0.0,0.0,0.0,0.0,0.0,12.0,0.0,0.0,0.0,0.0,0.0,0.0,0.0,0.0,0.0,0.0,0.0,0.0,0.0,0.0,0.0,0.0,0.0,0.0,0.0,0.0,0.0,0.0,Haryana,Rohtak
haryana,rohtak,2020,0.0,0.0,,0.0,1.0,0.0,0.0,0.0,10.0,0.0,,0.0,0.0,0.0,0.0,0.0,0.0,0.0,0.0,,0.0,0.0,0.0,0.0,0.0,0.0,0.0,,0.0,,0.0,Haryana,Rohtak
haryana,rohtak,2021,0.0,0.0,0.0,2.0,5.0,2.0,1.0,0.0,8.0,0.0,0.0,0.0,0.0,1.0,0.0,0.0,0.0,,0.0,0.0,0.0,0.0,0.0,0.0,0.0,0.0,0.0,0.0,0.0,,0.0,Haryana,Rohtak
haryana,rohtak,2022,0.0,0.0,0.0,1.0,10.0,3.0,0.0,0.0,7.0,0.0,0.0,,0.0,0.0,0.0,0.0,0.0,,,0.0,0.0,0.0,0.0,0.0,0.0,0.0,0.0,0.0,,0.0,0.0,Haryana,Rohtak
haryana,sirsa,2017,0.0,0.0,0.0,0.0,0.0,0.0,,0.0,0.0,0.0,0.0,,0.0,1.0,2.0,0.0,0.0,0.0,0.0,0.0,0.0,0.0,0.0,0.0,0.0,0.0,0.0,0.0,0.0,0.0,2.0,Haryana,Sirsa
haryana,sirsa,2018,0.0,,0.0,,0.0,,0.0,0.0,0.0,0.0,0.0,0.0,0.0,0.0,0.0,0.0,0.0,0.0,0.0,,0.0,0.0,0.0,0.0,0.0,0.0,,0.0,,0.0,0.0,Haryana,Sirsa
haryana,sirsa,2019,0.0,0.0,0.0,0.0,,,0.0,,0.0,0.0,0.0,0.0,,0.0,0.0,0.0,0.0,0.0,0.0,,0.0,0.0,0.0,,0.0,0.0,0.0,0.0,0.0,0.0,0.0,Haryana,Sirsa
haryana,sirsa,2020,0.0,0.0,0.0,0.0,0.0,0.0,0.0,0.0,0.0,0.0,0.0,0.0,,0.0,0.0,,0.0,0.0,0.0,0.0,0.0,0.0,0.0,,0.0,0.0,0.0,0.0,,0.0,0.0,Haryana,Sirsa
haryana,sirsa,2021,0.0,0.0,0.0,0.0,0.0,0.0,0.0,,0.0,0.0,0.0,0.0,0.0,1.0,0.0,0.0,0.0,0.0,0.0,0.0,0.0,0.0,0.0,0.0,0.0,0.0,0.0,0.0,0.0,0.0,,Haryana,Sirsa
haryana,sirsa,2022,0.0,0.0,0.0,0.0,0.0,0.0,0.0,0.0,0.0,0.0,0.0,0.0,0.0,0.0,,0.0,0.0,0.0,0.0,0.0,0.0,,0.0,0.0,0.0,0.0,0.0,0.0,0.0,0.0,0.0,Haryana,Sirsa
haryana,sonipat,2017,1.0,0.0,6.0,0.0,1.0,0.0,0.0,,0.0,0.0,0.0,0.0,0.0,2.0,1.0,0.0,,0.0,0.0,0.0,0.0,0.0,0.0,0.0,,0.0,0.0,,0.0,0.0,1.0,Haryana,Sonipat
haryana,sonipat,2018,,0.0,0.0,0.0,0.0,0.0,0.0,0.0,0.0,0.0,0.0,0.0,,0.0,0.0,,0.0,0.0,0.0,0.0,,0.0,0.0,0.0,0.0,0.0,,0.0,0.0,0.0,0.0,Haryana,Sonipat
haryana,sonipat,2019,0.0,0.0,0.0,0.0,1.0,0.0,0.0,0.0,0.0,0.0,0.0,,0.0,0.0,0.0,0.0,0.0,0.0,0.0,0.0,0.0,0.0,0.0,,0.0,0.0,0.0,0.0,0.0,0.0,0.0,Haryana,Sonipat
haryana,sonipat,2020,0.0,,0.0,,0.0,0.0,0.0,0.0,9.0,,0.0,0.0,,0.0,,0.0,0.0,0.0,0.0,0.0,0.0,0.0,,0.0,0.0,0.0,,0.0,0.0,6.0,,Haryana,Sonipat
haryana,sonipat,2021,1.0,0.0,0.0,,4.0,,0.0,0.0,1.0,0.0,0.0,0.0,0.0,1.0,0.0,0.0,0.0,0.0,0.0,0.0,0.0,1.0,1.0,0.0,0.0,0.0,0.0,,0.0,0.0,2.0,Haryana,Sonipat
haryana,sonipat,2022,0.0,0.0,0.0,0.0,1.0,2.0,0.0,0.0,2.0,,0.0,,0.0,1.0,1.0,0.0,0.0,0.0,1.0,0.0,0.0,,1.0,0.0,0.0,0.0,0.0,0.0,0.0,2.0,,Haryana,Sonipat
haryana,yamunanagar,2017,0.0,1.0,3.0,,,1.0,0.0,0.0,0.0,0.0,,0.0,,0.0,1.0,0.0,0.0,0.0,0.0,0.0,0.0,3.0,1.0,0.0,,0.0,0.0,3.0,1.0,0.0,10.0,Haryana,Yamunanagar
haryana,yamunanagar,2019,,0.0,2.0,0.0,1.0,2.0,0.0,0.0,0.0,0.0,0.0,0.0,0.0,1.0,0.0,0.0,0.0,0.0,0.0,0.0,0.0,0.0,0.0,0.0,0.0,0.0,0.0,0.0,,0.0,0.0,Haryana,Yamunanagar
haryana,yamunanagar,2020,0.0,0.0,2.0,1.0,0.0,2.0,2.0,0.0,0.0,0.0,0.0,0.0,0.0,3.0,0.0,0.0,0.0,,0.0,0.0,0.0,,0.0,0.0,0.0,0.0,,0.0,0.0,0.0,0.0,Haryana,Yamunanagar
haryana,yamunanagar,2021,,0.0,0.0,1.0,2.0,4.0,0.0,0.0,0.0,0.0,0.0,0.0,0.0,,0.0,0.0,0.0,,0.0,0.0,0.0,0.0,0.0,0.0,0.0,0.0,0.0,0.0,0.0,0.0,0.0,Haryana,Yamunanagar
haryana,yamunanagar,2022,0.0,0.0,,2.0,6.0,0.0,0.0,0.0,0.0,0.0,,0.0,0.0,,0.0,0.0,0.0,0.0,0.0,0.0,0.0,0.0,,0.0,0.0,,0.0,0.0,0.0,,0.0,Haryana,Yamunanagar
himachal pradesh,bilaaspur,2022,0.0,,0.0,0.0,0.0,,0.0,0.0,0.0,0.0,0.0,0.0,0.0,0.0,0.0,0.0,0.0,,0.0,0.0,0.0,0.0,0.0,0.0,0.0,0.0,,0.0,0.0,,0.0,Himachal Pradesh,Bilaaspur
himachal pradesh,bilaspur,2017,0.0,,0.0,0.0,0.0,0.0,0.0,0.0,0.0,0.0,0.0,0.0,0.0,0.0,0.0,0.0,0.0,0.0,0.0,0.0,0.0,0.0,0.0,0.0,0.0,0.0,0.0,,0.0,0.0,0.0,Himachal Pradesh,Bilaspur
himachal pradesh,bilaspur,2018,0.0,0.0,0.0,0.0,0.0,1.0,1.0,0.0,0.0,0.0,0.0,0.0,0.0,,0.0,0.0,0.0,0.0,0.0,0.0,,0.0,0.0,0.0,0.0,0.0,0.0,0.0,0.0,0.0,0.0,Himachal Pradesh,Bilaspur
himachal pradesh,bilaspur,2019,0.0,,0.0,0.0,0.0,1.0,0.0,0.0,0.0,,0.0,0.0,0.0,0.0,0.0,0.0,0.0,0.0,0.0,0.0,0.0,0.0,0.0,0.0,0.0,0.0,,0.0,0.0,0.0,0.0,Himachal Pradesh,Bilaspur
himachal pradesh,bilaspur,2020,0.0,0.0,,0.0,0.0,0.0,0.0,0.0,,0.0,0.0,0.0,0.0,0.0,,0.0,,0.0,0.0,0.0,0.0,0.0,0.0,0.0,0.0,0.0,0.0,0.0,0.0,0.0,1.0,Himachal Pradesh,Bilaspur
himachal pradesh,bilaspur,2021,0.0,0.0,0.0,0.0,0.0,0.0,0.0,0.0,0.0,0.0,0.0,0.0,0.0,0.0,0.0,0.0,0.0,0.0,0.0,0.0,0.0,1.0,,0.0,0.0,0.0,0.0,0.0,0.0,0.0,1.0,Himachal Pradesh,Bilaspur
himachal pradesh,chamba,2017,0.0,0.0,0.0,0.0,0.0,0.0,1.0,0.0,,0.0,0.0,0.0,0.0,,,0.0,0.0,0.0,0.0,0.0,0.0,0.0,0.0,0.0,0.0,0.0,0.0,0.0,0.0,0.0,0.0,Himachal Pradesh,Chamba
himachal pradesh,chamba,2018,,0.0,0.0,0.0,0.0,0.0,0.0,0.0,0.0,,0.0,0.0,0.0,0.0,0.0,0.0,0.0,0.0,,0.0,,0.0,0.0,0.0,0.0,0.0,0.0,0.0,0.0,,0.0,Himachal Pradesh,Chamba
himachal pradesh,chamba,2020,0.0,0.0,0.0,,0.0,0.0,0.0,0.0,0.0,0.0,0.0,0.0,,0.0,0.0,0.0,,0.0,0.0,0.0,0.0,0.0,0.0,0.0,0.0,0.0,,0.0,0.0,0.0,0.0,Himachal Pradesh,Chamba
himachal pradesh,chamba,2022,0.0,0.0,,0.0,0.0,0.0,0.0,0.0,0.0,,,0.0,0.0,0.0,0.0,0.0,0.0,,0.0,0.0,0.0,0.0,0.0,0.0,0.0,0.0,0.0,0.0,0.0,0.0,0.0,Himachal Pradesh,Chamba
himachal pradesh,haamirpur,2019,,0.0,0.0,0.0,0.0,0.0,0.0,0.0,0.0,,0.0,0.0,0.0,0.0,0.0,0.0,0.0,0.0,0.0,0.0,0.0,0.0,0.0,0.0,0.0,0.0,0.0,0.0,0.0,0.0,0.0,Himachal Pradesh,Haamirpur
himachal pradesh,haamirpur,2020,0.0,0.0,0.0,0.0,1.0,0.0,0.0,0.0,0.0,0.0,,0.0,0.0,0.0,0.0,0.0,0.0,0.0,0.0,0.0,0.0,0.0,,0.0,0.0,0.0,0.0,0.0,0.0,0.0,0.0,Himachal Pradesh,Haamirpur
himachal pradesh,hamirpur,2017,0.0,0.0,0.0,0.0,1.0,,0.0,,,0.0,0.0,0.0,0.0,0.0,0.0,0.0,0.0,0.0,0.0,,0.0,0.0,0.0,0.0,0.0,0.0,0.0,0.0,0.0,0.0,0.0,Himachal Pradesh,Hamirpur
himachal pradesh,hamirpur,2018,,0.0,0.0,0.0,0.0,0.0,0.0,,0.0,0.0,0.0,0.0,0.0,0.0,0.0,0.0,0.0,0.0,0.0,0.0,0.0,,0.0,0.0,0.0,,,0.0,,0.0,0.0,Himachal Pradesh,Hamirpur
himachal pradesh,hamirpur,2021,0.0,0.0,0.0,0.0,0.0,0.0,0.0,0.0,0.0,,0.0,0.0,0.0,0.0,0.0,0.0,0.0,0.0,0.0,0.0,,0.0,,0.0,0.0,,0.0,0.0,0.0,0.0,0.0,Himachal Pradesh,Hamirpur
himachal pradesh,kangra,2017,0.0,,6.0,0.0,0.0,0.0,0.0,0.0,0.0,0.0,0.0,0.0,0.0,4.0,0.0,0.0,0.0,0.0,0.0,0.0,0.0,0.0,0.0,0.0,0.0,0.0,0.0,0.0,2.0,0.0,2.0,Himachal Pradesh,Kangra
himachal pradesh,kangra,2018,0.0,0.0,2.0,0.0,3.0,,0.0,0.0,0.0,,0.0,0.0,0.0,0.0,1.0,0.0,0.0,0.0,0.0,0.0,0.0,0.0,0.0,0.0,,0.0,0.0,0.0,0.0,,1.0,Himachal Pradesh,Kangra
himachal pradesh,kangra,2019,0.0,0.0,0.0,0.0,0.0,1.0,0.0,0.0,0.0,0.0,0.0,0.0,0.0,0.0,0.0,0.0,0.0,0.0,0.0,0.0,0.0,0.0,0.0,0.0,0.0,0.0,0.0,0.0,0.0,0.0,0.0,Himachal Pradesh,Kangra
himachal pradesh,kangra,2020,0.0,0.0,,,2.0,1.0,0.0,0.0,1.0,0.0,0.0,0.0,0.0,0.0,0.0,,0.0,0.0,0.0,0.0,0.0,0.0,0.0,0.0,0.0,0.0,0.0,0.0,0.0,0.0,0.0,Himachal Pradesh,Kangra
himachal pradesh,kangra,2021,0.0,0.0,0.0,0.0,0.0,1.0,0.0,0.0,0.0,0.0,0.0,0.0,,0.0,0.0,0.0,,0.0,0.0,,0.0,0.0,,0.0,0.0,0.0,0.0,0.0,0.0,0.0,0.0,Himachal Pradesh,Kangra
himachal pradesh,kangra,2022,0.0,0.0,0.0,0.0,0.0,0.0,0.0,0.0,0.0,0.0,0.0,0.0,0.0,3.0,0.0,0.0,0.0,0.0,0.0,0.0,0.0,0.0,0.0,0.0,0.0,0.0,0.0,,0.0,0.0,0.0,Himachal Pradesh,Kangra
himachal pradesh,kinnaur,2017,,0.0,0.0,0.0,0.0,0.0,,0.0,0.0,0.0,0.0,,0.0,0.0,0.0,0.0,0.0,0.0,,0.0,0.0,,0.0,0.0,0.0,0.0,0.0,0.0,,0.0,0.0,Himachal Pradesh,Kinnaur
himachal pradesh,kinnaur,2018,0.0,0.0,0.0,0.0,0.0,0.0,0.0,,0.0,0.0,0.0,0.0,0.0,0.0,0.0,0.0,0.0,,0.0,0.0,0.0,0.0,0.0,0.0,,0.0,0.0,0.0,0.0,0.0,0.0,Himachal Pradesh,Kinnaur
himachal pradesh,kinnaur,2019,0.0,0.0,0.0,0.0,0.0,0.0,0.0,0.0,0.0,0.0,0.0,0.0,0.0,0.0,0.0,0.0,0.0,0.0,0.0,0.0,0.0,,0.0,0.0,0.0,0.0,0.0,0.0,0.0,0.0,0.0,Himachal Pradesh,Kinnaur
himachal pradesh,kinnaur,2020,0.0,,0.0,,0.0,,0.0,,0.0,0.0,0.0,0.0,0.0,0.0,0.0,0.0,0.0,,0.0,0.0,0.0,0.0,0.0,0.0,0.0,0.0,0.0,0.0,0.0,0.0,0.0,Himachal Pradesh,Kinnaur
himachal pradesh,kinnaur,2021,0.0,0.0,0.0,0.0,0.0,0.0,,0.0,0.0,0.0,0.0,,0.0,0.0,0.0,0.0,0.0,0.0,0.0,0.0,0.0,0.0,0.0,0.0,0.0,0.0,0.0,0.0,0.0,0.0,0.0,Himachal Pradesh,Kinnaur
himachal pradesh,kinnaur,2022,0.0,0.0,0.0,0.0,0.0,0.0,0.0,0.0,0.0,0.0,,0.0,0.0,0.0,0.0,0.0,0.0,,0.0,0.0,0.0,0.0,0.0,0.0,0.0,0.0,0.0,0.0,0.0,0.0,,Himachal Pradesh,Kinnaur
himachal pradesh,kullu,2017,0.0,0.0,0.0,0.0,,0.0,0.0,0.0,0.0,0.0,0.0,0.0,0.0,0.0,1.0,0.0,0.0,0.0,0.0,0.0,0.0,0.0,0.0,0.0,0.0,0.0,0.0,0.0,0.0,0.0,1.0,Himachal Pradesh,Kullu
himachal pradesh,kullu,2018,0.0,0.0,,,0.0,0.0,0.0,0.0,0.0,0.0,,0.0,0.0,0.0,0.0,0.0,0.0,0.0,0.0,0.0,0.0,0.0,0.0,0.0,0.0,0.0,0.0,0.0,0.0,0.0,0.0,Himachal Pradesh,Kullu
himachal pradesh,kullu,2019,,0.0,0.0,0.0,1.0,0.0,0.0,0.0,0.0,0.0,0.0,,0.0,0.0,7.0,0.0,0.0,0.0,0.0,0.0,0.0,,0.0,0.0,0.0,0.0,0.0,0.0,0.0,0.0,7.0,Himachal Pradesh,Kullu
himachal pradesh,kullu,2020,0.0,0.0,,0.0,0.0,1.0,0.0,0.0,0.0,0.0,0.0,0.0,0.0,0.0,4.0,,0.0,0.0,0.0,0.0,0.0,0.0,0.0,0.0,0.0,0.0,0.0,,0.0,0.0,4.0,Himachal Pradesh,Kullu
himachal pradesh,kullu,2021,,0.0,0.0,0.0,0.0,0.0,0.0,0.0,0.0,0.0,0.0,0.0,,0.0,9.0,,0.0,0.0,4.0,1.0,1.0,0.0,0.0,0.0,0.0,0.0,0.0,0.0,0.0,0.0,15.0,Himachal Pradesh,Kullu
himachal pradesh,kullu,2022,,0.0,0.0,0.0,0.0,0.0,0.0,0.0,0.0,0.0,0.0,0.0,0.0,0.0,12.0,0.0,0.0,1.0,8.0,0.0,0.0,0.0,0.0,0.0,,0.0,0.0,0.0,0.0,0.0,21.0,Himachal Pradesh,Kullu
himachal pradesh,lahul and spiti,2017,0.0,0.0,0.0,0.0,0.0,,0.0,0.0,0.0,0.0,0.0,0.0,0.0,0.0,0.0,0.0,0.0,0.0,0.0,0.0,0.0,0.0,0.0,0.0,0.0,0.0,0.0,0.0,0.0,0.0,0.0,Himachal Pradesh,Lahul And Spiti
himachal pradesh,lahul and spiti,2018,0.0,0.0,0.0,0.0,1.0,0.0,,0.0,0.0,0.0,0.0,0.0,,0.0,0.0,0.0,0.0,0.0,,,0.0,0.0,0.0,0.0,0.0,0.0,0.0,0.0,0.0,,0.0,Himachal Pradesh,Lahul And Spiti
himachal pradesh,lahul and spiti,2019,0.0,0.0,0.0,0.0,0.0,0.0,0.0,0.0,0.0,0.0,0.0,0.0,,0.0,0.0,,0.0,0.0,,0.0,,0.0,0.0,0.0,,,0.0,0.0,0.0,0.0,,Himachal Pradesh,Lahul And Spiti
himachal pradesh,lahul and spiti,2020,0.0,0.0,0.0,0.0,0.0,0.0,0.0,0.0,0.0,0.0,0.0,,0.0,0.0,,0.0,,0.0,0.0,0.0,0.0,0.0,0.0,,0.0,0.0,0.0,0.0,0.0,0.0,0.0,Himachal Pradesh,Lahul And Spiti
himachal pradesh,lahul and spiti,2021,0.0,0.0,0.0,0.0,0.0,,0.0,0.0,0.0,0.0,0.0,0.0,0.0,0.0,0.0,0.0,0.0,0.0,0.0,0.0,0.0,0.0,0.0,0.0,0.0,0.0,0.0,0.0,0.0,0.0,0.0,Himachal Pradesh,Lahul And Spiti
himachal pradesh,lahul and spiti,2022,0.0,0.0,0.0,0.0,0.0,0.0,0.0,0.0,,,,0.0,0.0,0.0,0.0,0.0,0.0,0.0,0.0,0.0,0.0,,0.0,0.0,0.0,0.0,0.0,0.0,0.0,0.0,0.0,Himachal Pradesh,Lahul And Spiti
himachal pradesh,mandi,2017,0.0,0.0,2.0,0.0,1.0,0.0,0.0,2.0,0.0,0.0,0.0,,0.0,0.0,0.0,0.0,0.0,0.0,0.0,0.0,0.0,0.0,0.0,0.0,0.0,0.0,0.0,0.0,0.0,0.0,0.0,Himachal Pradesh,Mandi
himachal pradesh,mandi,2018,0.0,0.0,0.0,0.0,0.0,0.0,0.0,0.0,0.0,0.0,,0.0,0.0,1.0,0.0,0.0,0.0,0.0,0.0,0.0,0.0,0.0,0.0,0.0,0.0,0.0,0.0,0.0,0.0,0.0,0.0,Himachal Pradesh,Mandi
himachal pradesh,mandi,2019,0.0,0.0,0.0,,0.0,1.0,,0.0,0.0,0.0,,0.0,0.0,0.0,0.0,0.0,0.0,0.0,0.0,0.0,0.0,0.0,0.0,0.0,0.0,0.0,0.0,,0.0,0.0,0.0,Himachal Pradesh,Mandi
himachal pradesh,mandi,2021,0.0,0.0,0.0,0.0,6.0,0.0,0.0,0.0,0.0,0.0,0.0,0.0,,0.0,0.0,0.0,0.0,0.0,0.0,0.0,0.0,0.0,0.0,0.0,0.0,0.0,0.0,0.0,0.0,0.0,0.0,Himachal Pradesh,Mandi
himachal pradesh,mandi,2022,0.0,,0.0,0.0,0.0,0.0,0.0,0.0,0.0,0.0,0.0,0.0,,,0.0,0.0,0.0,0.0,0.0,0.0,0.0,0.0,0.0,0.0,0.0,0.0,0.0,0.0,0.0,0.0,0.0,Himachal Pradesh,Mandi
himachal pradesh,shimla,2017,0.0,0.0,0.0,0.0,1.0,2.0,0.0,3.0,0.0,0.0,0.0,0.0,0.0,0.0,0.0,0.0,0.0,0.0,0.0,0.0,0.0,0.0,0.0,0.0,0.0,0.0,0.0,0.0,0.0,0.0,0.0,Himachal Pradesh,Shimla
himachal pradesh,shimla,2018,0.0,0.0,0.0,0.0,8.0,1.0,0.0,0.0,0.0,0.0,0.0,0.0,0.0,0.0,0.0,0.0,0.0,0.0,0.0,0.0,0.0,0.0,0.0,0.0,0.0,0.0,0.0,0.0,0.0,0.0,0.0,Himachal Pradesh,Shimla
himachal pradesh,shimla,2019,0.0,0.0,1.0,0.0,5.0,11.0,0.0,0.0,0.0,0.0,0.0,0.0,0.0,0.0,0.0,0.0,0.0,0.0,0.0,0.0,0.0,0.0,0.0,0.0,0.0,0.0,0.0,0.0,0.0,0.0,0.0,Himachal Pradesh,Shimla
himachal pradesh,shimla,2020,0.0,0.0,1.0,0.0,3.0,6.0,0.0,0.0,0.0,0.0,0.0,0.0,0.0,0.0,0.0,0.0,0.0,0.0,0.0,0.0,0.0,0.0,0.0,0.0,0.0,0.0,0.0,0.0,1.0,0.0,1.0,Himachal Pradesh,Shimla
himachal pradesh,shimla,2021,0.0,0.0,0.0,0.0,3.0,4.0,0.0,0.0,0.0,0.0,0.0,0.0,0.0,0.0,0.0,0.0,0.0,0.0,0.0,0.0,0.0,0.0,0.0,0.0,0.0,0.0,0.0,0.0,0.0,0.0,0.0,Himachal Pradesh,Shimla
himachal pradesh,shimla,2022,0.0,0.0,0.0,0.0,0.0,13.0,0.0,0.0,0.0,0.0,0.0,0.0,0.0,0.0,0.0,0.0,0.0,0.0,0.0,0.0,0.0,0.0,0.0,0.0,0.0,0.0,0.0,0.0,0.0,0.0,0.0,Himachal Pradesh,Shimla
himachal pradesh,sirmaur,2017,0.0,,0.0,0.0,0.0,0.0,0.0,0.0,1.0,0.0,0.0,0.0,0.0,0.0,0.0,0.0,,0.0,,0.0,0.0,0.0,0.0,0.0,0.0,0.0,0.0,0.0,0.0,0.0,0.0,Himachal Pradesh,Sirmaur
himachal pradesh,sirmaur,2018,0.0,0.0,0.0,0.0,0.0,0.0,,0.0,0.0,,0.0,0.0,0.0,0.0,0.0,0.0,0.0,0.0,0.0,0.0,,0.0,0.0,0.0,0.0,0.0,0.0,0.0,0.0,0.0,0.0,Himachal Pradesh,Sirmaur
himachal pradesh,sirmaur,2019,0.0,0.0,0.0,0.0,0.0,0.0,0.0,0.0,0.0,0.0,0.0,0.0,0.0,,0.0,0.0,0.0,,0.0,0.0,0.0,0.0,,,0.0,,0.0,0.0,0.0,0.0,,Himachal Pradesh,Sirmaur
himachal pradesh,sirmaur,2020,0.0,0.0,0.0,0.0,0.0,0.0,0.0,0.0,0.0,0.0,0.0,0.0,0.0,0.0,0.0,0.0,0.0,0.0,0.0,0.0,0.0,0.0,0.0,0.0,0.0,0.0,0.0,0.0,0.0,0.0,,Himachal Pradesh,Sirmaur
himachal pradesh,sirmaur,2021,,0.0,0.0,0.0,0.0,8.0,0.0,0.0,0.0,0.0,0.0,0.0,0.0,0.0,0.0,0.0,0.0,0.0,0.0,0.0,0.0,0.0,0.0,0.0,0.0,0.0,0.0,0.0,0.0,,0.0,Himachal Pradesh,Sirmaur
himachal pradesh,sirmaur,2022,0.0,0.0,0.0,0.0,0.0,0.0,0.0,0.0,,0.0,0.0,0.0,0.0,0.0,0.0,0.0,0.0,0.0,0.0,0.0,,0.0,0.0,0.0,0.0,0.0,0.0,0.0,0.0,0.0,,Himachal Pradesh,Sirmaur
himachal pradesh,solan,2017,0.0,0.0,0.0,0.0,3.0,0.0,0.0,0.0,4.0,0.0,0.0,0.0,0.0,2.0,0.0,0.0,0.0,0.0,0.0,0.0,0.0,0.0,0.0,0.0,0.0,0.0,0.0,0.0,0.0,0.0,0.0,Himachal Pradesh,Solan
himachal pradesh,solan,2018,0.0,0.0,1.0,0.0,2.0,3.0,0.0,0.0,0.0,0.0,0.0,0.0,0.0,0.0,0.0,0.0,0.0,0.0,0.0,0.0,0.0,0.0,0.0,0.0,0.0,0.0,0.0,0.0,0.0,0.0,0.0,Himachal Pradesh,Solan
himachal pradesh,solan,2019,0.0,0.0,0.0,1.0,2.0,0.0,0.0,0.0,3.0,0.0,0.0,0.0,0.0,0.0,0.0,0.0,0.0,0.0,0.0,0.0,0.0,0.0,0.0,0.0,0.0,0.0,0.0,0.0,0.0,0.0,0.0,Himachal Pradesh,Solan
himachal pradesh,solan,2020,0.0,0.0,0.0,0.0,1.0,2.0,,0.0,3.0,0.0,0.0,0.0,0.0,1.0,0.0,0.0,1.0,0.0,0.0,0.0,0.0,0.0,0.0,0.0,0.0,0.0,0.0,0.0,0.0,0.0,0.0,Himachal Pradesh,Solan
himachal pradesh,solan,2021,0.0,0.0,1.0,0.0,2.0,0.0,0.0,0.0,2.0,0.0,0.0,0.0,0.0,0.0,0.0,0.0,0.0,0.0,0.0,0.0,0.0,0.0,0.0,0.0,0.0,0.0,0.0,0.0,0.0,0.0,0.0,Himachal Pradesh,Solan
himachal pradesh,solan,2022,0.0,0.0,0.0,0.0,1.0,0.0,0.0,0.0,0.0,0.0,0.0,0.0,0.0,0.0,0.0,0.0,0.0,0.0,0.0,0.0,0.0,0.0,0.0,0.0,0.0,0.0,0.0,0.0,0.0,0.0,0.0,Himachal Pradesh,Solan
himachal pradesh,una,2017,0.0,0.0,0.0,0.0,0.0,0.0,0.0,0.0,1.0,0.0,0.0,0.0,0.0,0.0,0.0,0.0,0.0,0.0,,0.0,0.0,0.0,0.0,0.0,0.0,0.0,0.0,0.0,0.0,0.0,0.0,Himachal Pradesh,Una
himachal pradesh,una,2018,0.0,0.0,0.0,0.0,0.0,0.0,0.0,0.0,4.0,0.0,0.0,0.0,0.0,0.0,0.0,0.0,0.0,0.0,0.0,0.0,0.0,0.0,0.0,0.0,0.0,0.0,0.0,0.0,0.0,0.0,,Himachal Pradesh,Una
himachal pradesh,una,2019,0.0,1.0,0.0,0.0,0.0,0.0,0.0,0.0,0.0,0.0,,0.0,,,0.0,0.0,0.0,0.0,0.0,0.0,0.0,,0.0,0.0,0.0,0.0,0.0,0.0,0.0,0.0,0.0,Himachal Pradesh,Una
himachal pradesh,una,2020,0.0,0.0,0.0,0.0,0.0,0.0,0.0,0.0,0.0,0.0,,0.0,0.0,0.0,0.0,0.0,0.0,0.0,0.0,0.0,0.0,0.0,0.0,0.0,0.0,0.0,0.0,0.0,0.0,,0.0,Himachal Pradesh,Una
himachal pradesh,una,2021,0.0,0.0,0.0,0.0,0.0,0.0,0.0,0.0,0.0,0.0,0.0,0.0,0.0,0.0,0.0,0.0,0.0,0.0,0.0,,0.0,0.0,0.0,0.0,,0.0,0.0,,0.0,,0.0,Himachal Pradesh,Una
himachal pradesh,una,2022,0.0,0.0,0.0,0.0,0.0,0.0,0.0,0.0,0.0,0.0,0.0,0.0,0.0,0.0,,0.0,0.0,0.0,,0.0,0.0,0.0,0.0,0.0,0.0,0.0,0.0,0.0,0.0,0.0,,Himachal Pradesh,Una
jammu and kashmir,anantnag,2017,0.0,,0.0,0.0,0.0,0.0,0.0,0.0,0.0,0.0,,0.0,,0.0,0.0,0.0,0.0,,0.0,0.0,0.0,0.0,,0.0,0.0,,0.0,0.0,0.0,0.0,0.0,Jammu And Kashmir,Anantnag
jammu and kashmir,anantnag,2018,0.0,0.0,0.0,,1.0,0.0,,0.0,0.0,0.0,0.0,0.0,0.0,2.0,,0.0,0.0,0.0,0.0,,0.0,0.0,0.0,0.0,0.0,0.0,,0.0,0.0,0.0,0.0,Jammu And Kashmir,Anantnag
jammu and kashmir,anantnag,2020,,0.0,,1.0,1.0,2.0,,0.0,4.0,0.0,0.0,0.0,0.0,1.0,,0.0,0.0,0.0,0.0,0.0,,0.0,0.0,0.0,0.0,0.0,0.0,0.0,0.0,0.0,0.0,Jammu And Kashmir,Anantnag
jammu and kashmir,anantnag,2021,,0.0,0.0,0.0,0.0,0.0,0.0,0.0,3.0,0.0,0.0,0.0,0.0,0.0,,0.0,0.0,0.0,0.0,0.0,0.0,0.0,0.0,0.0,0.0,0.0,0.0,0.0,0.0,0.0,0.0,Jammu And Kashmir,Anantnag
jammu and kashmir,anantnag,2022,0.0,0.0,0.0,0.0,,0.0,0.0,0.0,,0.0,0.0,0.0,0.0,0.0,0.0,0.0,0.0,0.0,0.0,0.0,,,0.0,0.0,0.0,0.0,0.0,0.0,0.0,,0.0,Jammu And Kashmir,Anantnag
jammu and kashmir,baaramulla,2021,0.0,0.0,0.0,0.0,,0.0,0.0,0.0,5.0,0.0,0.0,0.0,0.0,0.0,0.0,0.0,,0.0,0.0,0.0,0.0,0.0,0.0,0.0,0.0,0.0,0.0,0.0,,0.0,,Jammu And Kashmir,Baaramulla
jammu and kashmir,bandipora,2017,0.0,0.0,,0.0,,0.0,,0.0,0.0,0.0,0.0,,0.0,,0.0,0.0,0.0,,0.0,0.0,0.0,0.0,0.0,0.0,0.0,0.0,0.0,0.0,0.0,0.0,0.0,Jammu And Kashmir,Bandipora
jammu and kashmir,bandipora,2018,0.0,0.0,0.0,0.0,0.0,,0.0,0.0,1.0,,0.0,0.0,0.0,0.0,0.0,0.0,,0.0,0.0,0.0,0.0,0.0,0.0,0.0,0.0,0.0,0.0,0.0,0.0,0.0,0.0,Jammu And Kashmir,Bandipora
jammu and kashmir,bandipora,2019,0.0,0.0,0.0,0.0,0.0,0.0,0.0,0.0,0.0,0.0,0.0,0.0,0.0,0.0,0.0,0.0,0.0,0.0,0.0,0.0,0.0,0.0,0.0,,0.0,0.0,0.0,0.0,0.0,0.0,0.0,Jammu And Kashmir,Bandipora
jammu and kashmir,bandipora,2020,0.0,0.0,0.0,0.0,0.0,,0.0,0.0,0.0,0.0,0.0,0.0,0.0,0.0,0.0,0.0,0.0,0.0,0.0,0.0,0.0,0.0,,,0.0,0.0,0.0,0.0,0.0,,0.0,Jammu And Kashmir,Bandipora
jammu and kashmir,bandipora,2021,0.0,0.0,0.0,0.0,,0.0,0.0,0.0,0.0,0.0,0.0,0.0,0.0,0.0,0.0,0.0,,0.0,0.0,0.0,0.0,0.0,0.0,0.0,0.0,0.0,0.0,0.0,0.0,0.0,,Jammu And Kashmir,Bandipora
jammu and kashmir,bandipora,2022,,0.0,0.0,0.0,0.0,0.0,0.0,0.0,1.0,0.0,0.0,0.0,0.0,0.0,0.0,0.0,0.0,0.0,0.0,0.0,0.0,0.0,,0.0,0.0,0.0,0.0,,0.0,0.0,0.0,Jammu And Kashmir,Bandipora
jammu and kashmir,baramulla,2017,0.0,0.0,0.0,0.0,0.0,0.0,0.0,0.0,1.0,0.0,0.0,0.0,0.0,10.0,0.0,0.0,0.0,0.0,0.0,0.0,0.0,0.0,0.0,0.0,0.0,0.0,0.0,0.0,0.0,0.0,0.0,Jammu And Kashmir,Baramulla
jammu and kashmir,baramulla,2018,0.0,0.0,0.0,0.0,0.0,0.0,0.0,0.0,4.0,0.0,0.0,0.0,0.0,3.0,0.0,0.0,0.0,0.0,0.0,0.0,0.0,0.0,0.0,0.0,0.0,0.0,0.0,0.0,0.0,0.0,0.0,Jammu And Kashmir,Baramulla
jammu and kashmir,baramulla,2019,0.0,0.0,0.0,0.0,0.0,0.0,0.0,0.0,0.0,0.0,0.0,0.0,0.0,0.0,0.0,0.0,0.0,0.0,0.0,0.0,0.0,0.0,0.0,0.0,0.0,0.0,0.0,0.0,0.0,0.0,0.0,Jammu And Kashmir,Baramulla
jammu and kashmir,baramulla,2020,0.0,0.0,0.0,0.0,0.0,0.0,0.0,0.0,0.0,0.0,0.0,0.0,0.0,1.0,0.0,0.0,0.0,0.0,0.0,0.0,0.0,0.0,0.0,0.0,0.0,0.0,0.0,0.0,0.0,0.0,0.0,Jammu And Kashmir,Baramulla
jammu and kashmir,baramulla,2021,,0.0,0.0,0.0,0.0,0.0,0.0,0.0,0.0,,0.0,0.0,0.0,0.0,0.0,0.0,0.0,0.0,0.0,0.0,,0.0,0.0,0.0,,0.0,0.0,0.0,0.0,0.0,0.0,Jammu And Kashmir,Baramulla
jammu and kashmir,baramulla,2022,0.0,0.0,0.0,0.0,0.0,0.0,0.0,0.0,1.0,0.0,0.0,0.0,0.0,0.0,0.0,0.0,0.0,0.0,0.0,0.0,0.0,0.0,0.0,0.0,0.0,0.0,0.0,0.0,0.0,0.0,0.0,Jammu And Kashmir,Baramulla
jammu and kashmir,budgam,2017,0.0,0.0,0.0,0.0,0.0,0.0,0.0,0.0,0.0,0.0,0.0,0.0,0.0,0.0,0.0,0.0,0.0,0.0,0.0,,0.0,0.0,,0.0,,0.0,,0.0,0.0,0.0,0.0,Jammu And Kashmir,Budgam
jammu and kashmir,budgam,2018,0.0,0.0,3.0,0.0,,0.0,0.0,0.0,0.0,0.0,0.0,,,0.0,0.0,0.0,0.0,0.0,0.0,0.0,0.0,0.0,0.0,0.0,0.0,0.0,0.0,0.0,0.0,0.0,0.0,Jammu And Kashmir,Budgam
jammu and kashmir,budgam,2019,0.0,,2.0,0.0,0.0,0.0,0.0,0.0,3.0,0.0,0.0,0.0,,0.0,0.0,0.0,0.0,0.0,0.0,,0.0,0.0,,0.0,0.0,0.0,0.0,0.0,0.0,0.0,0.0,Jammu And Kashmir,Budgam
jammu and kashmir,budgam,2020,0.0,0.0,4.0,0.0,0.0,0.0,0.0,0.0,0.0,0.0,0.0,0.0,0.0,0.0,0.0,0.0,0.0,0.0,0.0,0.0,0.0,0.0,0.0,0.0,,,0.0,0.0,0.0,0.0,0.0,Jammu And Kashmir,Budgam
jammu and kashmir,budgam,2021,0.0,,,0.0,0.0,0.0,0.0,0.0,0.0,0.0,0.0,,0.0,,,0.0,0.0,0.0,0.0,0.0,0.0,0.0,0.0,0.0,0.0,0.0,0.0,0.0,0.0,0.0,0.0,Jammu And Kashmir,Budgam
jammu and kashmir,budgam,2022,,0.0,0.0,0.0,,0.0,0.0,0.0,0.0,0.0,0.0,0.0,0.0,0.0,0.0,,0.0,0.0,0.0,0.0,0.0,0.0,0.0,0.0,0.0,0.0,0.0,0.0,0.0,0.0,0.0,Jammu And Kashmir,Budgam
jammu and kashmir,doda,2017,0.0,0.0,0.0,0.0,0.0,0.0,0.0,0.0,0.0,,0.0,0.0,0.0,0.0,0.0,0.0,0.0,,0.0,0.0,0.0,0.0,0.0,0.0,0.0,0.0,0.0,,0.0,0.0,,Jammu And Kashmir,Doda
jammu and kashmir,doda,2018,0.0,,0.0,0.0,0.0,0.0,0.0,,,0.0,0.0,0.0,0.0,0.0,0.0,0.0,0.0,0.0,0.0,0.0,0.0,0.0,0.0,0.0,0.0,0.0,0.0,0.0,0.0,0.0,0.0,Jammu And Kashmir,Doda
jammu and kashmir,doda,2019,,0.0,0.0,0.0,0.0,0.0,0.0,0.0,1.0,0.0,0.0,0.0,0.0,0.0,0.0,,0.0,0.0,0.0,0.0,0.0,0.0,0.0,0.0,0.0,0.0,,0.0,0.0,0.0,0.0,Jammu And Kashmir,Doda
jammu and kashmir,doda,2020,,0.0,0.0,0.0,0.0,0.0,0.0,0.0,0.0,0.0,0.0,0.0,0.0,0.0,0.0,0.0,0.0,0.0,0.0,0.0,0.0,0.0,0.0,0.0,0.0,0.0,0.0,0.0,0.0,0.0,0.0,Jammu And Kashmir,Doda
jammu and kashmir,doda,2021,0.0,0.0,0.0,0.0,0.0,0.0,0.0,0.0,0.0,0.0,0.0,0.0,0.0,0.0,1.0,0.0,0.0,0.0,0.0,0.0,0.0,0.0,0.0,0.0,0.0,0.0,,0.0,0.0,0.0,1.0,Jammu And Kashmir,Doda
jammu and kashmir,doda,2022,0.0,,0.0,0.0,0.0,,0.0,0.0,0.0,,0.0,0.0,0.0,0.0,0.0,0.0,0.0,,,0.0,0.0,,,0.0,0.0,0.0,0.0,,0.0,0.0,0.0,Jammu And Kashmir,Doda
jammu and kashmir,gaanderbal,2020,0.0,,0.0,0.0,2.0,0.0,,,0.0,0.0,0.0,0.0,0.0,0.0,0.0,0.0,0.0,,0.0,0.0,0.0,0.0,0.0,0.0,0.0,,0.0,0.0,0.0,0.0,0.0,Jammu And Kashmir,Gaanderbal
jammu and kashmir,ganderbal,2017,0.0,0.0,0.0,0.0,0.0,0.0,0.0,0.0,0.0,0.0,,0.0,0.0,0.0,0.0,0.0,0.0,0.0,0.0,0.0,0.0,0.0,0.0,0.0,0.0,0.0,0.0,0.0,,0.0,0.0,Jammu And Kashmir,Ganderbal
jammu and kashmir,ganderbal,2018,0.0,0.0,0.0,,0.0,1.0,0.0,0.0,,0.0,0.0,0.0,0.0,0.0,0.0,,,0.0,0.0,0.0,0.0,,0.0,0.0,0.0,0.0,0.0,0.0,0.0,0.0,0.0,Jammu And Kashmir,Ganderbal
jammu and kashmir,ganderbal,2019,0.0,0.0,0.0,0.0,0.0,,0.0,0.0,0.0,0.0,0.0,0.0,0.0,0.0,0.0,0.0,0.0,0.0,0.0,0.0,0.0,0.0,,0.0,0.0,0.0,,,0.0,0.0,0.0,Jammu And Kashmir,Ganderbal
jammu and kashmir,ganderbal,2021,,0.0,0.0,0.0,0.0,0.0,0.0,0.0,0.0,0.0,0.0,0.0,0.0,0.0,2.0,0.0,0.0,0.0,0.0,0.0,0.0,0.0,,0.0,0.0,,0.0,1.0,0.0,0.0,3.0,Jammu And Kashmir,Ganderbal
jammu and kashmir,ganderbal,2022,,0.0,0.0,0.0,0.0,0.0,0.0,0.0,0.0,0.0,0.0,0.0,0.0,,0.0,0.0,0.0,0.0,0.0,,0.0,0.0,0.0,0.0,0.0,0.0,0.0,0.0,0.0,0.0,0.0,Jammu And Kashmir,Ganderbal
jammu and kashmir,jaammu,2022,0.0,0.0,0.0,0.0,5.0,,12.0,0.0,0.0,0.0,0.0,0.0,0.0,0.0,0.0,0.0,0.0,,0.0,0.0,0.0,0.0,,0.0,0.0,0.0,0.0,0.0,0.0,,0.0,Jammu And Kashmir,Jaammu
jammu and kashmir,jammu,2017,0.0,0.0,0.0,0.0,0.0,0.0,0.0,0.0,0.0,0.0,0.0,0.0,0.0,0.0,0.0,0.0,0.0,0.0,0.0,0.0,0.0,0.0,0.0,0.0,0.0,0.0,0.0,0.0,0.0,0.0,0.0,Jammu And Kashmir,Jammu
jammu and kashmir,jammu,2018,0.0,0.0,0.0,0.0,0.0,0.0,0.0,0.0,0.0,0.0,0.0,0.0,0.0,0.0,0.0,0.0,0.0,0.0,0.0,0.0,0.0,0.0,0.0,0.0,0.0,0.0,0.0,0.0,0.0,0.0,1.0,Jammu And Kashmir,Jammu
jammu and kashmir,jammu,2019,0.0,0.0,0.0,0.0,0.0,0.0,0.0,0.0,0.0,0.0,0.0,0.0,0.0,0.0,0.0,0.0,0.0,0.0,5.0,0.0,0.0,0.0,0.0,0.0,0.0,0.0,0.0,0.0,0.0,0.0,5.0,Jammu And Kashmir,Jammu
jammu and kashmir,jammu,2020,0.0,0.0,0.0,0.0,0.0,0.0,0.0,0.0,0.0,0.0,0.0,0.0,0.0,0.0,0.0,0.0,0.0,0.0,0.0,0.0,0.0,0.0,0.0,0.0,0.0,0.0,0.0,0.0,0.0,0.0,0.0,Jammu And Kashmir,Jammu
jammu and kashmir,jammu,2021,0.0,0.0,2.0,0.0,4.0,33.0,0.0,0.0,0.0,0.0,0.0,0.0,0.0,0.0,0.0,0.0,0.0,1.0,7.0,0.0,0.0,0.0,0.0,0.0,0.0,0.0,0.0,0.0,0.0,2.0,10.0,Jammu And Kashmir,Jammu
jammu and kashmir,jammu,2022,0.0,0.0,0.0,0.0,0.0,61.0,1.0,0.0,0.0,0.0,0.0,0.0,0.0,0.0,0.0,0.0,0.0,0.0,0.0,0.0,0.0,0.0,0.0,0.0,0.0,0.0,0.0,0.0,0.0,0.0,7.0,Jammu And Kashmir,Jammu
jammu and kashmir,kathua,2017,0.0,0.0,,0.0,0.0,0.0,0.0,0.0,2.0,0.0,0.0,,0.0,0.0,,0.0,0.0,0.0,0.0,0.0,0.0,0.0,0.0,0.0,0.0,0.0,0.0,0.0,0.0,0.0,,Jammu And Kashmir,Kathua
jammu and kashmir,kathua,2018,,0.0,0.0,0.0,0.0,0.0,0.0,0.0,0.0,0.0,0.0,0.0,0.0,0.0,0.0,0.0,0.0,0.0,0.0,0.0,0.0,0.0,0.0,0.0,0.0,,,0.0,,0.0,0.0,Jammu And Kashmir,Kathua
jammu and kashmir,kathua,2019,0.0,0.0,0.0,0.0,0.0,0.0,0.0,0.0,0.0,0.0,0.0,0.0,0.0,0.0,0.0,0.0,0.0,0.0,0.0,0.0,0.0,0.0,0.0,0.0,0.0,0.0,,0.0,0.0,0.0,0.0,Jammu And Kashmir,Kathua
jammu and kashmir,kathua,2020,,0.0,,0.0,,0.0,0.0,0.0,2.0,0.0,0.0,0.0,0.0,0.0,0.0,0.0,0.0,0.0,0.0,0.0,0.0,0.0,0.0,0.0,,0.0,0.0,0.0,0.0,,0.0,Jammu And Kashmir,Kathua
jammu and kashmir,kathua,2021,0.0,0.0,0.0,0.0,0.0,0.0,0.0,0.0,4.0,0.0,0.0,0.0,0.0,0.0,1.0,0.0,0.0,0.0,0.0,0.0,,0.0,0.0,0.0,0.0,0.0,0.0,0.0,0.0,0.0,1.0,Jammu And Kashmir,Kathua
jammu and kashmir,kathua,2022,0.0,0.0,,0.0,0.0,0.0,0.0,0.0,0.0,0.0,0.0,0.0,0.0,0.0,1.0,0.0,0.0,0.0,0.0,0.0,0.0,0.0,0.0,0.0,0.0,0.0,0.0,0.0,0.0,0.0,1.0,Jammu And Kashmir,Kathua
jammu and kashmir,kishtwaar,2020,0.0,0.0,,0.0,0.0,0.0,0.0,0.0,7.0,0.0,0.0,0.0,0.0,0.0,0.0,0.0,0.0,0.0,0.0,0.0,0.0,0.0,0.0,0.0,0.0,0.0,0.0,0.0,0.0,0.0,0.0,Jammu And Kashmir,Kishtwaar
jammu and kashmir,kishtwar,2017,0.0,0.0,0.0,,0.0,0.0,,0.0,0.0,0.0,0.0,0.0,0.0,0.0,0.0,0.0,0.0,0.0,0.0,0.0,,0.0,0.0,,0.0,0.0,0.0,0.0,0.0,0.0,0.0,Jammu And Kashmir,Kishtwar
jammu and kashmir,kishtwar,2018,0.0,0.0,0.0,0.0,0.0,0.0,0.0,0.0,,0.0,,0.0,,,0.0,,0.0,0.0,0.0,0.0,0.0,0.0,0.0,,0.0,0.0,0.0,0.0,0.0,0.0,0.0,Jammu And Kashmir,Kishtwar
jammu and kashmir,kishtwar,2019,,0.0,0.0,,,0.0,0.0,0.0,0.0,0.0,0.0,0.0,0.0,0.0,0.0,0.0,0.0,0.0,0.0,0.0,0.0,,0.0,0.0,,0.0,0.0,0.0,0.0,0.0,0.0,Jammu And Kashmir,Kishtwar
jammu and kashmir,kishtwar,2021,0.0,0.0,5.0,0.0,0.0,0.0,,,3.0,0.0,0.0,0.0,0.0,0.0,0.0,0.0,0.0,,0.0,0.0,0.0,0.0,0.0,0.0,0.0,0.0,0.0,0.0,0.0,0.0,0.0,Jammu And Kashmir,Kishtwar
jammu and kashmir,kishtwar,2022,0.0,0.0,0.0,0.0,0.0,0.0,0.0,0.0,0.0,0.0,,0.0,0.0,0.0,0.0,0.0,0.0,0.0,0.0,0.0,0.0,0.0,0.0,0.0,0.0,0.0,0.0,0.0,0.0,0.0,0.0,Jammu And Kashmir,Kishtwar
jammu and kashmir,kulgaam,2018,0.0,0.0,0.0,,0.0,0.0,0.0,0.0,0.0,0.0,0.0,0.0,0.0,0.0,0.0,0.0,0.0,0.0,0.0,0.0,0.0,0.0,0.0,0.0,,0.0,0.0,0.0,0.0,0.0,0.0,Jammu And Kashmir,Kulgaam
jammu and kashmir,kulgam,2017,0.0,0.0,0.0,0.0,0.0,0.0,0.0,0.0,0.0,0.0,,,0.0,0.0,0.0,0.0,0.0,0.0,0.0,0.0,0.0,0.0,0.0,0.0,0.0,0.0,0.0,,0.0,0.0,,Jammu And Kashmir,Kulgam
jammu and kashmir,kulgam,2019,0.0,0.0,0.0,,0.0,0.0,0.0,0.0,0.0,0.0,0.0,0.0,0.0,,0.0,,0.0,0.0,0.0,0.0,0.0,,,0.0,0.0,0.0,0.0,0.0,0.0,0.0,0.0,Jammu And Kashmir,Kulgam
jammu and kashmir,kulgam,2020,0.0,0.0,0.0,0.0,0.0,0.0,0.0,0.0,0.0,,,0.0,0.0,0.0,0.0,0.0,0.0,0.0,,,0.0,0.0,0.0,0.0,0.0,0.0,,0.0,,0.0,0.0,Jammu And Kashmir,Kulgam
jammu and kashmir,kulgam,2021,0.0,0.0,,0.0,0.0,0.0,0.0,0.0,0.0,0.0,0.0,0.0,0.0,0.0,0.0,0.0,0.0,0.0,0.0,0.0,0.0,0.0,0.0,,0.0,,0.0,0.0,0.0,0.0,0.0,Jammu And Kashmir,Kulgam
jammu and kashmir,kulgam,2022,0.0,0.0,0.0,0.0,0.0,0.0,,0.0,0.0,0.0,0.0,0.0,0.0,0.0,0.0,0.0,0.0,0.0,0.0,0.0,0.0,0.0,0.0,0.0,0.0,0.0,0.0,,0.0,0.0,0.0,Jammu And Kashmir,Kulgam
jammu and kashmir,kupwara,2017,0.0,0.0,0.0,0.0,0.0,0.0,0.0,0.0,0.0,0.0,0.0,0.0,0.0,0.0,0.0,0.0,0.0,0.0,0.0,0.0,0.0,0.0,0.0,0.0,0.0,0.0,0.0,0.0,0.0,0.0,0.0,Jammu And Kashmir,Kupwara
jammu and kashmir,kupwara,2018,0.0,0.0,0.0,0.0,0.0,0.0,0.0,0.0,0.0,0.0,0.0,0.0,0.0,0.0,0.0,0.0,0.0,0.0,0.0,0.0,0.0,0.0,0.0,0.0,0.0,0.0,0.0,0.0,0.0,0.0,0.0,Jammu And Kashmir,Kupwara
jammu and kashmir,kupwara,2019,,0.0,0.0,0.0,0.0,0.0,0.0,0.0,0.0,0.0,0.0,0.0,0.0,0.0,0.0,0.0,0.0,0.0,0.0,0.0,0.0,0.0,0.0,0.0,0.0,0.0,0.0,0.0,0.0,0.0,0.0,Jammu And Kashmir,Kupwara
jammu and kashmir,kupwara,2020,0.0,0.0,1.0,0.0,0.0,0.0,0.0,0.0,0.0,0.0,0.0,0.0,0.0,0.0,0.0,0.0,0.0,0.0,0.0,0.0,0.0,0.0,0.0,0.0,0.0,0.0,0.0,0.0,0.0,0.0,0.0,Jammu And Kashmir,Kupwara
jammu and kashmir,kupwara,2021,0.0,0.0,1.0,0.0,0.0,0.0,0.0,0.0,0.0,0.0,0.0,0.0,0.0,0.0,0.0,0.0,0.0,0.0,,0.0,0.0,0.0,0.0,0.0,0.0,0.0,0.0,0.0,0.0,0.0,0.0,Jammu And Kashmir,Kupwara
jammu and kashmir,kupwara,2022,0.0,0.0,0.0,0.0,0.0,0.0,0.0,0.0,0.0,0.0,0.0,0.0,0.0,0.0,0.0,0.0,0.0,0.0,0.0,0.0,0.0,0.0,0.0,0.0,0.0,0.0,0.0,0.0,0.0,0.0,0.0,Jammu And Kashmir,Kupwara
jammu and kashmir,poonch,2017,0.0,0.0,0.0,0.0,0.0,1.0,0.0,,0.0,0.0,0.0,0.0,0.0,0.0,0.0,0.0,0.0,3.0,0.0,0.0,0.0,,1.0,0.0,0.0,0.0,0.0,0.0,1.0,0.0,5.0,Jammu And Kashmir,Poonch
jammu and kashmir,poonch,2018,0.0,0.0,0.0,0.0,,0.0,,0.0,0.0,0.0,0.0,0.0,0.0,0.0,,0.0,0.0,1.0,0.0,0.0,1.0,0.0,0.0,0.0,,0.0,,,1.0,0.0,3.0,Jammu And Kashmir,Poonch
jammu and kashmir,poonch,2019,0.0,0.0,0.0,0.0,1.0,0.0,0.0,0.0,0.0,0.0,0.0,0.0,0.0,0.0,1.0,0.0,0.0,0.0,0.0,0.0,,0.0,0.0,0.0,0.0,0.0,0.0,0.0,0.0,0.0,1.0,Jammu And Kashmir,Poonch
jammu and kashmir,poonch,2020,0.0,0.0,0.0,0.0,0.0,1.0,0.0,0.0,3.0,0.0,0.0,0.0,0.0,0.0,0.0,0.0,0.0,0.0,0.0,0.0,0.0,0.0,0.0,0.0,0.0,0.0,0.0,0.0,1.0,0.0,1.0,Jammu And Kashmir,Poonch
jammu and kashmir,poonch,2021,,0.0,,0.0,0.0,1.0,0.0,0.0,0.0,0.0,0.0,0.0,0.0,0.0,0.0,0.0,,0.0,0.0,0.0,0.0,0.0,0.0,0.0,2.0,0.0,0.0,0.0,0.0,0.0,2.0,Jammu And Kashmir,Poonch
jammu and kashmir,poonch,2022,0.0,0.0,0.0,0.0,0.0,0.0,0.0,0.0,0.0,0.0,0.0,0.0,0.0,,0.0,0.0,0.0,0.0,0.0,0.0,0.0,0.0,0.0,0.0,,0.0,0.0,0.0,0.0,0.0,0.0,Jammu And Kashmir,Poonch
jammu and kashmir,pulwaama,2022,0.0,0.0,0.0,0.0,0.0,0.0,0.0,0.0,0.0,0.0,0.0,0.0,0.0,0.0,0.0,0.0,0.0,0.0,0.0,,,0.0,0.0,0.0,0.0,0.0,0.0,0.0,0.0,,0.0,Jammu And Kashmir,Pulwaama
jammu and kashmir,pulwama,2017,0.0,0.0,0.0,0.0,0.0,0.0,0.0,0.0,0.0,0.0,0.0,0.0,0.0,0.0,0.0,0.0,0.0,0.0,0.0,0.0,0.0,0.0,0.0,0.0,0.0,0.0,0.0,0.0,0.0,0.0,0.0,Jammu And Kashmir,Pulwama
jammu and kashmir,pulwama,2018,0.0,0.0,0.0,0.0,0.0,1.0,0.0,0.0,0.0,0.0,0.0,0.0,0.0,0.0,0.0,0.0,0.0,0.0,0.0,0.0,0.0,0.0,0.0,0.0,0.0,0.0,0.0,0.0,0.0,0.0,0.0,Jammu And Kashmir,Pulwama
jammu and kashmir,pulwama,2019,0.0,0.0,0.0,0.0,0.0,0.0,0.0,0.0,0.0,0.0,0.0,0.0,0.0,0.0,0.0,0.0,0.0,0.0,0.0,0.0,0.0,0.0,0.0,0.0,0.0,0.0,0.0,0.0,0.0,0.0,0.0,Jammu And Kashmir,Pulwama
jammu and kashmir,pulwama,2020,0.0,0.0,0.0,0.0,0.0,0.0,0.0,0.0,0.0,0.0,0.0,0.0,0.0,0.0,0.0,0.0,0.0,0.0,0.0,0.0,0.0,0.0,0.0,0.0,0.0,0.0,,2.0,12.0,0.0,14.0,Jammu And Kashmir,Pulwama
jammu and kashmir,pulwama,2021,0.0,0.0,0.0,0.0,0.0,0.0,0.0,0.0,0.0,0.0,0.0,0.0,0.0,0.0,0.0,0.0,0.0,0.0,0.0,0.0,0.0,0.0,0.0,0.0,0.0,0.0,0.0,0.0,0.0,0.0,0.0,Jammu And Kashmir,Pulwama
jammu and kashmir,pulwama,2022,0.0,0.0,0.0,0.0,0.0,0.0,0.0,0.0,0.0,0.0,0.0,0.0,0.0,,0.0,0.0,0.0,0.0,0.0,0.0,0.0,0.0,0.0,,,,0.0,0.0,0.0,0.0,,Jammu And Kashmir,Pulwama
jammu and kashmir,rajouri,2017,0.0,0.0,0.0,0.0,0.0,0.0,0.0,0.0,0.0,0.0,0.0,0.0,0.0,0.0,0.0,0.0,0.0,0.0,0.0,0.0,0.0,0.0,0.0,0.0,,0.0,0.0,0.0,0.0,0.0,0.0,Jammu And Kashmir,Rajouri
jammu and kashmir,rajouri,2018,0.0,0.0,0.0,0.0,0.0,0.0,0.0,,,0.0,0.0,0.0,0.0,0.0,0.0,0.0,0.0,0.0,,0.0,0.0,2.0,0.0,0.0,0.0,0.0,0.0,4.0,0.0,0.0,6.0,Jammu And Kashmir,Rajouri
jammu and kashmir,rajouri,2019,0.0,0.0,0.0,0.0,0.0,0.0,0.0,0.0,0.0,,0.0,0.0,0.0,3.0,0.0,0.0,0.0,0.0,0.0,0.0,0.0,3.0,0.0,,0.0,0.0,0.0,1.0,0.0,0.0,,Jammu And Kashmir,Rajouri
jammu and kashmir,rajouri,2020,0.0,0.0,0.0,0.0,0.0,0.0,0.0,0.0,2.0,0.0,0.0,0.0,0.0,,0.0,0.0,,0.0,,0.0,0.0,1.0,0.0,0.0,0.0,0.0,0.0,3.0,,4.0,8.0,Jammu And Kashmir,Rajouri
jammu and kashmir,rajouri,2021,0.0,,0.0,0.0,0.0,3.0,1.0,0.0,0.0,0.0,0.0,0.0,0.0,0.0,0.0,,0.0,,0.0,,0.0,0.0,0.0,0.0,0.0,0.0,0.0,0.0,0.0,0.0,0.0,Jammu And Kashmir,Rajouri
jammu and kashmir,ramban,2017,0.0,0.0,0.0,0.0,0.0,0.0,0.0,0.0,0.0,0.0,0.0,0.0,0.0,,0.0,0.0,0.0,0.0,0.0,0.0,0.0,0.0,0.0,0.0,0.0,0.0,0.0,,0.0,2.0,,Jammu And Kashmir,Ramban
jammu and kashmir,ramban,2018,,,0.0,0.0,0.0,0.0,0.0,0.0,0.0,0.0,0.0,0.0,0.0,0.0,0.0,0.0,0.0,0.0,0.0,0.0,0.0,0.0,1.0,0.0,0.0,0.0,0.0,0.0,0.0,2.0,3.0,Jammu And Kashmir,Ramban
jammu and kashmir,ramban,2019,0.0,0.0,0.0,0.0,0.0,0.0,0.0,0.0,0.0,0.0,0.0,0.0,0.0,0.0,0.0,,0.0,0.0,0.0,0.0,,0.0,0.0,0.0,0.0,0.0,0.0,0.0,0.0,1.0,1.0,Jammu And Kashmir,Ramban
jammu and kashmir,ramban,2020,0.0,0.0,0.0,0.0,,,0.0,0.0,0.0,0.0,0.0,0.0,0.0,0.0,0.0,0.0,0.0,0.0,0.0,0.0,0.0,1.0,0.0,0.0,,0.0,0.0,0.0,0.0,1.0,2.0,Jammu And Kashmir,Ramban
jammu and kashmir,ramban,2021,0.0,0.0,0.0,0.0,0.0,0.0,0.0,,0.0,0.0,0.0,0.0,0.0,0.0,0.0,0.0,0.0,0.0,0.0,0.0,0.0,2.0,0.0,,0.0,,0.0,0.0,0.0,5.0,7.0,Jammu And Kashmir,Ramban
jammu and kashmir,ramban,2022,0.0,0.0,0.0,0.0,0.0,0.0,0.0,0.0,0.0,0.0,0.0,0.0,0.0,0.0,0.0,0.0,0.0,0.0,0.0,,0.0,,0.0,0.0,0.0,0.0,0.0,0.0,0.0,3.0,3.0,Jammu And Kashmir,Ramban
jammu and kashmir,reasi,2017,0.0,0.0,0.0,0.0,0.0,0.0,0.0,0.0,0.0,0.0,0.0,0.0,0.0,0.0,0.0,0.0,0.0,0.0,0.0,0.0,0.0,0.0,0.0,0.0,0.0,0.0,0.0,0.0,0.0,0.0,0.0,Jammu And Kashmir,Reasi
jammu and kashmir,reasi,2018,0.0,0.0,0.0,0.0,0.0,0.0,0.0,0.0,0.0,0.0,0.0,0.0,0.0,0.0,0.0,0.0,0.0,0.0,0.0,0.0,0.0,0.0,0.0,0.0,0.0,0.0,0.0,0.0,0.0,0.0,0.0,Jammu And Kashmir,Reasi
jammu and kashmir,reasi,2019,0.0,0.0,0.0,0.0,0.0,0.0,0.0,0.0,0.0,0.0,0.0,0.0,0.0,0.0,0.0,0.0,0.0,0.0,0.0,,0.0,0.0,0.0,0.0,0.0,0.0,0.0,0.0,0.0,0.0,0.0,Jammu And Kashmir,Reasi
jammu and kashmir,reasi,2020,0.0,0.0,0.0,0.0,0.0,1.0,0.0,0.0,0.0,0.0,0.0,0.0,1.0,0.0,0.0,0.0,0.0,0.0,0.0,0.0,0.0,0.0,0.0,0.0,0.0,0.0,0.0,0.0,1.0,0.0,1.0,Jammu And Kashmir,Reasi
jammu and kashmir,reasi,2021,0.0,0.0,0.0,0.0,0.0,0.0,0.0,0.0,0.0,0.0,0.0,0.0,0.0,0.0,2.0,0.0,0.0,0.0,0.0,0.0,0.0,0.0,0.0,0.0,0.0,0.0,0.0,0.0,0.0,0.0,2.0,Jammu And Kashmir,Reasi
jammu and kashmir,reasi,2022,0.0,0.0,0.0,0.0,0.0,0.0,0.0,0.0,0.0,0.0,0.0,0.0,0.0,0.0,1.0,0.0,0.0,0.0,0.0,0.0,0.0,0.0,0.0,0.0,0.0,,0.0,0.0,0.0,0.0,0.0,Jammu And Kashmir,Reasi
jammu and kashmir,samba,2017,,0.0,0.0,0.0,0.0,0.0,0.0,0.0,0.0,0.0,0.0,0.0,0.0,,0.0,,0.0,0.0,0.0,0.0,0.0,0.0,0.0,0.0,0.0,0.0,0.0,0.0,0.0,0.0,0.0,Jammu And Kashmir,Samba
jammu and kashmir,samba,2018,0.0,0.0,0.0,0.0,0.0,0.0,,0.0,0.0,,0.0,0.0,0.0,0.0,0.0,0.0,0.0,0.0,0.0,0.0,0.0,0.0,,0.0,0.0,0.0,0.0,0.0,0.0,0.0,0.0,Jammu And Kashmir,Samba
jammu and kashmir,samba,2019,0.0,0.0,0.0,0.0,,0.0,0.0,0.0,0.0,0.0,0.0,0.0,0.0,0.0,,0.0,0.0,0.0,0.0,0.0,0.0,0.0,0.0,0.0,0.0,0.0,0.0,0.0,0.0,,,Jammu And Kashmir,Samba
jammu and kashmir,samba,2020,0.0,0.0,0.0,0.0,0.0,1.0,0.0,,2.0,0.0,,,0.0,0.0,,0.0,0.0,0.0,0.0,0.0,0.0,0.0,0.0,0.0,0.0,0.0,0.0,0.0,0.0,0.0,0.0,Jammu And Kashmir,Samba
jammu and kashmir,samba,2021,0.0,0.0,,0.0,0.0,0.0,0.0,0.0,0.0,0.0,0.0,,0.0,0.0,0.0,0.0,0.0,0.0,0.0,0.0,0.0,0.0,0.0,0.0,0.0,,0.0,0.0,0.0,0.0,0.0,Jammu And Kashmir,Samba
jammu and kashmir,samba,2022,0.0,0.0,0.0,0.0,0.0,0.0,0.0,0.0,0.0,,0.0,0.0,0.0,,0.0,0.0,,0.0,0.0,0.0,0.0,0.0,,0.0,0.0,0.0,0.0,0.0,0.0,0.0,0.0,Jammu And Kashmir,Samba
jammu and kashmir,shopian,2017,0.0,0.0,0.0,0.0,0.0,0.0,0.0,0.0,0.0,0.0,0.0,0.0,0.0,0.0,0.0,,0.0,0.0,0.0,0.0,0.0,,,0.0,0.0,0.0,0.0,0.0,0.0,0.0,0.0,Jammu And Kashmir,Shopian
jammu and kashmir,shopian,2018,0.0,0.0,0.0,0.0,0.0,0.0,0.0,0.0,0.0,0.0,0.0,0.0,0.0,0.0,0.0,,0.0,0.0,0.0,0.0,0.0,0.0,0.0,,0.0,0.0,0.0,0.0,0.0,0.0,0.0,Jammu And Kashmir,Shopian
jammu and kashmir,shopian,2019,,0.0,0.0,0.0,0.0,0.0,0.0,0.0,,,0.0,0.0,0.0,0.0,0.0,0.0,0.0,0.0,0.0,0.0,,,0.0,0.0,0.0,0.0,0.0,0.0,,2.0,2.0,Jammu And Kashmir,Shopian
jammu and kashmir,shopian,2020,0.0,0.0,0.0,0.0,1.0,0.0,0.0,1.0,0.0,0.0,,0.0,0.0,0.0,0.0,0.0,0.0,0.0,0.0,0.0,0.0,,0.0,0.0,0.0,0.0,0.0,0.0,0.0,0.0,0.0,Jammu And Kashmir,Shopian
jammu and kashmir,shopian,2021,0.0,0.0,0.0,0.0,0.0,0.0,,0.0,0.0,0.0,0.0,0.0,0.0,0.0,0.0,,0.0,0.0,0.0,0.0,0.0,0.0,0.0,0.0,0.0,0.0,0.0,0.0,0.0,0.0,0.0,Jammu And Kashmir,Shopian
jammu and kashmir,shopian,2022,0.0,0.0,0.0,0.0,0.0,0.0,0.0,0.0,,0.0,0.0,,0.0,0.0,0.0,0.0,0.0,0.0,0.0,0.0,0.0,0.0,0.0,,0.0,,0.0,,0.0,0.0,0.0,Jammu And Kashmir,Shopian
jammu and kashmir,srinaagar,2022,0.0,0.0,0.0,0.0,0.0,,0.0,0.0,0.0,0.0,0.0,,0.0,0.0,0.0,0.0,0.0,0.0,0.0,0.0,0.0,0.0,0.0,0.0,0.0,0.0,0.0,,0.0,0.0,,Jammu And Kashmir,Srinaagar
jammu and kashmir,srinagar,2017,0.0,0.0,0.0,2.0,0.0,2.0,0.0,0.0,0.0,0.0,0.0,0.0,0.0,0.0,0.0,0.0,0.0,0.0,0.0,0.0,0.0,0.0,0.0,0.0,0.0,0.0,0.0,0.0,0.0,0.0,0.0,Jammu And Kashmir,Srinagar
jammu and kashmir,srinagar,2018,0.0,0.0,6.0,0.0,0.0,2.0,0.0,0.0,0.0,0.0,0.0,0.0,0.0,0.0,0.0,0.0,0.0,0.0,0.0,0.0,0.0,0.0,0.0,0.0,0.0,0.0,,0.0,0.0,0.0,0.0,Jammu And Kashmir,Srinagar
jammu and kashmir,srinagar,2019,0.0,0.0,0.0,0.0,1.0,9.0,0.0,0.0,0.0,0.0,0.0,0.0,0.0,0.0,0.0,0.0,0.0,0.0,0.0,0.0,0.0,0.0,0.0,0.0,1.0,0.0,0.0,0.0,0.0,0.0,2.0,Jammu And Kashmir,Srinagar
jammu and kashmir,srinagar,2020,0.0,0.0,0.0,0.0,0.0,3.0,0.0,0.0,0.0,0.0,,0.0,0.0,0.0,0.0,0.0,0.0,0.0,0.0,0.0,0.0,0.0,0.0,0.0,0.0,0.0,0.0,0.0,1.0,1.0,0.0,Jammu And Kashmir,Srinagar
jammu and kashmir,srinagar,2021,,0.0,0.0,0.0,0.0,1.0,0.0,0.0,1.0,0.0,0.0,,0.0,1.0,0.0,0.0,0.0,,0.0,,0.0,0.0,0.0,0.0,,0.0,0.0,0.0,,,0.0,Jammu And Kashmir,Srinagar
jammu and kashmir,srinagar,2022,0.0,0.0,0.0,0.0,0.0,6.0,0.0,0.0,0.0,0.0,0.0,0.0,0.0,0.0,0.0,0.0,0.0,0.0,0.0,0.0,0.0,0.0,0.0,0.0,0.0,0.0,0.0,0.0,0.0,1.0,1.0,Jammu And Kashmir,Srinagar
jammu and kashmir,udhaampur,2018,0.0,0.0,0.0,0.0,1.0,0.0,1.0,0.0,0.0,0.0,0.0,0.0,0.0,3.0,0.0,0.0,0.0,0.0,0.0,0.0,,0.0,0.0,0.0,0.0,,0.0,0.0,0.0,,,Jammu And Kashmir,Udhaampur
jammu and kashmir,udhampur,2017,0.0,0.0,0.0,,6.0,0.0,0.0,0.0,0.0,0.0,0.0,,0.0,2.0,0.0,0.0,0.0,0.0,0.0,0.0,0.0,0.0,0.0,0.0,0.0,0.0,,0.0,0.0,0.0,0.0,Jammu And Kashmir,Udhampur
jammu and kashmir,udhampur,2021,,0.0,0.0,0.0,0.0,0.0,0.0,0.0,0.0,0.0,0.0,0.0,,0.0,0.0,0.0,0.0,0.0,0.0,0.0,0.0,0.0,0.0,0.0,,,0.0,0.0,0.0,,0.0,Jammu And Kashmir,Udhampur
jammu and kashmir,udhampur,2022,0.0,0.0,,0.0,,0.0,0.0,0.0,0.0,,0.0,0.0,,1.0,0.0,0.0,0.0,0.0,0.0,0.0,0.0,0.0,0.0,0.0,0.0,0.0,0.0,0.0,0.0,0.0,0.0,Jammu And Kashmir,Udhampur
jharkhand,bokaro,2017,0.0,0.0,0.0,0.0,0.0,0.0,0.0,,0.0,0.0,0.0,0.0,0.0,22.0,0.0,0.0,0.0,0.0,0.0,0.0,0.0,0.0,,0.0,0.0,0.0,0.0,0.0,0.0,0.0,0.0,Jharkhand,Bokaro
jharkhand,bokaro,2018,0.0,0.0,0.0,,0.0,33.0,0.0,,0.0,0.0,0.0,0.0,,0.0,0.0,0.0,0.0,0.0,0.0,0.0,0.0,0.0,0.0,0.0,0.0,0.0,0.0,0.0,0.0,0.0,0.0,Jharkhand,Bokaro
jharkhand,bokaro,2019,0.0,0.0,0.0,,0.0,0.0,,0.0,0.0,0.0,0.0,0.0,0.0,0.0,,0.0,0.0,0.0,0.0,0.0,0.0,0.0,0.0,0.0,0.0,0.0,0.0,0.0,0.0,0.0,0.0,Jharkhand,Bokaro
jharkhand,bokaro,2020,,0.0,0.0,15.0,5.0,20.0,0.0,,0.0,0.0,0.0,0.0,0.0,0.0,0.0,,0.0,0.0,0.0,0.0,0.0,0.0,0.0,0.0,0.0,,0.0,0.0,0.0,0.0,0.0,Jharkhand,Bokaro
jharkhand,bokaro,2022,0.0,0.0,0.0,3.0,,10.0,0.0,0.0,0.0,,0.0,0.0,,0.0,0.0,0.0,0.0,0.0,0.0,0.0,,0.0,0.0,,0.0,0.0,0.0,0.0,0.0,0.0,0.0,Jharkhand,Bokaro
jharkhand,chaatra,2020,0.0,0.0,0.0,0.0,0.0,,,0.0,0.0,0.0,0.0,0.0,0.0,0.0,0.0,0.0,0.0,,0.0,0.0,0.0,,0.0,0.0,0.0,0.0,0.0,0.0,0.0,,0.0,Jharkhand,Chaatra
jharkhand,chatra,2017,0.0,0.0,0.0,0.0,,10.0,0.0,0.0,0.0,0.0,0.0,0.0,0.0,0.0,0.0,,0.0,,0.0,0.0,0.0,0.0,0.0,0.0,0.0,,0.0,0.0,,0.0,0.0,Jharkhand,Chatra
jharkhand,chatra,2018,0.0,0.0,0.0,,0.0,15.0,,0.0,0.0,0.0,0.0,0.0,0.0,0.0,0.0,0.0,0.0,0.0,,0.0,0.0,0.0,0.0,0.0,0.0,0.0,0.0,0.0,0.0,0.0,,Jharkhand,Chatra
jharkhand,chatra,2019,0.0,0.0,0.0,0.0,0.0,31.0,,0.0,,0.0,0.0,0.0,0.0,0.0,0.0,0.0,0.0,0.0,0.0,0.0,0.0,0.0,0.0,0.0,0.0,0.0,,0.0,0.0,0.0,0.0,Jharkhand,Chatra
jharkhand,chatra,2021,0.0,0.0,0.0,0.0,0.0,17.0,0.0,0.0,,0.0,0.0,0.0,,0.0,,0.0,0.0,0.0,0.0,0.0,0.0,0.0,0.0,0.0,0.0,0.0,0.0,0.0,0.0,0.0,0.0,Jharkhand,Chatra
jharkhand,chatra,2022,0.0,0.0,0.0,0.0,0.0,,,0.0,0.0,0.0,0.0,,0.0,0.0,0.0,0.0,0.0,0.0,0.0,0.0,0.0,,0.0,0.0,0.0,0.0,0.0,,0.0,0.0,0.0,Jharkhand,Chatra
jharkhand,deoghar,2017,,,57.0,0.0,0.0,,0.0,0.0,0.0,0.0,0.0,0.0,0.0,0.0,0.0,0.0,0.0,0.0,0.0,0.0,0.0,0.0,0.0,0.0,0.0,0.0,0.0,0.0,0.0,0.0,0.0,Jharkhand,Deoghar
jharkhand,deoghar,2018,0.0,0.0,84.0,0.0,0.0,,0.0,0.0,0.0,0.0,0.0,0.0,11.0,0.0,0.0,0.0,0.0,0.0,0.0,0.0,0.0,0.0,0.0,0.0,0.0,0.0,0.0,0.0,0.0,0.0,0.0,Jharkhand,Deoghar
jharkhand,deoghar,2019,0.0,,74.0,0.0,0.0,0.0,0.0,0.0,0.0,0.0,0.0,0.0,0.0,0.0,0.0,0.0,0.0,0.0,0.0,0.0,0.0,0.0,0.0,0.0,0.0,0.0,0.0,0.0,0.0,0.0,0.0,Jharkhand,Deoghar
jharkhand,deoghar,2020,0.0,0.0,95.0,0.0,0.0,0.0,0.0,,0.0,0.0,0.0,0.0,0.0,0.0,0.0,0.0,0.0,0.0,,0.0,0.0,0.0,,0.0,0.0,0.0,0.0,0.0,0.0,0.0,0.0,Jharkhand,Deoghar
jharkhand,deoghar,2021,0.0,0.0,113.0,0.0,0.0,0.0,0.0,0.0,0.0,,0.0,2.0,0.0,0.0,0.0,0.0,0.0,0.0,0.0,0.0,,0.0,0.0,0.0,0.0,0.0,0.0,0.0,0.0,0.0,0.0,Jharkhand,Deoghar
jharkhand,deoghar,2022,0.0,0.0,97.0,0.0,,0.0,0.0,0.0,0.0,0.0,,0.0,0.0,0.0,0.0,0.0,0.0,0.0,0.0,0.0,0.0,0.0,0.0,0.0,0.0,0.0,0.0,0.0,0.0,0.0,0.0,Jharkhand,Deoghar
jharkhand,dhanbad,2017,0.0,0.0,0.0,5.0,9.0,0.0,0.0,0.0,0.0,0.0,0.0,0.0,0.0,1.0,0.0,,0.0,0.0,0.0,0.0,0.0,0.0,0.0,0.0,0.0,0.0,0.0,0.0,0.0,0.0,0.0,Jharkhand,Dhanbad
jharkhand,dhanbad,2018,0.0,0.0,0.0,0.0,0.0,7.0,0.0,0.0,0.0,0.0,0.0,0.0,0.0,0.0,0.0,0.0,0.0,0.0,0.0,0.0,0.0,0.0,0.0,0.0,0.0,0.0,0.0,0.0,0.0,0.0,0.0,Jharkhand,Dhanbad
jharkhand,dhanbad,2019,0.0,0.0,0.0,0.0,61.0,59.0,15.0,0.0,0.0,0.0,0.0,0.0,0.0,0.0,0.0,0.0,0.0,0.0,0.0,0.0,0.0,0.0,0.0,0.0,0.0,0.0,0.0,0.0,0.0,0.0,0.0,Jharkhand,Dhanbad
jharkhand,dhanbad,2020,0.0,0.0,0.0,0.0,28.0,31.0,17.0,0.0,0.0,0.0,0.0,0.0,0.0,0.0,0.0,0.0,,0.0,0.0,0.0,0.0,0.0,0.0,0.0,0.0,0.0,0.0,0.0,0.0,0.0,0.0,Jharkhand,Dhanbad
jharkhand,dhanbad,2021,0.0,0.0,0.0,0.0,49.0,4.0,17.0,0.0,0.0,0.0,0.0,0.0,0.0,0.0,0.0,0.0,0.0,0.0,0.0,0.0,0.0,1.0,0.0,0.0,0.0,0.0,0.0,0.0,0.0,0.0,1.0,Jharkhand,Dhanbad
jharkhand,dhanbad,2022,0.0,0.0,0.0,0.0,32.0,0.0,15.0,0.0,0.0,0.0,0.0,0.0,0.0,0.0,0.0,0.0,0.0,0.0,0.0,0.0,0.0,0.0,0.0,0.0,0.0,0.0,0.0,0.0,0.0,0.0,0.0,Jharkhand,Dhanbad
jharkhand,dumka,2018,0.0,,19.0,0.0,0.0,0.0,0.0,0.0,,0.0,0.0,0.0,0.0,0.0,0.0,0.0,0.0,,0.0,0.0,0.0,0.0,0.0,0.0,,0.0,0.0,0.0,0.0,0.0,0.0,Jharkhand,Dumka
jharkhand,dumka,2019,,0.0,14.0,0.0,0.0,0.0,0.0,0.0,0.0,0.0,,0.0,0.0,0.0,0.0,0.0,0.0,0.0,0.0,0.0,0.0,0.0,0.0,0.0,0.0,0.0,0.0,0.0,0.0,0.0,0.0,Jharkhand,Dumka
jharkhand,dumka,2020,0.0,0.0,35.0,,0.0,0.0,0.0,0.0,,0.0,0.0,0.0,,,0.0,0.0,0.0,0.0,0.0,0.0,0.0,0.0,,,0.0,0.0,,0.0,0.0,0.0,0.0,Jharkhand,Dumka
jharkhand,dumka,2021,0.0,,0.0,0.0,25.0,0.0,0.0,0.0,0.0,0.0,0.0,0.0,,0.0,0.0,0.0,,0.0,0.0,0.0,0.0,0.0,0.0,0.0,,0.0,0.0,1.0,0.0,0.0,5.0,Jharkhand,Dumka
jharkhand,dumka,2022,0.0,0.0,0.0,1.0,17.0,1.0,0.0,0.0,,0.0,,0.0,0.0,0.0,0.0,0.0,0.0,0.0,0.0,0.0,,0.0,0.0,0.0,0.0,0.0,0.0,0.0,0.0,0.0,0.0,Jharkhand,Dumka
jharkhand,dumkaa,2017,0.0,,22.0,0.0,0.0,0.0,0.0,,0.0,0.0,0.0,,0.0,0.0,0.0,0.0,0.0,0.0,0.0,0.0,0.0,0.0,0.0,0.0,0.0,0.0,0.0,0.0,0.0,0.0,,Jharkhand,Dumkaa
jharkhand,east singhbum,2017,0.0,0.0,0.0,26.0,26.0,0.0,0.0,0.0,,0.0,0.0,0.0,0.0,0.0,0.0,0.0,0.0,0.0,0.0,0.0,0.0,0.0,0.0,0.0,0.0,0.0,0.0,0.0,0.0,0.0,0.0,Jharkhand,East Singhbum
jharkhand,east singhbum,2018,0.0,0.0,0.0,30.0,53.0,0.0,0.0,0.0,0.0,0.0,0.0,0.0,0.0,0.0,0.0,0.0,0.0,0.0,0.0,0.0,0.0,0.0,0.0,0.0,0.0,0.0,0.0,0.0,0.0,0.0,0.0,Jharkhand,East Singhbum
jharkhand,east singhbum,2019,0.0,0.0,0.0,28.0,51.0,0.0,0.0,0.0,0.0,0.0,0.0,0.0,0.0,0.0,0.0,0.0,0.0,0.0,0.0,0.0,0.0,0.0,0.0,0.0,0.0,0.0,0.0,0.0,0.0,0.0,0.0,Jharkhand,East Singhbum
jharkhand,east singhbum,2020,0.0,0.0,0.0,25.0,39.0,0.0,0.0,0.0,0.0,0.0,0.0,0.0,0.0,0.0,0.0,0.0,0.0,0.0,0.0,0.0,0.0,0.0,0.0,0.0,0.0,0.0,0.0,0.0,0.0,0.0,0.0,Jharkhand,East Singhbum
jharkhand,east singhbum,2021,0.0,0.0,0.0,29.0,47.0,0.0,0.0,0.0,0.0,0.0,0.0,0.0,0.0,0.0,0.0,0.0,0.0,0.0,0.0,0.0,0.0,0.0,0.0,0.0,0.0,0.0,0.0,0.0,0.0,0.0,0.0,Jharkhand,East Singhbum
jharkhand,east singhbum,2022,0.0,0.0,0.0,42.0,1.0,0.0,0.0,0.0,0.0,0.0,0.0,0.0,0.0,0.0,0.0,0.0,0.0,0.0,0.0,0.0,0.0,0.0,0.0,0.0,0.0,0.0,0.0,0.0,0.0,0.0,0.0,Jharkhand,East Singhbum
jharkhand,garhwa,2017,0.0,0.0,0.0,0.0,0.0,0.0,0.0,0.0,0.0,0.0,0.0,0.0,0.0,0.0,0.0,0.0,,0.0,0.0,0.0,0.0,0.0,0.0,0.0,0.0,,0.0,0.0,,,0.0,Jharkhand,Garhwa
jharkhand,garhwa,2018,0.0,0.0,28.0,0.0,0.0,0.0,0.0,0.0,0.0,0.0,0.0,0.0,0.0,0.0,0.0,0.0,0.0,0.0,0.0,0.0,0.0,0.0,0.0,0.0,0.0,0.0,0.0,,0.0,0.0,0.0,Jharkhand,Garhwa
jharkhand,garhwa,2020,0.0,0.0,23.0,0.0,0.0,0.0,0.0,0.0,,0.0,0.0,0.0,0.0,0.0,0.0,0.0,0.0,0.0,0.0,0.0,0.0,0.0,0.0,0.0,0.0,0.0,,0.0,0.0,0.0,0.0,Jharkhand,Garhwa
jharkhand,garhwa,2021,0.0,0.0,10.0,0.0,5.0,2.0,0.0,0.0,0.0,,0.0,0.0,0.0,0.0,0.0,0.0,0.0,,,0.0,0.0,0.0,0.0,0.0,0.0,0.0,0.0,0.0,0.0,0.0,0.0,Jharkhand,Garhwa
jharkhand,garhwa,2022,0.0,0.0,6.0,0.0,6.0,6.0,0.0,0.0,0.0,0.0,0.0,0.0,0.0,,0.0,0.0,0.0,0.0,,,0.0,0.0,0.0,0.0,0.0,0.0,0.0,0.0,0.0,0.0,0.0,Jharkhand,Garhwa
jharkhand,giridih,2017,,0.0,,0.0,73.0,0.0,0.0,0.0,0.0,0.0,0.0,0.0,0.0,0.0,0.0,0.0,0.0,0.0,0.0,0.0,,0.0,0.0,0.0,0.0,0.0,0.0,0.0,3.0,,3.0,Jharkhand,Giridih
jharkhand,giridih,2018,0.0,0.0,,0.0,54.0,10.0,0.0,0.0,0.0,0.0,,0.0,0.0,3.0,0.0,0.0,0.0,0.0,0.0,0.0,0.0,0.0,0.0,0.0,0.0,0.0,0.0,0.0,,0.0,1.0,Jharkhand,Giridih
jharkhand,giridih,2019,0.0,0.0,0.0,0.0,35.0,6.0,0.0,0.0,0.0,0.0,0.0,0.0,0.0,0.0,0.0,0.0,0.0,0.0,0.0,0.0,0.0,0.0,0.0,0.0,0.0,0.0,0.0,0.0,0.0,0.0,0.0,Jharkhand,Giridih
jharkhand,giridih,2020,0.0,0.0,0.0,,42.0,15.0,0.0,,0.0,0.0,0.0,0.0,0.0,4.0,0.0,0.0,0.0,0.0,0.0,0.0,0.0,0.0,0.0,0.0,0.0,0.0,0.0,0.0,0.0,0.0,0.0,Jharkhand,Giridih
jharkhand,giridih,2021,0.0,0.0,0.0,0.0,18.0,12.0,0.0,0.0,0.0,0.0,0.0,0.0,0.0,3.0,0.0,0.0,0.0,0.0,,0.0,0.0,0.0,0.0,0.0,0.0,0.0,0.0,0.0,0.0,0.0,0.0,Jharkhand,Giridih
jharkhand,giridih,2022,0.0,0.0,,0.0,6.0,35.0,,0.0,0.0,0.0,0.0,0.0,,0.0,0.0,0.0,,0.0,0.0,0.0,0.0,,0.0,0.0,0.0,0.0,0.0,0.0,0.0,0.0,0.0,Jharkhand,Giridih
jharkhand,godda,2017,0.0,0.0,0.0,0.0,0.0,0.0,0.0,0.0,0.0,0.0,0.0,0.0,0.0,0.0,0.0,0.0,0.0,0.0,0.0,0.0,0.0,0.0,0.0,0.0,0.0,0.0,0.0,,0.0,0.0,0.0,Jharkhand,Godda
jharkhand,godda,2018,0.0,0.0,0.0,0.0,0.0,0.0,0.0,0.0,0.0,0.0,0.0,,0.0,0.0,0.0,0.0,0.0,0.0,0.0,0.0,0.0,0.0,0.0,0.0,0.0,0.0,0.0,0.0,0.0,0.0,0.0,Jharkhand,Godda
jharkhand,godda,2019,0.0,0.0,0.0,0.0,0.0,0.0,0.0,0.0,0.0,,0.0,0.0,0.0,,0.0,,0.0,0.0,0.0,0.0,0.0,0.0,0.0,0.0,0.0,0.0,0.0,0.0,0.0,0.0,0.0,Jharkhand,Godda
jharkhand,godda,2020,0.0,0.0,16.0,0.0,0.0,0.0,0.0,0.0,0.0,0.0,0.0,,,0.0,0.0,0.0,0.0,0.0,0.0,0.0,0.0,0.0,,0.0,0.0,,0.0,0.0,0.0,0.0,0.0,Jharkhand,Godda
jharkhand,godda,2021,0.0,0.0,0.0,0.0,2.0,6.0,6.0,0.0,0.0,,,0.0,0.0,,,0.0,0.0,0.0,0.0,0.0,0.0,0.0,0.0,0.0,0.0,0.0,0.0,0.0,,0.0,0.0,Jharkhand,Godda
jharkhand,godda,2022,0.0,0.0,0.0,0.0,13.0,9.0,2.0,0.0,0.0,0.0,0.0,0.0,0.0,0.0,1.0,0.0,0.0,0.0,0.0,0.0,,0.0,0.0,0.0,0.0,0.0,0.0,0.0,0.0,,1.0,Jharkhand,Godda
jharkhand,gumla,2017,0.0,0.0,0.0,0.0,8.0,1.0,0.0,0.0,0.0,0.0,0.0,0.0,0.0,1.0,0.0,0.0,0.0,0.0,0.0,0.0,0.0,0.0,0.0,0.0,0.0,0.0,0.0,0.0,0.0,0.0,0.0,Jharkhand,Gumla
jharkhand,gumla,2018,0.0,0.0,,,,8.0,0.0,0.0,0.0,0.0,0.0,0.0,0.0,0.0,0.0,0.0,0.0,0.0,,0.0,0.0,0.0,0.0,0.0,,0.0,0.0,0.0,0.0,0.0,0.0,Jharkhand,Gumla
jharkhand,gumla,2019,0.0,0.0,0.0,0.0,,0.0,0.0,0.0,,0.0,0.0,0.0,0.0,,,0.0,,10.0,0.0,5.0,0.0,29.0,0.0,0.0,0.0,0.0,0.0,,0.0,0.0,44.0,Jharkhand,Gumla
jharkhand,gumla,2020,0.0,0.0,0.0,0.0,0.0,0.0,0.0,0.0,0.0,0.0,0.0,0.0,0.0,,0.0,,0.0,10.0,0.0,0.0,,16.0,0.0,,0.0,0.0,0.0,0.0,0.0,0.0,28.0,Jharkhand,Gumla
jharkhand,gumla,2021,1.0,,0.0,0.0,,0.0,0.0,0.0,0.0,0.0,0.0,,0.0,0.0,0.0,0.0,0.0,6.0,0.0,2.0,,9.0,0.0,0.0,0.0,,0.0,0.0,0.0,0.0,19.0,Jharkhand,Gumla
jharkhand,gumla,2022,0.0,0.0,0.0,0.0,0.0,1.0,0.0,,0.0,0.0,0.0,0.0,0.0,0.0,0.0,0.0,2.0,2.0,0.0,2.0,0.0,8.0,0.0,0.0,0.0,0.0,0.0,0.0,0.0,0.0,14.0,Jharkhand,Gumla
jharkhand,haazaribagh,2018,0.0,0.0,2.0,4.0,51.0,8.0,0.0,0.0,0.0,0.0,0.0,0.0,0.0,,0.0,0.0,0.0,0.0,0.0,0.0,0.0,0.0,0.0,0.0,0.0,0.0,0.0,,0.0,0.0,0.0,Jharkhand,Haazaribagh
jharkhand,hazaribagh,2017,0.0,0.0,0.0,,67.0,3.0,0.0,0.0,,0.0,0.0,0.0,0.0,0.0,0.0,,0.0,0.0,,0.0,0.0,0.0,0.0,0.0,0.0,0.0,0.0,0.0,0.0,0.0,0.0,Jharkhand,Hazaribagh
jharkhand,hazaribagh,2020,0.0,,24.0,0.0,49.0,,0.0,0.0,0.0,0.0,0.0,0.0,0.0,0.0,0.0,0.0,0.0,0.0,0.0,,0.0,0.0,0.0,0.0,0.0,,0.0,2.0,0.0,0.0,2.0,Jharkhand,Hazaribagh
jharkhand,hazaribagh,2021,0.0,0.0,12.0,,5.0,0.0,0.0,0.0,0.0,0.0,0.0,,0.0,0.0,16.0,0.0,0.0,17.0,18.0,,0.0,0.0,0.0,0.0,0.0,0.0,0.0,2.0,0.0,,78.0,Jharkhand,Hazaribagh
jharkhand,hazaribagh,2022,,0.0,1.0,1.0,2.0,1.0,0.0,0.0,0.0,0.0,0.0,0.0,0.0,0.0,1.0,0.0,0.0,,13.0,,0.0,9.0,3.0,0.0,0.0,,0.0,11.0,0.0,0.0,41.0,Jharkhand,Hazaribagh
jharkhand,jamtara,2017,0.0,0.0,0.0,0.0,81.0,0.0,,0.0,0.0,0.0,0.0,0.0,0.0,,0.0,,0.0,0.0,0.0,0.0,0.0,0.0,0.0,0.0,0.0,0.0,0.0,,0.0,,0.0,Jharkhand,Jamtara
jharkhand,jamtara,2018,0.0,0.0,0.0,0.0,0.0,0.0,,0.0,0.0,0.0,0.0,0.0,0.0,,0.0,0.0,0.0,83.0,0.0,0.0,0.0,0.0,,0.0,0.0,,0.0,0.0,0.0,0.0,83.0,Jharkhand,Jamtara
jharkhand,jamtara,2019,0.0,0.0,0.0,61.0,0.0,,0.0,0.0,0.0,0.0,0.0,0.0,0.0,0.0,0.0,0.0,0.0,0.0,0.0,0.0,0.0,0.0,0.0,0.0,0.0,0.0,0.0,0.0,0.0,4.0,4.0,Jharkhand,Jamtara
jharkhand,jamtara,2020,0.0,0.0,0.0,0.0,,0.0,,0.0,0.0,0.0,0.0,0.0,0.0,0.0,,0.0,0.0,0.0,0.0,,0.0,,0.0,,0.0,0.0,0.0,0.0,0.0,0.0,,Jharkhand,Jamtara
jharkhand,jamtara,2021,0.0,0.0,0.0,10.0,66.0,0.0,0.0,0.0,0.0,0.0,0.0,0.0,0.0,0.0,0.0,0.0,0.0,0.0,0.0,0.0,0.0,0.0,0.0,0.0,0.0,0.0,0.0,0.0,0.0,0.0,0.0,Jharkhand,Jamtara
jharkhand,jamtara,2022,0.0,0.0,0.0,0.0,9.0,0.0,0.0,0.0,0.0,0.0,0.0,,0.0,0.0,0.0,0.0,0.0,0.0,75.0,0.0,0.0,,,0.0,0.0,0.0,0.0,0.0,,0.0,75.0,Jharkhand,Jamtara
jharkhand,khunti,2017,0.0,,0.0,2.0,0.0,0.0,0.0,0.0,0.0,0.0,0.0,0.0,0.0,0.0,0.0,0.0,0.0,0.0,0.0,0.0,0.0,0.0,0.0,0.0,0.0,0.0,0.0,0.0,0.0,0.0,0.0,Jharkhand,Khunti
jharkhand,khunti,2018,0.0,0.0,0.0,2.0,2.0,4.0,0.0,0.0,0.0,0.0,0.0,0.0,,0.0,0.0,0.0,0.0,0.0,0.0,0.0,0.0,0.0,0.0,0.0,0.0,0.0,0.0,0.0,0.0,0.0,0.0,Jharkhand,Khunti
jharkhand,khunti,2019,0.0,0.0,0.0,,3.0,5.0,0.0,0.0,0.0,0.0,0.0,0.0,0.0,,0.0,,0.0,3.0,0.0,0.0,0.0,0.0,0.0,0.0,0.0,0.0,0.0,0.0,0.0,0.0,,Jharkhand,Khunti
jharkhand,khunti,2020,0.0,0.0,0.0,4.0,8.0,0.0,0.0,0.0,,0.0,0.0,0.0,0.0,0.0,0.0,0.0,0.0,0.0,0.0,0.0,0.0,0.0,,0.0,0.0,0.0,0.0,,0.0,0.0,0.0,Jharkhand,Khunti
jharkhand,khunti,2021,0.0,0.0,0.0,8.0,,0.0,0.0,0.0,0.0,0.0,0.0,0.0,0.0,,0.0,,0.0,0.0,,0.0,0.0,0.0,0.0,0.0,0.0,,0.0,0.0,0.0,0.0,0.0,Jharkhand,Khunti
jharkhand,khunti,2022,0.0,0.0,0.0,,10.0,0.0,0.0,0.0,0.0,0.0,0.0,0.0,0.0,0.0,0.0,,0.0,0.0,0.0,0.0,0.0,0.0,0.0,,0.0,0.0,0.0,0.0,,0.0,0.0,Jharkhand,Khunti
jharkhand,koderma,2017,0.0,0.0,0.0,0.0,0.0,0.0,0.0,0.0,0.0,0.0,0.0,0.0,0.0,0.0,0.0,0.0,0.0,22.0,0.0,0.0,0.0,0.0,0.0,0.0,0.0,0.0,0.0,0.0,0.0,0.0,22.0,Jharkhand,Koderma
jharkhand,koderma,2018,0.0,0.0,0.0,0.0,1.0,6.0,,,,,0.0,0.0,0.0,0.0,0.0,0.0,0.0,0.0,0.0,0.0,0.0,8.0,0.0,0.0,0.0,0.0,,1.0,1.0,1.0,11.0,Jharkhand,Koderma
jharkhand,koderma,2019,0.0,,0.0,0.0,3.0,,0.0,0.0,,0.0,0.0,0.0,0.0,0.0,,0.0,0.0,0.0,0.0,0.0,0.0,0.0,0.0,0.0,0.0,0.0,0.0,,0.0,0.0,0.0,Jharkhand,Koderma
jharkhand,koderma,2020,0.0,0.0,0.0,0.0,7.0,5.0,0.0,,0.0,0.0,0.0,0.0,0.0,0.0,0.0,0.0,0.0,0.0,0.0,0.0,,0.0,0.0,,0.0,0.0,0.0,0.0,0.0,0.0,,Jharkhand,Koderma
jharkhand,koderma,2021,0.0,,0.0,0.0,2.0,4.0,0.0,0.0,0.0,0.0,0.0,,0.0,0.0,0.0,0.0,0.0,2.0,0.0,7.0,0.0,3.0,0.0,0.0,,0.0,0.0,0.0,0.0,0.0,12.0,Jharkhand,Koderma
jharkhand,koderma,2022,0.0,,0.0,0.0,,19.0,0.0,0.0,0.0,,0.0,,0.0,0.0,0.0,,,,,0.0,0.0,0.0,0.0,0.0,0.0,0.0,0.0,0.0,0.0,0.0,0.0,Jharkhand,Koderma
jharkhand,laatehar,2022,0.0,0.0,0.0,1.0,1.0,28.0,0.0,0.0,0.0,0.0,0.0,0.0,0.0,0.0,,0.0,,0.0,0.0,0.0,0.0,0.0,0.0,0.0,0.0,0.0,0.0,,,,0.0,Jharkhand,Laatehar
jharkhand,latehar,2017,0.0,0.0,1.0,0.0,,9.0,0.0,0.0,0.0,0.0,0.0,,0.0,0.0,0.0,0.0,0.0,0.0,0.0,0.0,0.0,0.0,0.0,0.0,0.0,0.0,0.0,0.0,0.0,0.0,0.0,Jharkhand,Latehar
jharkhand,latehar,2018,0.0,0.0,0.0,0.0,0.0,5.0,0.0,,0.0,0.0,0.0,0.0,0.0,0.0,,0.0,0.0,,0.0,0.0,0.0,0.0,0.0,0.0,0.0,,0.0,0.0,0.0,0.0,0.0,Jharkhand,Latehar
jharkhand,latehar,2019,,0.0,0.0,,0.0,23.0,0.0,0.0,0.0,0.0,0.0,0.0,0.0,0.0,0.0,0.0,0.0,0.0,,0.0,0.0,0.0,0.0,0.0,0.0,0.0,0.0,0.0,0.0,0.0,0.0,Jharkhand,Latehar
jharkhand,latehar,2020,0.0,0.0,0.0,0.0,0.0,31.0,0.0,0.0,2.0,3.0,0.0,0.0,0.0,0.0,0.0,0.0,0.0,0.0,0.0,0.0,0.0,0.0,0.0,0.0,,0.0,0.0,0.0,0.0,0.0,0.0,Jharkhand,Latehar
jharkhand,latehar,2021,0.0,0.0,0.0,8.0,,24.0,1.0,0.0,1.0,0.0,0.0,0.0,0.0,0.0,1.0,0.0,0.0,0.0,0.0,0.0,0.0,0.0,0.0,0.0,0.0,,,0.0,0.0,,,Jharkhand,Latehar
jharkhand,lohardaga,2017,,,0.0,0.0,0.0,0.0,0.0,0.0,0.0,,0.0,0.0,,0.0,0.0,,0.0,0.0,0.0,0.0,0.0,0.0,0.0,0.0,0.0,0.0,0.0,0.0,0.0,0.0,0.0,Jharkhand,Lohardaga
jharkhand,lohardaga,2018,0.0,0.0,0.0,0.0,,0.0,0.0,,0.0,0.0,0.0,0.0,0.0,,0.0,0.0,0.0,0.0,0.0,0.0,0.0,0.0,0.0,0.0,0.0,0.0,,0.0,0.0,0.0,0.0,Jharkhand,Lohardaga
jharkhand,lohardaga,2019,0.0,0.0,0.0,0.0,0.0,,0.0,0.0,0.0,0.0,0.0,0.0,0.0,0.0,0.0,0.0,0.0,0.0,,0.0,0.0,0.0,0.0,0.0,,,0.0,0.0,0.0,0.0,0.0,Jharkhand,Lohardaga
jharkhand,lohardaga,2020,0.0,0.0,0.0,0.0,,0.0,0.0,0.0,0.0,0.0,0.0,0.0,0.0,0.0,0.0,0.0,,0.0,,0.0,0.0,0.0,0.0,0.0,0.0,0.0,0.0,0.0,0.0,0.0,0.0,Jharkhand,Lohardaga
jharkhand,lohardaga,2021,0.0,0.0,,0.0,0.0,0.0,0.0,0.0,0.0,0.0,0.0,0.0,0.0,0.0,,0.0,0.0,0.0,0.0,0.0,0.0,0.0,0.0,0.0,0.0,0.0,0.0,0.0,0.0,0.0,0.0,Jharkhand,Lohardaga
jharkhand,lohardaga,2022,0.0,0.0,0.0,0.0,5.0,5.0,0.0,0.0,0.0,0.0,,0.0,0.0,0.0,0.0,0.0,0.0,0.0,,,0.0,0.0,0.0,0.0,0.0,0.0,0.0,0.0,0.0,0.0,0.0,Jharkhand,Lohardaga
jharkhand,pakur,2017,0.0,10.0,0.0,0.0,0.0,0.0,0.0,0.0,,0.0,0.0,,0.0,0.0,0.0,0.0,0.0,0.0,0.0,0.0,0.0,0.0,0.0,,0.0,,0.0,,0.0,0.0,0.0,Jharkhand,Pakur
jharkhand,pakur,2019,0.0,15.0,0.0,0.0,0.0,0.0,0.0,0.0,0.0,0.0,0.0,0.0,0.0,,0.0,0.0,0.0,0.0,,0.0,,0.0,0.0,,0.0,0.0,,0.0,,,0.0,Jharkhand,Pakur
jharkhand,pakur,2020,0.0,31.0,0.0,0.0,0.0,0.0,0.0,0.0,0.0,,0.0,,0.0,0.0,0.0,0.0,0.0,,0.0,0.0,0.0,0.0,0.0,0.0,0.0,,,0.0,0.0,0.0,0.0,Jharkhand,Pakur
jharkhand,pakur,2021,,12.0,,0.0,0.0,0.0,0.0,,0.0,0.0,,0.0,0.0,0.0,0.0,0.0,0.0,0.0,,,0.0,0.0,0.0,0.0,0.0,0.0,0.0,0.0,0.0,0.0,0.0,Jharkhand,Pakur
jharkhand,pakur,2022,0.0,,0.0,0.0,0.0,14.0,0.0,0.0,0.0,0.0,,0.0,0.0,0.0,0.0,0.0,0.0,0.0,0.0,0.0,,0.0,0.0,0.0,0.0,0.0,0.0,0.0,0.0,,0.0,Jharkhand,Pakur
jharkhand,palamu,2017,0.0,,0.0,0.0,0.0,0.0,0.0,,0.0,,0.0,0.0,0.0,0.0,0.0,0.0,0.0,0.0,0.0,0.0,0.0,0.0,0.0,0.0,0.0,0.0,0.0,0.0,0.0,0.0,0.0,Jharkhand,Palamu
jharkhand,palamu,2018,0.0,4.0,0.0,5.0,0.0,2.0,0.0,0.0,0.0,0.0,,0.0,0.0,0.0,0.0,0.0,0.0,0.0,0.0,0.0,0.0,0.0,0.0,0.0,0.0,,0.0,0.0,0.0,0.0,0.0,Jharkhand,Palamu
jharkhand,palamu,2019,0.0,0.0,,0.0,,43.0,1.0,0.0,0.0,0.0,0.0,0.0,0.0,1.0,0.0,0.0,0.0,0.0,0.0,,0.0,0.0,0.0,0.0,0.0,,0.0,0.0,0.0,0.0,0.0,Jharkhand,Palamu
jharkhand,palamu,2020,0.0,,0.0,0.0,1.0,32.0,0.0,0.0,0.0,,0.0,,,1.0,,0.0,0.0,,0.0,0.0,0.0,0.0,0.0,0.0,,0.0,0.0,0.0,0.0,0.0,0.0,Jharkhand,Palamu
jharkhand,palamu,2021,0.0,0.0,0.0,1.0,0.0,,6.0,0.0,0.0,0.0,0.0,0.0,0.0,0.0,0.0,0.0,,0.0,0.0,0.0,0.0,0.0,0.0,0.0,0.0,0.0,0.0,0.0,0.0,0.0,,Jharkhand,Palamu
jharkhand,palamu,2022,0.0,1.0,0.0,1.0,0.0,22.0,1.0,0.0,0.0,0.0,0.0,0.0,,0.0,0.0,0.0,0.0,0.0,0.0,0.0,0.0,0.0,0.0,0.0,0.0,0.0,0.0,0.0,0.0,0.0,0.0,Jharkhand,Palamu
jharkhand,raamgarh,2017,0.0,0.0,0.0,0.0,,0.0,,0.0,0.0,0.0,0.0,0.0,0.0,0.0,0.0,0.0,0.0,0.0,0.0,0.0,0.0,0.0,0.0,0.0,0.0,0.0,0.0,0.0,0.0,0.0,0.0,Jharkhand,Raamgarh
jharkhand,raanchi,2018,0.0,24.0,,22.0,5.0,13.0,0.0,0.0,0.0,0.0,0.0,0.0,0.0,0.0,0.0,0.0,8.0,32.0,52.0,0.0,,0.0,52.0,0.0,0.0,0.0,0.0,0.0,0.0,0.0,144.0,Jharkhand,Raanchi
jharkhand,ramgarh,2018,0.0,,27.0,0.0,,0.0,0.0,0.0,0.0,0.0,0.0,0.0,0.0,0.0,0.0,0.0,0.0,0.0,,0.0,0.0,0.0,0.0,0.0,0.0,0.0,0.0,0.0,0.0,0.0,0.0,Jharkhand,Ramgarh
jharkhand,ramgarh,2019,0.0,,56.0,0.0,0.0,0.0,0.0,0.0,0.0,0.0,0.0,0.0,0.0,0.0,0.0,,0.0,0.0,0.0,0.0,,0.0,,0.0,,0.0,0.0,0.0,0.0,,0.0,Jharkhand,Ramgarh
jharkhand,ramgarh,2020,0.0,0.0,69.0,0.0,0.0,0.0,0.0,0.0,0.0,,0.0,0.0,0.0,0.0,0.0,0.0,,0.0,0.0,0.0,0.0,,0.0,0.0,0.0,0.0,0.0,,0.0,0.0,0.0,Jharkhand,Ramgarh
jharkhand,ramgarh,2021,0.0,0.0,,0.0,29.0,0.0,3.0,3.0,8.0,0.0,0.0,0.0,0.0,0.0,1.0,0.0,,0.0,0.0,0.0,0.0,0.0,0.0,0.0,0.0,0.0,0.0,3.0,0.0,0.0,4.0,Jharkhand,Ramgarh
jharkhand,ramgarh,2022,0.0,0.0,0.0,0.0,0.0,0.0,0.0,0.0,0.0,0.0,0.0,0.0,0.0,0.0,0.0,0.0,0.0,0.0,0.0,0.0,0.0,13.0,7.0,0.0,0.0,0.0,0.0,0.0,0.0,0.0,23.0,Jharkhand,Ramgarh
jharkhand,ranchi,2017,6.0,2.0,3.0,11.0,4.0,8.0,,0.0,,0.0,0.0,0.0,0.0,0.0,0.0,6.0,14.0,17.0,19.0,0.0,0.0,8.0,21.0,0.0,6.0,0.0,0.0,,0.0,0.0,103.0,Jharkhand,Ranchi
jharkhand,ranchi,2019,0.0,61.0,14.0,69.0,32.0,59.0,0.0,,0.0,0.0,0.0,0.0,0.0,0.0,0.0,0.0,0.0,0.0,0.0,0.0,0.0,0.0,0.0,0.0,5.0,0.0,,11.0,0.0,0.0,,Jharkhand,Ranchi
jharkhand,ranchi,2020,0.0,3.0,7.0,,19.0,17.0,0.0,0.0,0.0,0.0,0.0,0.0,0.0,0.0,0.0,,,11.0,51.0,0.0,0.0,29.0,39.0,0.0,7.0,0.0,0.0,9.0,0.0,0.0,159.0,Jharkhand,Ranchi
jharkhand,ranchi,2021,0.0,0.0,0.0,86.0,71.0,3.0,,0.0,0.0,0.0,0.0,0.0,0.0,0.0,0.0,0.0,0.0,0.0,0.0,0.0,0.0,0.0,0.0,0.0,0.0,0.0,0.0,0.0,0.0,0.0,,Jharkhand,Ranchi
jharkhand,ranchi,2022,0.0,0.0,0.0,47.0,130.0,0.0,0.0,0.0,0.0,0.0,0.0,0.0,,0.0,0.0,0.0,0.0,0.0,0.0,0.0,0.0,0.0,0.0,0.0,0.0,0.0,0.0,0.0,0.0,0.0,,Jharkhand,Ranchi
jharkhand,sahebganj,2017,,7.0,0.0,0.0,,0.0,0.0,0.0,0.0,,0.0,0.0,0.0,0.0,0.0,0.0,,0.0,0.0,0.0,0.0,0.0,0.0,0.0,0.0,0.0,,0.0,0.0,0.0,0.0,Jharkhand,Sahebganj
jharkhand,sahebganj,2018,0.0,,0.0,0.0,0.0,0.0,0.0,,0.0,0.0,0.0,0.0,0.0,0.0,0.0,,0.0,0.0,0.0,0.0,0.0,0.0,0.0,,0.0,,0.0,0.0,0.0,0.0,0.0,Jharkhand,Sahebganj
jharkhand,sahebganj,2019,0.0,11.0,0.0,0.0,,0.0,0.0,0.0,0.0,0.0,0.0,0.0,0.0,,0.0,0.0,0.0,0.0,0.0,0.0,0.0,0.0,,0.0,0.0,0.0,0.0,0.0,0.0,0.0,0.0,Jharkhand,Sahebganj
jharkhand,sahebganj,2020,0.0,15.0,0.0,0.0,0.0,0.0,0.0,0.0,0.0,0.0,0.0,0.0,0.0,0.0,0.0,0.0,0.0,0.0,0.0,0.0,0.0,,,0.0,0.0,0.0,0.0,0.0,0.0,0.0,0.0,Jharkhand,Sahebganj
jharkhand,sahebganj,2021,0.0,17.0,0.0,0.0,0.0,0.0,0.0,0.0,0.0,0.0,0.0,0.0,0.0,,,0.0,0.0,0.0,0.0,0.0,0.0,0.0,0.0,0.0,,0.0,0.0,0.0,,0.0,0.0,Jharkhand,Sahebganj
jharkhand,sahebganj,2022,0.0,20.0,0.0,0.0,0.0,0.0,0.0,0.0,0.0,0.0,0.0,,0.0,0.0,0.0,0.0,0.0,0.0,0.0,0.0,0.0,,0.0,0.0,0.0,0.0,,0.0,,0.0,0.0,Jharkhand,Sahebganj
jharkhand,saraikela kharsawan,2017,,0.0,0.0,,16.0,1.0,0.0,0.0,0.0,0.0,0.0,0.0,,,2.0,0.0,0.0,0.0,0.0,0.0,0.0,,0.0,0.0,0.0,0.0,0.0,0.0,0.0,0.0,,Jharkhand,Saraikela Kharsawan
jharkhand,saraikela kharsawan,2018,0.0,0.0,0.0,1.0,26.0,3.0,7.0,0.0,0.0,0.0,0.0,0.0,0.0,2.0,0.0,0.0,0.0,0.0,0.0,0.0,0.0,0.0,0.0,0.0,0.0,0.0,0.0,,0.0,0.0,0.0,Jharkhand,Saraikela Kharsawan
jharkhand,saraikela kharsawan,2019,0.0,0.0,0.0,0.0,,0.0,0.0,0.0,0.0,0.0,,0.0,0.0,0.0,,0.0,,0.0,0.0,0.0,0.0,0.0,0.0,0.0,0.0,0.0,0.0,0.0,0.0,0.0,0.0,Jharkhand,Saraikela Kharsawan
jharkhand,saraikela kharsawan,2020,0.0,0.0,0.0,3.0,20.0,18.0,6.0,0.0,0.0,0.0,0.0,0.0,0.0,0.0,0.0,0.0,0.0,0.0,0.0,0.0,0.0,0.0,,0.0,0.0,0.0,,0.0,0.0,,0.0,Jharkhand,Saraikela Kharsawan
jharkhand,saraikela kharsawan,2021,0.0,0.0,0.0,,15.0,7.0,2.0,0.0,0.0,0.0,0.0,0.0,0.0,2.0,0.0,0.0,0.0,0.0,0.0,0.0,0.0,0.0,0.0,0.0,0.0,0.0,0.0,0.0,0.0,0.0,0.0,Jharkhand,Saraikela Kharsawan
jharkhand,saraikela kharsawan,2022,0.0,0.0,0.0,1.0,15.0,1.0,0.0,0.0,0.0,0.0,,0.0,0.0,0.0,0.0,,0.0,0.0,0.0,0.0,0.0,0.0,0.0,0.0,,0.0,0.0,0.0,0.0,0.0,0.0,Jharkhand,Saraikela Kharsawan
jharkhand,simdega,2017,0.0,0.0,,8.0,0.0,,,0.0,0.0,0.0,0.0,0.0,0.0,0.0,0.0,0.0,,0.0,0.0,0.0,0.0,0.0,,0.0,0.0,0.0,0.0,0.0,0.0,0.0,0.0,Jharkhand,Simdega
jharkhand,simdega,2018,0.0,0.0,0.0,6.0,,0.0,0.0,0.0,0.0,0.0,0.0,0.0,0.0,0.0,0.0,0.0,0.0,0.0,0.0,0.0,0.0,0.0,0.0,0.0,0.0,0.0,0.0,0.0,0.0,0.0,0.0,Jharkhand,Simdega
jharkhand,simdega,2019,0.0,0.0,0.0,8.0,0.0,0.0,0.0,0.0,0.0,0.0,0.0,,0.0,0.0,0.0,,,0.0,0.0,,0.0,0.0,0.0,0.0,0.0,,0.0,0.0,0.0,0.0,0.0,Jharkhand,Simdega
jharkhand,simdega,2020,0.0,,0.0,7.0,0.0,0.0,0.0,0.0,0.0,0.0,0.0,0.0,0.0,,0.0,0.0,0.0,0.0,0.0,0.0,0.0,0.0,0.0,0.0,0.0,0.0,0.0,0.0,0.0,0.0,0.0,Jharkhand,Simdega
jharkhand,simdega,2021,0.0,0.0,0.0,6.0,0.0,,0.0,0.0,0.0,0.0,0.0,,0.0,0.0,0.0,0.0,,0.0,0.0,0.0,0.0,0.0,0.0,0.0,,0.0,0.0,0.0,0.0,0.0,0.0,Jharkhand,Simdega
jharkhand,simdega,2022,0.0,0.0,,0.0,16.0,0.0,0.0,0.0,0.0,,,0.0,0.0,,0.0,0.0,0.0,0.0,0.0,0.0,0.0,0.0,0.0,0.0,,,0.0,0.0,0.0,0.0,0.0,Jharkhand,Simdega
jharkhand,west singhbhum,2017,0.0,0.0,0.0,0.0,12.0,,0.0,0.0,0.0,0.0,0.0,0.0,0.0,0.0,0.0,,0.0,0.0,0.0,0.0,,0.0,0.0,0.0,0.0,0.0,0.0,0.0,0.0,0.0,0.0,Jharkhand,West Singhbhum
jharkhand,west singhbhum,2018,,0.0,0.0,,0.0,20.0,0.0,0.0,0.0,0.0,0.0,0.0,0.0,0.0,0.0,0.0,,0.0,0.0,0.0,,0.0,,,0.0,0.0,0.0,0.0,0.0,0.0,0.0,Jharkhand,West Singhbhum
jharkhand,west singhbhum,2019,,0.0,0.0,0.0,18.0,0.0,,0.0,0.0,0.0,0.0,,,0.0,0.0,0.0,0.0,0.0,0.0,0.0,0.0,0.0,0.0,0.0,0.0,0.0,0.0,0.0,0.0,0.0,0.0,Jharkhand,West Singhbhum
jharkhand,west singhbhum,2020,0.0,0.0,0.0,0.0,14.0,5.0,0.0,,0.0,0.0,0.0,,0.0,0.0,0.0,0.0,0.0,0.0,0.0,0.0,0.0,0.0,0.0,0.0,0.0,0.0,0.0,0.0,0.0,0.0,,Jharkhand,West Singhbhum
jharkhand,west singhbhum,2021,0.0,0.0,0.0,0.0,,0.0,0.0,0.0,0.0,0.0,0.0,0.0,0.0,0.0,,,0.0,0.0,0.0,,0.0,0.0,0.0,0.0,0.0,,0.0,0.0,,0.0,0.0,Jharkhand,West Singhbhum
jharkhand,west singhbhum,2022,0.0,0.0,0.0,0.0,16.0,0.0,0.0,0.0,0.0,0.0,0.0,0.0,0.0,0.0,0.0,0.0,0.0,0.0,0.0,0.0,0.0,0.0,0.0,0.0,0.0,0.0,0.0,0.0,,0.0,0.0,Jharkhand,West Singhbhum
karnataka,bagalkote,2017,0.0,0.0,0.0,0.0,1.0,2.0,2.0,0.0,0.0,0.0,0.0,0.0,0.0,0.0,0.0,0.0,0.0,0.0,0.0,0.0,0.0,0.0,0.0,0.0,0.0,,0.0,0.0,0.0,,0.0,Karnataka,Bagalkote
karnataka,bagalkote,2018,0.0,0.0,0.0,0.0,,1.0,2.0,0.0,1.0,0.0,0.0,0.0,0.0,0.0,0.0,0.0,,0.0,0.0,0.0,0.0,0.0,0.0,0.0,0.0,0.0,0.0,,0.0,0.0,0.0,Karnataka,Bagalkote
karnataka,bagalkote,2019,0.0,0.0,0.0,0.0,,4.0,0.0,0.0,,0.0,0.0,,0.0,0.0,0.0,0.0,0.0,0.0,,0.0,,0.0,0.0,,0.0,0.0,0.0,0.0,0.0,0.0,0.0,Karnataka,Bagalkote
karnataka,bagalkote,2020,0.0,0.0,0.0,,2.0,0.0,0.0,0.0,0.0,,0.0,0.0,0.0,0.0,0.0,0.0,0.0,0.0,0.0,0.0,0.0,0.0,0.0,0.0,0.0,0.0,0.0,0.0,0.0,,,Karnataka,Bagalkote
karnataka,bagalkote,2021,0.0,0.0,0.0,0.0,1.0,13.0,,0.0,1.0,,,0.0,0.0,0.0,,0.0,0.0,0.0,0.0,0.0,,0.0,0.0,,0.0,0.0,0.0,0.0,0.0,0.0,0.0,Karnataka,Bagalkote
karnataka,bagalkote,2022,,1.0,0.0,0.0,,,0.0,0.0,0.0,0.0,0.0,0.0,0.0,,0.0,0.0,0.0,0.0,0.0,0.0,,0.0,0.0,0.0,0.0,0.0,0.0,0.0,,0.0,0.0,Karnataka,Bagalkote
karnataka,ballari,2017,0.0,0.0,3.0,0.0,6.0,1.0,0.0,0.0,0.0,0.0,0.0,0.0,0.0,,0.0,0.0,0.0,0.0,,,0.0,1.0,0.0,0.0,0.0,0.0,0.0,0.0,0.0,0.0,1.0,Karnataka,Ballari
karnataka,ballari,2018,0.0,0.0,1.0,1.0,0.0,5.0,1.0,0.0,0.0,0.0,0.0,0.0,0.0,0.0,0.0,,0.0,0.0,0.0,0.0,0.0,0.0,0.0,0.0,0.0,0.0,,0.0,0.0,0.0,0.0,Karnataka,Ballari
karnataka,ballari,2019,3.0,0.0,0.0,0.0,62.0,0.0,,0.0,1.0,0.0,0.0,0.0,0.0,0.0,0.0,0.0,,0.0,0.0,0.0,0.0,0.0,0.0,0.0,0.0,,0.0,0.0,0.0,0.0,0.0,Karnataka,Ballari
karnataka,ballari,2020,0.0,0.0,0.0,0.0,0.0,43.0,0.0,0.0,0.0,0.0,0.0,0.0,0.0,0.0,0.0,0.0,0.0,0.0,0.0,,0.0,,0.0,0.0,0.0,0.0,0.0,0.0,,0.0,0.0,Karnataka,Ballari
karnataka,ballari,2021,0.0,0.0,0.0,0.0,0.0,,0.0,0.0,0.0,0.0,,0.0,0.0,0.0,0.0,0.0,0.0,,0.0,0.0,0.0,0.0,0.0,0.0,0.0,0.0,0.0,0.0,0.0,0.0,0.0,Karnataka,Ballari
karnataka,ballari,2022,,0.0,0.0,0.0,8.0,31.0,0.0,0.0,0.0,0.0,0.0,0.0,,0.0,0.0,0.0,0.0,0.0,,0.0,,0.0,0.0,,0.0,,0.0,,0.0,0.0,0.0,Karnataka,Ballari
karnataka,belaagavi,2018,0.0,0.0,0.0,0.0,,14.0,0.0,0.0,0.0,0.0,0.0,0.0,0.0,0.0,0.0,0.0,0.0,,0.0,0.0,0.0,0.0,0.0,0.0,,0.0,,,0.0,0.0,0.0,Karnataka,Belaagavi
karnataka,belaagavi,2020,0.0,0.0,0.0,0.0,0.0,17.0,0.0,0.0,0.0,0.0,0.0,0.0,0.0,0.0,0.0,0.0,0.0,0.0,0.0,,0.0,,,0.0,0.0,0.0,0.0,0.0,0.0,0.0,,Karnataka,Belaagavi
karnataka,belagavi,2017,0.0,0.0,0.0,0.0,1.0,5.0,0.0,0.0,3.0,0.0,0.0,0.0,0.0,2.0,0.0,0.0,0.0,0.0,0.0,0.0,0.0,0.0,0.0,0.0,0.0,0.0,0.0,0.0,0.0,0.0,0.0,Karnataka,Belagavi
karnataka,belagavi,2018,0.0,0.0,2.0,0.0,2.0,19.0,0.0,0.0,2.0,0.0,0.0,0.0,0.0,5.0,0.0,0.0,0.0,0.0,0.0,0.0,0.0,0.0,,0.0,0.0,0.0,0.0,0.0,0.0,0.0,0.0,Karnataka,Belagavi
karnataka,belagavi,2019,0.0,0.0,0.0,0.0,1.0,27.0,0.0,0.0,,0.0,0.0,0.0,0.0,0.0,0.0,0.0,0.0,0.0,0.0,0.0,0.0,0.0,0.0,,0.0,0.0,0.0,0.0,0.0,0.0,0.0,Karnataka,Belagavi
karnataka,belagavi,2020,0.0,0.0,1.0,0.0,1.0,42.0,0.0,0.0,2.0,0.0,0.0,0.0,0.0,0.0,0.0,0.0,0.0,0.0,0.0,0.0,0.0,0.0,0.0,0.0,0.0,0.0,0.0,0.0,0.0,0.0,0.0,Karnataka,Belagavi
karnataka,belagavi,2021,0.0,0.0,0.0,0.0,2.0,87.0,1.0,0.0,1.0,0.0,0.0,0.0,0.0,0.0,0.0,0.0,0.0,0.0,0.0,0.0,0.0,0.0,0.0,0.0,0.0,0.0,0.0,0.0,0.0,0.0,0.0,Karnataka,Belagavi
karnataka,belagavi,2022,0.0,0.0,0.0,0.0,16.0,96.0,1.0,0.0,0.0,0.0,0.0,0.0,0.0,0.0,0.0,0.0,0.0,0.0,0.0,0.0,0.0,0.0,0.0,0.0,0.0,0.0,0.0,0.0,0.0,0.0,0.0,Karnataka,Belagavi
karnataka,bengaluru urban,2017,5.0,1.0,75.0,18.0,10.0,363.0,0.0,0.0,1.0,0.0,0.0,0.0,0.0,3.0,0.0,0.0,0.0,0.0,0.0,0.0,0.0,0.0,0.0,0.0,0.0,0.0,0.0,0.0,0.0,0.0,0.0,Karnataka,Bengaluru Urban
karnataka,bengaluru urban,2018,10.0,0.0,31.0,7.0,4952.0,91.0,31.0,0.0,0.0,0.0,0.0,0.0,0.0,1.0,0.0,0.0,0.0,0.0,0.0,0.0,0.0,0.0,0.0,0.0,0.0,0.0,0.0,2.0,0.0,0.0,3.0,Karnataka,Bengaluru Urban
karnataka,bengaluru urban,2019,10.0,13.0,112.0,22.0,2.0,171.0,22.0,0.0,0.0,0.0,0.0,0.0,0.0,5.0,0.0,0.0,0.0,0.0,0.0,0.0,0.0,0.0,0.0,0.0,0.0,0.0,0.0,0.0,0.0,0.0,0.0,Karnataka,Bengaluru Urban
karnataka,bengaluru urban,2020,2.0,23.0,0.0,1.0,0.0,5568.0,28.0,0.0,40.0,0.0,0.0,0.0,0.0,0.0,0.0,0.0,0.0,0.0,0.0,0.0,0.0,0.0,0.0,0.0,0.0,0.0,0.0,0.0,0.0,0.0,0.0,Karnataka,Bengaluru Urban
karnataka,bengaluru urban,2021,4.0,17.0,26.0,1.0,3.0,5031.0,23.0,1.0,21.0,0.0,0.0,1.0,0.0,0.0,0.0,0.0,0.0,0.0,0.0,0.0,0.0,0.0,0.0,0.0,0.0,0.0,0.0,0.0,0.0,0.0,0.0,Karnataka,Bengaluru Urban
karnataka,bengaluru urban,2022,4.0,183.0,77.0,2.0,2881.0,6519.0,0.0,1.0,7.0,0.0,0.0,0.0,0.0,7.0,0.0,0.0,0.0,0.0,0.0,0.0,0.0,0.0,0.0,0.0,0.0,0.0,0.0,0.0,0.0,0.0,0.0,Karnataka,Bengaluru Urban
karnataka,bidar,2017,0.0,0.0,0.0,,1.0,1.0,0.0,0.0,,0.0,0.0,0.0,0.0,,0.0,0.0,0.0,0.0,0.0,0.0,0.0,0.0,0.0,0.0,0.0,0.0,0.0,0.0,0.0,0.0,0.0,Karnataka,Bidar
karnataka,bidar,2018,,0.0,0.0,0.0,0.0,,0.0,0.0,0.0,0.0,0.0,,,0.0,2.0,0.0,,0.0,0.0,0.0,,,0.0,0.0,0.0,0.0,0.0,0.0,0.0,0.0,2.0,Karnataka,Bidar
karnataka,bidar,2019,,0.0,,0.0,19.0,15.0,0.0,0.0,0.0,0.0,0.0,0.0,0.0,,0.0,0.0,0.0,0.0,0.0,0.0,0.0,0.0,,0.0,0.0,0.0,,0.0,0.0,0.0,,Karnataka,Bidar
karnataka,bidar,2020,,0.0,0.0,0.0,7.0,3.0,0.0,,0.0,0.0,,0.0,0.0,0.0,0.0,0.0,0.0,0.0,0.0,0.0,0.0,0.0,0.0,0.0,,0.0,,0.0,0.0,0.0,0.0,Karnataka,Bidar
karnataka,bidar,2021,0.0,0.0,0.0,,2.0,2.0,1.0,0.0,0.0,,0.0,0.0,0.0,0.0,0.0,0.0,0.0,0.0,0.0,0.0,0.0,0.0,0.0,0.0,0.0,0.0,0.0,0.0,,0.0,0.0,Karnataka,Bidar
karnataka,bidar,2022,0.0,0.0,0.0,0.0,3.0,8.0,0.0,0.0,0.0,0.0,0.0,0.0,0.0,0.0,0.0,0.0,0.0,0.0,0.0,0.0,0.0,0.0,0.0,0.0,0.0,0.0,0.0,0.0,0.0,0.0,0.0,Karnataka,Bidar
karnataka,chamarajanagara,2017,0.0,0.0,0.0,0.0,0.0,0.0,0.0,0.0,0.0,,0.0,0.0,0.0,0.0,0.0,,0.0,0.0,0.0,0.0,0.0,0.0,0.0,0.0,0.0,0.0,0.0,0.0,0.0,0.0,0.0,Karnataka,Chamarajanagara
karnataka,chamarajanagara,2018,0.0,1.0,0.0,0.0,4.0,1.0,0.0,0.0,0.0,0.0,0.0,0.0,0.0,,0.0,0.0,,0.0,0.0,0.0,0.0,0.0,0.0,0.0,0.0,0.0,,0.0,0.0,0.0,0.0,Karnataka,Chamarajanagara
karnataka,chamarajanagara,2019,0.0,0.0,0.0,0.0,,15.0,0.0,,0.0,0.0,,0.0,0.0,0.0,0.0,0.0,0.0,0.0,0.0,0.0,0.0,0.0,0.0,0.0,0.0,0.0,0.0,0.0,0.0,0.0,0.0,Karnataka,Chamarajanagara
karnataka,chamarajanagara,2020,0.0,,0.0,1.0,4.0,8.0,0.0,0.0,0.0,0.0,,0.0,,0.0,0.0,0.0,0.0,0.0,0.0,0.0,0.0,0.0,,0.0,0.0,0.0,0.0,0.0,0.0,0.0,0.0,Karnataka,Chamarajanagara
karnataka,chamarajanagara,2021,0.0,0.0,0.0,0.0,1.0,,0.0,0.0,1.0,0.0,0.0,0.0,0.0,0.0,0.0,,0.0,,0.0,0.0,0.0,,0.0,0.0,0.0,0.0,0.0,0.0,0.0,0.0,0.0,Karnataka,Chamarajanagara
karnataka,chamarajanagara,2022,0.0,0.0,0.0,,0.0,,1.0,0.0,0.0,0.0,0.0,0.0,0.0,0.0,,0.0,0.0,0.0,0.0,0.0,0.0,,0.0,0.0,,0.0,0.0,0.0,0.0,0.0,0.0,Karnataka,Chamarajanagara
karnataka,chikkaballapura,2017,0.0,0.0,,0.0,1.0,7.0,0.0,0.0,0.0,,0.0,0.0,0.0,1.0,0.0,0.0,0.0,0.0,,0.0,0.0,0.0,0.0,0.0,0.0,0.0,0.0,0.0,0.0,0.0,0.0,Karnataka,Chikkaballapura
karnataka,chikkaballapura,2018,0.0,0.0,0.0,0.0,1.0,1.0,0.0,0.0,0.0,0.0,0.0,0.0,0.0,7.0,0.0,0.0,0.0,0.0,0.0,0.0,0.0,0.0,0.0,0.0,0.0,,0.0,0.0,0.0,0.0,0.0,Karnataka,Chikkaballapura
karnataka,chikkaballapura,2019,1.0,0.0,,1.0,1.0,,,0.0,0.0,0.0,,0.0,0.0,0.0,0.0,0.0,0.0,0.0,0.0,0.0,0.0,0.0,0.0,,,0.0,0.0,0.0,0.0,0.0,0.0,Karnataka,Chikkaballapura
karnataka,chikkaballapura,2020,1.0,0.0,,0.0,1.0,28.0,0.0,0.0,0.0,0.0,0.0,0.0,0.0,0.0,0.0,0.0,,0.0,0.0,0.0,0.0,,0.0,0.0,0.0,0.0,0.0,0.0,0.0,0.0,0.0,Karnataka,Chikkaballapura
karnataka,chikkaballapura,2022,0.0,0.0,1.0,0.0,0.0,92.0,0.0,0.0,0.0,,0.0,0.0,0.0,3.0,0.0,0.0,0.0,0.0,0.0,,0.0,0.0,0.0,0.0,0.0,0.0,0.0,0.0,0.0,0.0,0.0,Karnataka,Chikkaballapura
karnataka,chikkamagaluru,2017,0.0,0.0,3.0,1.0,2.0,6.0,3.0,0.0,0.0,0.0,,0.0,0.0,1.0,,0.0,0.0,,0.0,0.0,,0.0,0.0,0.0,,0.0,0.0,0.0,0.0,0.0,0.0,Karnataka,Chikkamagaluru
karnataka,chikkamagaluru,2018,1.0,0.0,0.0,0.0,6.0,5.0,1.0,,0.0,0.0,0.0,0.0,0.0,0.0,0.0,0.0,0.0,0.0,0.0,0.0,0.0,0.0,0.0,0.0,0.0,0.0,0.0,0.0,0.0,0.0,,Karnataka,Chikkamagaluru
karnataka,chikkamagaluru,2019,0.0,1.0,0.0,1.0,15.0,6.0,1.0,1.0,0.0,,0.0,0.0,0.0,0.0,0.0,0.0,0.0,,0.0,0.0,0.0,,0.0,0.0,0.0,0.0,0.0,,,0.0,,Karnataka,Chikkamagaluru
karnataka,chikkamagaluru,2020,,0.0,0.0,0.0,14.0,15.0,0.0,0.0,,0.0,0.0,0.0,0.0,0.0,0.0,0.0,0.0,0.0,0.0,0.0,0.0,0.0,0.0,,0.0,0.0,0.0,,0.0,0.0,0.0,Karnataka,Chikkamagaluru
karnataka,chikkamagaluru,2022,0.0,0.0,,,66.0,,0.0,0.0,0.0,0.0,0.0,0.0,0.0,0.0,0.0,0.0,0.0,0.0,0.0,0.0,0.0,0.0,0.0,,0.0,0.0,0.0,0.0,,0.0,0.0,Karnataka,Chikkamagaluru
karnataka,chitradurga,2017,,0.0,3.0,1.0,3.0,8.0,1.0,0.0,0.0,0.0,0.0,0.0,0.0,0.0,0.0,0.0,0.0,0.0,,0.0,0.0,0.0,0.0,,0.0,0.0,0.0,0.0,0.0,0.0,,Karnataka,Chitradurga
karnataka,chitradurga,2018,0.0,0.0,1.0,0.0,0.0,2.0,1.0,0.0,0.0,,0.0,0.0,0.0,0.0,0.0,0.0,0.0,0.0,0.0,0.0,0.0,0.0,0.0,0.0,0.0,0.0,0.0,0.0,0.0,0.0,0.0,Karnataka,Chitradurga
karnataka,chitradurga,2020,0.0,0.0,0.0,0.0,,,0.0,0.0,0.0,0.0,0.0,,0.0,4.0,0.0,0.0,0.0,0.0,0.0,0.0,,0.0,0.0,0.0,0.0,0.0,0.0,0.0,0.0,0.0,0.0,Karnataka,Chitradurga
karnataka,chitradurga,2021,0.0,0.0,0.0,0.0,1.0,16.0,2.0,0.0,1.0,0.0,,0.0,0.0,0.0,0.0,0.0,0.0,0.0,0.0,0.0,0.0,0.0,,0.0,0.0,,0.0,0.0,0.0,0.0,0.0,Karnataka,Chitradurga
karnataka,chitradurga,2022,0.0,0.0,0.0,0.0,5.0,41.0,1.0,0.0,0.0,0.0,0.0,0.0,0.0,0.0,0.0,,0.0,0.0,0.0,0.0,0.0,0.0,0.0,,0.0,0.0,0.0,0.0,0.0,0.0,0.0,Karnataka,Chitradurga
karnataka,dakshina kannada,2017,1.0,0.0,1.0,0.0,22.0,11.0,8.0,0.0,0.0,0.0,0.0,0.0,0.0,3.0,1.0,,0.0,0.0,0.0,0.0,0.0,0.0,0.0,0.0,0.0,0.0,0.0,0.0,0.0,0.0,1.0,Karnataka,Dakshina Kannada
karnataka,dakshina kannada,2018,1.0,0.0,9.0,0.0,63.0,1.0,0.0,0.0,1.0,0.0,0.0,0.0,0.0,0.0,0.0,0.0,0.0,0.0,0.0,0.0,0.0,0.0,0.0,0.0,0.0,0.0,0.0,0.0,0.0,0.0,0.0,Karnataka,Dakshina Kannada
karnataka,dakshina kannada,2019,0.0,0.0,0.0,0.0,0.0,11.0,0.0,,0.0,0.0,0.0,0.0,0.0,,0.0,0.0,0.0,0.0,0.0,0.0,0.0,,0.0,0.0,0.0,0.0,0.0,,0.0,,0.0,Karnataka,Dakshina Kannada
karnataka,dakshina kannada,2020,0.0,0.0,1.0,0.0,2.0,72.0,0.0,2.0,0.0,0.0,0.0,0.0,0.0,0.0,1.0,0.0,0.0,0.0,0.0,0.0,0.0,0.0,0.0,0.0,0.0,0.0,,0.0,0.0,0.0,1.0,Karnataka,Dakshina Kannada
karnataka,dakshina kannada,2021,0.0,2.0,0.0,0.0,,10.0,2.0,0.0,6.0,0.0,0.0,0.0,0.0,0.0,5.0,0.0,0.0,0.0,0.0,0.0,0.0,0.0,0.0,0.0,0.0,0.0,0.0,0.0,0.0,0.0,0.0,Karnataka,Dakshina Kannada
karnataka,dakshina kannada,2022,0.0,0.0,0.0,0.0,33.0,23.0,,0.0,0.0,0.0,,0.0,0.0,0.0,0.0,0.0,0.0,0.0,0.0,,0.0,0.0,0.0,,0.0,0.0,0.0,0.0,0.0,0.0,0.0,Karnataka,Dakshina Kannada
karnataka,davangere,2017,0.0,0.0,0.0,0.0,5.0,6.0,0.0,0.0,2.0,0.0,0.0,0.0,0.0,4.0,0.0,0.0,0.0,0.0,0.0,0.0,0.0,0.0,0.0,,0.0,0.0,0.0,0.0,0.0,0.0,0.0,Karnataka,Davangere
karnataka,davangere,2018,0.0,0.0,0.0,0.0,12.0,1.0,2.0,0.0,0.0,0.0,0.0,0.0,0.0,1.0,0.0,0.0,,0.0,0.0,0.0,0.0,0.0,,0.0,0.0,0.0,,0.0,0.0,0.0,0.0,Karnataka,Davangere
karnataka,davangere,2020,0.0,0.0,0.0,0.0,62.0,0.0,0.0,0.0,0.0,0.0,0.0,0.0,0.0,0.0,0.0,0.0,0.0,0.0,0.0,0.0,0.0,0.0,,0.0,0.0,0.0,0.0,,0.0,0.0,0.0,Karnataka,Davangere
karnataka,davangere,2021,0.0,0.0,0.0,0.0,70.0,0.0,0.0,0.0,0.0,0.0,0.0,0.0,0.0,0.0,0.0,0.0,0.0,0.0,0.0,0.0,0.0,0.0,0.0,0.0,,0.0,0.0,0.0,0.0,0.0,0.0,Karnataka,Davangere
karnataka,davangere,2022,0.0,0.0,0.0,0.0,85.0,2.0,1.0,0.0,0.0,0.0,0.0,0.0,0.0,,0.0,0.0,0.0,0.0,,0.0,0.0,,,0.0,0.0,0.0,0.0,0.0,0.0,0.0,0.0,Karnataka,Davangere
karnataka,dhaarwad,2022,0.0,0.0,,0.0,10.0,,1.0,0.0,0.0,0.0,0.0,0.0,,0.0,0.0,0.0,0.0,0.0,0.0,,0.0,0.0,0.0,0.0,0.0,0.0,0.0,0.0,,,0.0,Karnataka,Dhaarwad
karnataka,dharwad,2017,0.0,0.0,2.0,0.0,5.0,10.0,0.0,0.0,0.0,0.0,0.0,0.0,0.0,0.0,0.0,0.0,0.0,0.0,0.0,0.0,0.0,0.0,0.0,0.0,0.0,0.0,0.0,0.0,0.0,0.0,0.0,Karnataka,Dharwad
karnataka,dharwad,2018,1.0,0.0,2.0,0.0,8.0,0.0,0.0,,0.0,0.0,0.0,0.0,0.0,0.0,0.0,0.0,0.0,0.0,0.0,0.0,0.0,0.0,0.0,0.0,0.0,0.0,0.0,0.0,0.0,0.0,0.0,Karnataka,Dharwad
karnataka,dharwad,2019,0.0,1.0,0.0,0.0,15.0,93.0,0.0,1.0,0.0,0.0,0.0,0.0,0.0,0.0,0.0,0.0,0.0,0.0,0.0,0.0,0.0,0.0,0.0,0.0,0.0,0.0,0.0,0.0,0.0,0.0,0.0,Karnataka,Dharwad
karnataka,dharwad,2020,0.0,0.0,1.0,0.0,13.0,100.0,1.0,0.0,0.0,0.0,0.0,0.0,0.0,0.0,0.0,0.0,0.0,0.0,0.0,0.0,0.0,0.0,0.0,0.0,0.0,0.0,0.0,0.0,0.0,0.0,0.0,Karnataka,Dharwad
karnataka,dharwad,2021,0.0,0.0,1.0,0.0,27.0,126.0,0.0,0.0,1.0,0.0,0.0,0.0,1.0,0.0,0.0,0.0,0.0,0.0,0.0,0.0,0.0,0.0,0.0,0.0,0.0,0.0,0.0,0.0,0.0,0.0,0.0,Karnataka,Dharwad
karnataka,dharwad,2022,,,0.0,0.0,30.0,275.0,0.0,0.0,0.0,0.0,0.0,0.0,4.0,0.0,,0.0,0.0,0.0,0.0,,0.0,0.0,0.0,0.0,0.0,0.0,,0.0,0.0,0.0,0.0,Karnataka,Dharwad
karnataka,gaadag,2018,0.0,0.0,0.0,0.0,0.0,6.0,,0.0,0.0,0.0,0.0,,0.0,0.0,0.0,0.0,0.0,0.0,0.0,,0.0,0.0,0.0,0.0,0.0,0.0,0.0,,0.0,,0.0,Karnataka,Gaadag
karnataka,gadag,2017,0.0,0.0,0.0,0.0,0.0,2.0,0.0,0.0,0.0,0.0,0.0,0.0,0.0,0.0,0.0,0.0,0.0,0.0,0.0,0.0,0.0,,0.0,0.0,0.0,0.0,,0.0,0.0,0.0,0.0,Karnataka,Gadag
karnataka,gadag,2019,,0.0,0.0,0.0,0.0,11.0,0.0,0.0,0.0,0.0,0.0,,0.0,0.0,0.0,,0.0,,0.0,,0.0,0.0,0.0,0.0,0.0,0.0,0.0,0.0,0.0,0.0,0.0,Karnataka,Gadag
karnataka,gadag,2020,0.0,,,0.0,0.0,13.0,0.0,0.0,,0.0,0.0,0.0,0.0,,0.0,0.0,,0.0,0.0,0.0,0.0,0.0,0.0,0.0,0.0,0.0,0.0,0.0,0.0,0.0,,Karnataka,Gadag
karnataka,gadag,2021,0.0,0.0,0.0,0.0,0.0,,,0.0,0.0,0.0,0.0,0.0,0.0,0.0,0.0,0.0,0.0,0.0,0.0,0.0,0.0,0.0,0.0,0.0,0.0,0.0,0.0,0.0,0.0,0.0,,Karnataka,Gadag
karnataka,gadag,2022,,0.0,0.0,0.0,2.0,10.0,0.0,0.0,0.0,0.0,0.0,0.0,0.0,0.0,0.0,0.0,0.0,0.0,0.0,0.0,0.0,0.0,0.0,0.0,0.0,,0.0,0.0,0.0,,0.0,Karnataka,Gadag
karnataka,hassan,2017,0.0,,5.0,0.0,0.0,5.0,0.0,0.0,0.0,0.0,0.0,0.0,0.0,0.0,0.0,0.0,0.0,,0.0,0.0,0.0,0.0,,0.0,0.0,0.0,0.0,0.0,,,0.0,Karnataka,Hassan
karnataka,hassan,2018,0.0,0.0,0.0,,7.0,7.0,,0.0,0.0,0.0,0.0,0.0,,0.0,0.0,0.0,,0.0,0.0,0.0,0.0,0.0,0.0,0.0,0.0,0.0,0.0,0.0,,0.0,,Karnataka,Hassan
karnataka,hassan,2019,0.0,0.0,5.0,0.0,0.0,10.0,2.0,0.0,0.0,0.0,0.0,0.0,0.0,0.0,0.0,0.0,0.0,0.0,0.0,0.0,0.0,0.0,0.0,0.0,0.0,0.0,0.0,0.0,0.0,0.0,0.0,Karnataka,Hassan
karnataka,hassan,2020,0.0,,0.0,0.0,0.0,41.0,0.0,,0.0,0.0,0.0,0.0,0.0,0.0,0.0,0.0,,,,0.0,0.0,0.0,0.0,0.0,0.0,0.0,0.0,0.0,0.0,0.0,0.0,Karnataka,Hassan
karnataka,hassan,2021,0.0,0.0,0.0,0.0,0.0,42.0,3.0,0.0,0.0,0.0,0.0,0.0,0.0,0.0,0.0,0.0,0.0,0.0,0.0,0.0,,0.0,0.0,0.0,0.0,0.0,0.0,0.0,0.0,0.0,0.0,Karnataka,Hassan
karnataka,hassan,2022,,0.0,0.0,,3.0,36.0,0.0,0.0,0.0,0.0,0.0,0.0,0.0,0.0,0.0,0.0,0.0,0.0,0.0,0.0,0.0,0.0,0.0,0.0,0.0,,0.0,0.0,0.0,,,Karnataka,Hassan
karnataka,haveri,2017,0.0,,0.0,0.0,0.0,4.0,0.0,0.0,0.0,0.0,0.0,0.0,0.0,,0.0,0.0,0.0,0.0,0.0,0.0,0.0,0.0,0.0,0.0,0.0,0.0,0.0,0.0,0.0,0.0,0.0,Karnataka,Haveri
karnataka,haveri,2018,0.0,0.0,0.0,0.0,0.0,,0.0,0.0,0.0,0.0,0.0,0.0,0.0,0.0,0.0,0.0,0.0,0.0,0.0,0.0,,0.0,0.0,,0.0,0.0,0.0,0.0,0.0,0.0,0.0,Karnataka,Haveri
karnataka,haveri,2019,0.0,0.0,0.0,0.0,0.0,16.0,0.0,0.0,0.0,0.0,0.0,0.0,0.0,0.0,0.0,0.0,0.0,0.0,0.0,0.0,0.0,0.0,,0.0,0.0,0.0,0.0,0.0,0.0,0.0,0.0,Karnataka,Haveri
karnataka,haveri,2020,0.0,0.0,0.0,0.0,0.0,35.0,0.0,0.0,0.0,,0.0,,0.0,,0.0,0.0,0.0,0.0,0.0,,0.0,0.0,0.0,0.0,0.0,0.0,,,,0.0,0.0,Karnataka,Haveri
karnataka,haveri,2021,0.0,0.0,0.0,0.0,0.0,,0.0,0.0,0.0,0.0,0.0,0.0,0.0,0.0,0.0,0.0,,0.0,0.0,0.0,,0.0,0.0,0.0,,0.0,0.0,0.0,,0.0,0.0,Karnataka,Haveri
karnataka,haveri,2022,,,0.0,,0.0,118.0,0.0,0.0,0.0,0.0,0.0,0.0,0.0,0.0,0.0,0.0,0.0,0.0,0.0,,0.0,0.0,,0.0,0.0,0.0,0.0,0.0,0.0,0.0,,Karnataka,Haveri
karnataka,kaalaburagi,2021,0.0,0.0,0.0,0.0,0.0,11.0,,0.0,1.0,0.0,0.0,,0.0,0.0,0.0,0.0,0.0,0.0,0.0,0.0,0.0,,0.0,0.0,0.0,0.0,0.0,,0.0,0.0,0.0,Karnataka,Kaalaburagi
karnataka,kalaburagi,2017,0.0,0.0,3.0,1.0,0.0,,0.0,0.0,0.0,0.0,0.0,0.0,0.0,13.0,0.0,0.0,0.0,0.0,0.0,0.0,0.0,1.0,0.0,0.0,3.0,0.0,0.0,0.0,0.0,2.0,6.0,Karnataka,Kalaburagi
karnataka,kalaburagi,2018,0.0,0.0,0.0,0.0,2.0,3.0,2.0,0.0,3.0,,0.0,0.0,0.0,1.0,0.0,0.0,0.0,,0.0,0.0,0.0,0.0,0.0,0.0,0.0,0.0,0.0,0.0,0.0,0.0,0.0,Karnataka,Kalaburagi
karnataka,kalaburagi,2019,0.0,0.0,0.0,0.0,1.0,16.0,0.0,0.0,0.0,0.0,0.0,0.0,0.0,0.0,0.0,0.0,0.0,0.0,0.0,0.0,0.0,0.0,0.0,0.0,0.0,0.0,0.0,0.0,0.0,0.0,0.0,Karnataka,Kalaburagi
karnataka,kalaburagi,2020,0.0,0.0,0.0,0.0,8.0,13.0,0.0,0.0,1.0,0.0,0.0,0.0,0.0,0.0,0.0,0.0,0.0,0.0,0.0,0.0,0.0,0.0,0.0,0.0,0.0,0.0,0.0,0.0,0.0,0.0,0.0,Karnataka,Kalaburagi
karnataka,kalaburagi,2021,0.0,0.0,0.0,0.0,3.0,,,0.0,0.0,0.0,0.0,0.0,0.0,0.0,0.0,0.0,0.0,0.0,0.0,0.0,0.0,0.0,0.0,0.0,0.0,0.0,0.0,,0.0,0.0,0.0,Karnataka,Kalaburagi
karnataka,kalaburagi,2022,0.0,0.0,0.0,0.0,1.0,11.0,0.0,0.0,2.0,0.0,0.0,0.0,0.0,4.0,0.0,0.0,0.0,0.0,0.0,0.0,0.0,0.0,0.0,0.0,0.0,0.0,0.0,0.0,0.0,0.0,0.0,Karnataka,Kalaburagi
karnataka,kodaagu,2020,0.0,0.0,,,0.0,71.0,0.0,0.0,0.0,0.0,0.0,,0.0,0.0,0.0,0.0,0.0,0.0,0.0,0.0,0.0,0.0,0.0,0.0,0.0,0.0,,0.0,0.0,0.0,0.0,Karnataka,Kodaagu
karnataka,kodagu,2017,0.0,0.0,0.0,0.0,1.0,0.0,,0.0,0.0,0.0,0.0,0.0,0.0,2.0,0.0,,,0.0,0.0,0.0,,0.0,0.0,,0.0,0.0,0.0,0.0,0.0,0.0,0.0,Karnataka,Kodagu
karnataka,kodagu,2018,0.0,0.0,8.0,0.0,0.0,,0.0,0.0,0.0,0.0,0.0,0.0,0.0,0.0,0.0,0.0,0.0,0.0,,0.0,0.0,0.0,0.0,0.0,0.0,,,0.0,0.0,0.0,0.0,Karnataka,Kodagu
karnataka,kodagu,2019,0.0,0.0,0.0,0.0,5.0,55.0,0.0,0.0,,0.0,0.0,0.0,0.0,0.0,0.0,0.0,0.0,0.0,0.0,0.0,,0.0,,0.0,0.0,0.0,0.0,0.0,0.0,0.0,0.0,Karnataka,Kodagu
karnataka,kodagu,2021,,0.0,0.0,0.0,,40.0,0.0,0.0,,0.0,0.0,0.0,,0.0,0.0,0.0,0.0,0.0,0.0,0.0,,0.0,,0.0,0.0,0.0,0.0,0.0,0.0,,0.0,Karnataka,Kodagu
karnataka,kodagu,2022,,0.0,0.0,0.0,19.0,2.0,1.0,0.0,0.0,0.0,0.0,0.0,0.0,0.0,0.0,0.0,0.0,0.0,0.0,0.0,0.0,0.0,0.0,0.0,0.0,0.0,,0.0,0.0,0.0,,Karnataka,Kodagu
karnataka,kolar,2017,0.0,0.0,0.0,0.0,2.0,0.0,0.0,0.0,0.0,,,0.0,,,0.0,0.0,0.0,0.0,0.0,0.0,,0.0,0.0,0.0,0.0,0.0,0.0,0.0,0.0,0.0,0.0,Karnataka,Kolar
karnataka,kolar,2018,0.0,0.0,0.0,0.0,0.0,18.0,0.0,0.0,,0.0,0.0,0.0,0.0,0.0,0.0,0.0,,0.0,0.0,0.0,0.0,0.0,0.0,0.0,0.0,0.0,0.0,0.0,0.0,0.0,,Karnataka,Kolar
karnataka,kolar,2019,0.0,0.0,0.0,1.0,,21.0,,0.0,0.0,0.0,0.0,0.0,,0.0,0.0,,0.0,0.0,0.0,0.0,0.0,1.0,0.0,0.0,0.0,0.0,0.0,0.0,,0.0,1.0,Karnataka,Kolar
karnataka,kolar,2020,0.0,0.0,0.0,0.0,0.0,11.0,0.0,0.0,0.0,0.0,,0.0,0.0,1.0,0.0,0.0,0.0,0.0,0.0,0.0,0.0,0.0,0.0,0.0,0.0,0.0,0.0,0.0,0.0,0.0,0.0,Karnataka,Kolar
karnataka,kolar,2021,0.0,0.0,0.0,0.0,29.0,2.0,0.0,,0.0,0.0,,0.0,0.0,0.0,0.0,0.0,0.0,0.0,0.0,0.0,0.0,0.0,0.0,0.0,0.0,0.0,0.0,0.0,0.0,0.0,0.0,Karnataka,Kolar
karnataka,kolar,2022,0.0,0.0,0.0,0.0,0.0,52.0,,0.0,0.0,,0.0,,0.0,0.0,0.0,0.0,0.0,0.0,0.0,0.0,0.0,0.0,0.0,0.0,0.0,0.0,0.0,0.0,0.0,0.0,0.0,Karnataka,Kolar
karnataka,koppal,2017,0.0,,0.0,0.0,0.0,0.0,0.0,0.0,0.0,0.0,,0.0,0.0,0.0,0.0,0.0,0.0,0.0,0.0,0.0,0.0,0.0,0.0,,0.0,0.0,0.0,0.0,0.0,0.0,,Karnataka,Koppal
karnataka,koppal,2018,,0.0,0.0,0.0,3.0,,0.0,0.0,0.0,0.0,0.0,0.0,0.0,0.0,0.0,,,0.0,0.0,,0.0,,0.0,0.0,,,0.0,0.0,0.0,0.0,0.0,Karnataka,Koppal
karnataka,koppal,2019,0.0,0.0,0.0,0.0,31.0,,,0.0,0.0,0.0,0.0,0.0,0.0,0.0,0.0,0.0,0.0,0.0,0.0,0.0,0.0,0.0,0.0,0.0,0.0,0.0,0.0,0.0,0.0,0.0,0.0,Karnataka,Koppal
karnataka,koppal,2020,0.0,0.0,0.0,0.0,7.0,,,0.0,0.0,0.0,0.0,0.0,0.0,0.0,,0.0,0.0,0.0,0.0,0.0,0.0,,0.0,0.0,0.0,0.0,0.0,,0.0,0.0,0.0,Karnataka,Koppal
karnataka,koppal,2021,0.0,0.0,0.0,0.0,1.0,11.0,0.0,0.0,0.0,0.0,0.0,0.0,0.0,0.0,0.0,,0.0,0.0,,0.0,0.0,0.0,0.0,0.0,0.0,0.0,0.0,0.0,0.0,0.0,,Karnataka,Koppal
karnataka,koppal,2022,0.0,0.0,0.0,4.0,8.0,1.0,,0.0,1.0,0.0,0.0,0.0,0.0,1.0,0.0,0.0,,0.0,0.0,0.0,0.0,0.0,0.0,0.0,0.0,0.0,,,0.0,0.0,0.0,Karnataka,Koppal
karnataka,mandya,2017,0.0,0.0,0.0,4.0,,3.0,0.0,,0.0,0.0,0.0,0.0,0.0,0.0,0.0,0.0,0.0,0.0,0.0,0.0,0.0,,0.0,0.0,0.0,,0.0,0.0,,0.0,0.0,Karnataka,Mandya
karnataka,mandya,2018,0.0,0.0,,3.0,0.0,2.0,,0.0,0.0,,0.0,0.0,0.0,0.0,0.0,0.0,0.0,0.0,0.0,0.0,0.0,0.0,0.0,0.0,0.0,0.0,0.0,0.0,0.0,0.0,0.0,Karnataka,Mandya
karnataka,mandya,2019,0.0,0.0,0.0,0.0,0.0,64.0,0.0,,0.0,,0.0,0.0,0.0,0.0,0.0,0.0,0.0,,0.0,0.0,0.0,,0.0,0.0,,0.0,0.0,0.0,0.0,0.0,0.0,Karnataka,Mandya
karnataka,mandya,2020,0.0,0.0,0.0,0.0,0.0,68.0,0.0,0.0,,,0.0,0.0,0.0,0.0,,0.0,0.0,0.0,0.0,,0.0,0.0,0.0,0.0,0.0,0.0,0.0,0.0,0.0,0.0,0.0,Karnataka,Mandya
karnataka,mandya,2021,0.0,0.0,0.0,0.0,0.0,24.0,,0.0,,0.0,0.0,0.0,0.0,,0.0,0.0,0.0,0.0,0.0,0.0,0.0,0.0,0.0,0.0,0.0,0.0,0.0,0.0,0.0,0.0,0.0,Karnataka,Mandya
karnataka,mandya,2022,0.0,0.0,3.0,5.0,47.0,1.0,0.0,0.0,0.0,0.0,0.0,0.0,0.0,0.0,0.0,0.0,0.0,0.0,0.0,0.0,,0.0,0.0,0.0,0.0,0.0,0.0,,0.0,0.0,0.0,Karnataka,Mandya
karnataka,mysuru,2017,1.0,5.0,0.0,0.0,7.0,11.0,0.0,0.0,0.0,0.0,0.0,0.0,0.0,0.0,0.0,0.0,0.0,0.0,0.0,0.0,0.0,0.0,0.0,0.0,0.0,0.0,0.0,0.0,0.0,0.0,0.0,Karnataka,Mysuru
karnataka,mysuru,2018,0.0,0.0,0.0,0.0,0.0,2.0,0.0,0.0,0.0,0.0,0.0,0.0,0.0,0.0,0.0,0.0,0.0,0.0,0.0,0.0,0.0,0.0,0.0,,,0.0,0.0,0.0,0.0,0.0,,Karnataka,Mysuru
karnataka,mysuru,2019,1.0,0.0,0.0,0.0,8.0,278.0,0.0,0.0,1.0,0.0,0.0,0.0,0.0,1.0,3.0,0.0,0.0,3.0,0.0,0.0,0.0,0.0,,0.0,0.0,0.0,0.0,0.0,0.0,0.0,6.0,Karnataka,Mysuru
karnataka,mysuru,2020,187.0,0.0,0.0,0.0,2.0,13.0,1.0,0.0,0.0,0.0,0.0,0.0,0.0,0.0,0.0,0.0,0.0,0.0,0.0,0.0,0.0,0.0,0.0,0.0,0.0,0.0,0.0,0.0,0.0,0.0,0.0,Karnataka,Mysuru
karnataka,mysuru,2021,4.0,0.0,1.0,0.0,90.0,10.0,0.0,0.0,0.0,0.0,0.0,0.0,,0.0,0.0,0.0,0.0,0.0,0.0,0.0,,0.0,0.0,0.0,0.0,0.0,0.0,0.0,0.0,0.0,0.0,Karnataka,Mysuru
karnataka,mysuru,2022,0.0,0.0,0.0,0.0,201.0,5.0,2.0,0.0,0.0,0.0,0.0,0.0,0.0,0.0,0.0,0.0,0.0,0.0,0.0,0.0,0.0,0.0,0.0,0.0,0.0,0.0,0.0,0.0,0.0,0.0,0.0,Karnataka,Mysuru
karnataka,raichur,2017,0.0,0.0,0.0,0.0,2.0,1.0,0.0,0.0,0.0,0.0,0.0,0.0,,0.0,0.0,,0.0,0.0,0.0,0.0,0.0,0.0,0.0,,,0.0,0.0,,0.0,0.0,0.0,Karnataka,Raichur
karnataka,raichur,2018,0.0,0.0,,2.0,1.0,2.0,0.0,0.0,0.0,0.0,0.0,0.0,0.0,0.0,0.0,0.0,0.0,0.0,0.0,1.0,,0.0,0.0,0.0,,0.0,0.0,,0.0,0.0,1.0,Karnataka,Raichur
karnataka,raichur,2019,0.0,0.0,0.0,,0.0,16.0,0.0,0.0,,0.0,0.0,0.0,,0.0,,0.0,0.0,0.0,,0.0,0.0,0.0,0.0,0.0,0.0,0.0,,0.0,0.0,0.0,0.0,Karnataka,Raichur
karnataka,raichur,2020,,0.0,,0.0,0.0,28.0,0.0,0.0,0.0,0.0,0.0,0.0,0.0,0.0,0.0,0.0,0.0,0.0,0.0,0.0,0.0,0.0,0.0,0.0,0.0,0.0,,0.0,0.0,0.0,0.0,Karnataka,Raichur
karnataka,raichur,2021,0.0,0.0,0.0,0.0,1.0,,0.0,0.0,0.0,0.0,0.0,0.0,,0.0,0.0,0.0,0.0,0.0,,0.0,0.0,0.0,0.0,0.0,0.0,,0.0,0.0,0.0,,0.0,Karnataka,Raichur
karnataka,raichur,2022,,0.0,0.0,0.0,1.0,17.0,0.0,0.0,0.0,0.0,0.0,,0.0,,,0.0,0.0,0.0,0.0,0.0,0.0,0.0,,0.0,0.0,0.0,0.0,0.0,0.0,0.0,0.0,Karnataka,Raichur
karnataka,ramanagara,2017,0.0,1.0,0.0,0.0,3.0,0.0,0.0,,0.0,0.0,0.0,0.0,0.0,0.0,0.0,,0.0,0.0,0.0,0.0,0.0,0.0,0.0,0.0,0.0,0.0,0.0,0.0,0.0,0.0,0.0,Karnataka,Ramanagara
karnataka,ramanagara,2018,0.0,0.0,1.0,0.0,0.0,7.0,0.0,0.0,0.0,0.0,0.0,0.0,0.0,0.0,0.0,0.0,,0.0,,0.0,0.0,0.0,0.0,0.0,,0.0,0.0,0.0,0.0,0.0,0.0,Karnataka,Ramanagara
karnataka,ramanagara,2019,0.0,0.0,0.0,0.0,0.0,65.0,2.0,0.0,0.0,0.0,0.0,0.0,0.0,0.0,0.0,0.0,0.0,0.0,0.0,0.0,0.0,0.0,,0.0,0.0,0.0,0.0,0.0,0.0,0.0,0.0,Karnataka,Ramanagara
karnataka,ramanagara,2020,0.0,0.0,0.0,0.0,155.0,16.0,0.0,0.0,,0.0,0.0,0.0,0.0,0.0,0.0,0.0,0.0,0.0,0.0,,0.0,0.0,0.0,0.0,0.0,0.0,0.0,0.0,0.0,0.0,0.0,Karnataka,Ramanagara
karnataka,ramanagara,2021,0.0,0.0,,0.0,71.0,0.0,0.0,0.0,,0.0,0.0,0.0,0.0,0.0,0.0,0.0,0.0,0.0,0.0,,0.0,0.0,0.0,0.0,0.0,0.0,0.0,0.0,0.0,0.0,0.0,Karnataka,Ramanagara
karnataka,ramanagara,2022,0.0,0.0,0.0,0.0,198.0,1.0,6.0,0.0,0.0,0.0,0.0,0.0,0.0,7.0,0.0,0.0,0.0,0.0,0.0,0.0,0.0,0.0,0.0,0.0,0.0,0.0,0.0,0.0,0.0,0.0,0.0,Karnataka,Ramanagara
karnataka,shivamogga,2017,0.0,,0.0,0.0,6.0,9.0,,0.0,,0.0,,0.0,0.0,3.0,0.0,,0.0,0.0,0.0,0.0,0.0,0.0,0.0,0.0,,,0.0,0.0,0.0,0.0,,Karnataka,Shivamogga
karnataka,shivamogga,2018,0.0,0.0,0.0,1.0,46.0,2.0,,0.0,0.0,0.0,0.0,0.0,,2.0,0.0,0.0,0.0,0.0,0.0,0.0,0.0,0.0,0.0,0.0,0.0,,0.0,0.0,0.0,0.0,0.0,Karnataka,Shivamogga
karnataka,shivamogga,2019,0.0,0.0,,,,,2.0,0.0,0.0,0.0,,0.0,0.0,1.0,0.0,0.0,0.0,0.0,0.0,0.0,0.0,,0.0,0.0,0.0,0.0,0.0,0.0,0.0,0.0,0.0,Karnataka,Shivamogga
karnataka,shivamogga,2020,,0.0,0.0,12.0,140.0,44.0,0.0,0.0,0.0,0.0,0.0,0.0,,,0.0,0.0,0.0,0.0,0.0,0.0,0.0,0.0,,0.0,0.0,0.0,0.0,0.0,0.0,0.0,0.0,Karnataka,Shivamogga
karnataka,shivamogga,2021,,0.0,0.0,0.0,47.0,26.0,2.0,0.0,2.0,0.0,0.0,0.0,0.0,0.0,0.0,0.0,0.0,0.0,0.0,0.0,0.0,0.0,0.0,0.0,0.0,0.0,,0.0,0.0,0.0,0.0,Karnataka,Shivamogga
karnataka,shivamogga,2022,0.0,0.0,0.0,,15.0,2.0,1.0,0.0,0.0,0.0,,,0.0,0.0,,0.0,0.0,0.0,0.0,0.0,0.0,0.0,,0.0,0.0,0.0,,0.0,0.0,0.0,0.0,Karnataka,Shivamogga
karnataka,tumakuru,2017,0.0,0.0,0.0,0.0,0.0,1.0,1.0,0.0,9.0,0.0,0.0,0.0,,0.0,0.0,0.0,0.0,0.0,0.0,0.0,0.0,,0.0,0.0,0.0,0.0,0.0,0.0,0.0,0.0,0.0,Karnataka,Tumakuru
karnataka,tumakuru,2018,0.0,0.0,0.0,1.0,0.0,7.0,,,3.0,0.0,0.0,,0.0,3.0,0.0,0.0,0.0,0.0,0.0,0.0,0.0,0.0,0.0,0.0,0.0,0.0,0.0,0.0,0.0,0.0,0.0,Karnataka,Tumakuru
karnataka,tumakuru,2019,0.0,0.0,0.0,2.0,1.0,22.0,0.0,0.0,0.0,0.0,0.0,0.0,0.0,0.0,0.0,0.0,0.0,0.0,0.0,0.0,0.0,0.0,0.0,0.0,0.0,,0.0,0.0,0.0,,0.0,Karnataka,Tumakuru
karnataka,tumakuru,2020,,0.0,0.0,0.0,0.0,208.0,0.0,0.0,0.0,0.0,0.0,0.0,0.0,0.0,0.0,0.0,0.0,0.0,0.0,0.0,0.0,0.0,0.0,0.0,0.0,0.0,0.0,0.0,,0.0,0.0,Karnataka,Tumakuru
karnataka,tumakuru,2021,0.0,0.0,0.0,0.0,0.0,0.0,0.0,,140.0,0.0,0.0,0.0,0.0,0.0,0.0,0.0,,0.0,0.0,0.0,6.0,0.0,0.0,0.0,0.0,0.0,,0.0,0.0,0.0,6.0,Karnataka,Tumakuru
karnataka,tumakuru,2022,0.0,0.0,0.0,0.0,5.0,79.0,0.0,0.0,61.0,0.0,0.0,0.0,,0.0,0.0,0.0,0.0,0.0,0.0,0.0,0.0,0.0,0.0,0.0,0.0,0.0,0.0,,0.0,0.0,0.0,Karnataka,Tumakuru
karnataka,udupi,2017,0.0,0.0,0.0,0.0,2.0,8.0,0.0,0.0,0.0,0.0,0.0,,0.0,,0.0,0.0,0.0,0.0,0.0,0.0,0.0,0.0,0.0,0.0,,0.0,,0.0,0.0,,0.0,Karnataka,Udupi
karnataka,udupi,2018,,0.0,0.0,,0.0,22.0,0.0,0.0,0.0,0.0,0.0,0.0,0.0,0.0,0.0,0.0,0.0,0.0,0.0,0.0,0.0,0.0,,0.0,0.0,0.0,0.0,0.0,0.0,0.0,0.0,Karnataka,Udupi
karnataka,udupi,2019,0.0,0.0,0.0,0.0,,25.0,0.0,0.0,0.0,0.0,0.0,,0.0,0.0,0.0,0.0,0.0,0.0,0.0,0.0,0.0,0.0,0.0,,0.0,0.0,0.0,,0.0,0.0,0.0,Karnataka,Udupi
karnataka,udupi,2020,0.0,0.0,0.0,0.0,30.0,2.0,,0.0,0.0,0.0,0.0,0.0,0.0,1.0,0.0,,0.0,0.0,0.0,0.0,0.0,0.0,0.0,0.0,0.0,,0.0,0.0,0.0,0.0,0.0,Karnataka,Udupi
karnataka,udupi,2021,0.0,0.0,0.0,0.0,28.0,5.0,0.0,0.0,0.0,0.0,0.0,0.0,0.0,0.0,0.0,0.0,0.0,0.0,0.0,0.0,0.0,0.0,,0.0,0.0,0.0,,0.0,0.0,,0.0,Karnataka,Udupi
karnataka,udupi,2022,0.0,0.0,1.0,0.0,21.0,11.0,1.0,0.0,0.0,0.0,0.0,0.0,0.0,0.0,0.0,0.0,0.0,0.0,,,,6.0,0.0,0.0,0.0,0.0,0.0,0.0,0.0,0.0,6.0,Karnataka,Udupi
karnataka,uttara kannada,2017,0.0,,0.0,4.0,12.0,0.0,0.0,0.0,0.0,0.0,0.0,0.0,0.0,0.0,0.0,0.0,0.0,2.0,2.0,0.0,0.0,,0.0,0.0,0.0,0.0,0.0,0.0,0.0,1.0,5.0,Karnataka,Uttara Kannada
karnataka,uttara kannada,2018,0.0,0.0,0.0,0.0,3.0,16.0,0.0,0.0,2.0,0.0,0.0,0.0,0.0,0.0,,0.0,0.0,0.0,0.0,0.0,0.0,0.0,0.0,,0.0,0.0,0.0,0.0,0.0,0.0,,Karnataka,Uttara Kannada
karnataka,uttara kannada,2019,0.0,0.0,0.0,0.0,44.0,4.0,0.0,0.0,0.0,0.0,0.0,0.0,0.0,0.0,0.0,0.0,0.0,,0.0,0.0,0.0,0.0,0.0,0.0,0.0,,0.0,,0.0,0.0,,Karnataka,Uttara Kannada
karnataka,uttara kannada,2020,0.0,0.0,0.0,0.0,43.0,2.0,,1.0,0.0,0.0,0.0,0.0,0.0,0.0,0.0,0.0,0.0,0.0,0.0,0.0,0.0,0.0,0.0,0.0,0.0,0.0,0.0,0.0,0.0,0.0,0.0,Karnataka,Uttara Kannada
karnataka,uttara kannada,2021,0.0,0.0,0.0,0.0,,7.0,1.0,0.0,3.0,0.0,0.0,0.0,0.0,0.0,0.0,0.0,0.0,0.0,0.0,0.0,0.0,,0.0,0.0,0.0,0.0,0.0,0.0,0.0,0.0,0.0,Karnataka,Uttara Kannada
karnataka,uttara kannada,2022,1.0,,0.0,0.0,37.0,2.0,3.0,0.0,0.0,,0.0,0.0,,0.0,0.0,0.0,0.0,0.0,0.0,0.0,0.0,0.0,0.0,,0.0,0.0,0.0,0.0,0.0,0.0,0.0,Karnataka,Uttara Kannada
karnataka,vijayanagar,2022,0.0,0.0,0.0,0.0,0.0,4.0,0.0,0.0,,0.0,0.0,0.0,0.0,0.0,0.0,0.0,0.0,0.0,0.0,0.0,0.0,0.0,0.0,0.0,0.0,0.0,0.0,0.0,0.0,0.0,0.0,Karnataka,Vijayanagar
karnataka,vijayapura,2017,0.0,0.0,0.0,0.0,,9.0,0.0,0.0,,0.0,0.0,0.0,0.0,0.0,,0.0,0.0,0.0,,0.0,0.0,0.0,,0.0,0.0,0.0,0.0,,0.0,0.0,7.0,Karnataka,Vijayapura
karnataka,vijayapura,2018,0.0,0.0,0.0,0.0,0.0,0.0,0.0,0.0,0.0,0.0,,0.0,,1.0,0.0,0.0,0.0,0.0,0.0,0.0,0.0,0.0,,0.0,0.0,,0.0,0.0,0.0,0.0,0.0,Karnataka,Vijayapura
karnataka,vijayapura,2019,0.0,0.0,0.0,,0.0,9.0,0.0,,0.0,0.0,0.0,,,0.0,0.0,0.0,,0.0,0.0,0.0,0.0,0.0,0.0,,,0.0,0.0,0.0,0.0,,0.0,Karnataka,Vijayapura
karnataka,vijayapura,2020,,0.0,0.0,0.0,0.0,0.0,0.0,0.0,,0.0,0.0,0.0,0.0,8.0,0.0,0.0,0.0,0.0,0.0,0.0,0.0,0.0,0.0,,0.0,,0.0,0.0,0.0,0.0,0.0,Karnataka,Vijayapura
karnataka,vijayapura,2021,0.0,0.0,0.0,3.0,7.0,1.0,3.0,,0.0,,0.0,0.0,0.0,0.0,0.0,0.0,0.0,0.0,0.0,,0.0,0.0,0.0,0.0,0.0,0.0,,0.0,0.0,0.0,0.0,Karnataka,Vijayapura
karnataka,vijayapura,2022,0.0,0.0,0.0,0.0,27.0,17.0,3.0,,0.0,,0.0,0.0,0.0,3.0,0.0,0.0,0.0,0.0,0.0,0.0,,0.0,0.0,0.0,0.0,0.0,0.0,0.0,0.0,0.0,0.0,Karnataka,Vijayapura
karnataka,yadgir,2018,0.0,0.0,0.0,1.0,2.0,4.0,0.0,0.0,0.0,0.0,,0.0,0.0,0.0,0.0,0.0,0.0,0.0,0.0,0.0,0.0,0.0,0.0,0.0,0.0,0.0,,0.0,0.0,0.0,0.0,Karnataka,Yadgir
karnataka,yadgir,2019,0.0,0.0,0.0,0.0,6.0,5.0,0.0,,0.0,0.0,0.0,0.0,0.0,0.0,0.0,0.0,0.0,0.0,0.0,0.0,0.0,0.0,0.0,0.0,0.0,,0.0,0.0,0.0,0.0,0.0,Karnataka,Yadgir
karnataka,yadgir,2020,1.0,0.0,0.0,,4.0,3.0,0.0,0.0,0.0,0.0,,0.0,0.0,0.0,0.0,0.0,0.0,0.0,0.0,0.0,,0.0,,0.0,0.0,,0.0,0.0,0.0,0.0,0.0,Karnataka,Yadgir
karnataka,yadgir,2021,,0.0,0.0,,5.0,1.0,0.0,0.0,0.0,0.0,0.0,,0.0,0.0,0.0,0.0,0.0,0.0,0.0,0.0,0.0,0.0,0.0,0.0,0.0,0.0,0.0,0.0,0.0,0.0,0.0,Karnataka,Yadgir
karnataka,yadgir,2022,0.0,0.0,0.0,0.0,6.0,0.0,0.0,0.0,0.0,0.0,0.0,0.0,0.0,0.0,0.0,0.0,0.0,0.0,0.0,0.0,0.0,0.0,0.0,0.0,0.0,0.0,,0.0,0.0,0.0,0.0,Karnataka,Yadgir
kerala,alappuzha,2017,0.0,0.0,0.0,0.0,0.0,1.0,3.0,0.0,0.0,,0.0,,0.0,0.0,,0.0,0.0,0.0,0.0,1.0,,1.0,0.0,0.0,0.0,,0.0,0.0,,0.0,2.0,Kerala,Alappuzha
kerala,alappuzha,2018,0.0,1.0,0.0,0.0,0.0,1.0,2.0,0.0,1.0,0.0,0.0,0.0,0.0,0.0,,0.0,0.0,0.0,,0.0,0.0,0.0,0.0,0.0,0.0,0.0,0.0,0.0,1.0,0.0,3.0,Kerala,Alappuzha
kerala,alappuzha,2020,0.0,0.0,0.0,0.0,0.0,0.0,1.0,0.0,1.0,,0.0,0.0,0.0,0.0,0.0,0.0,0.0,0.0,0.0,0.0,,0.0,0.0,0.0,0.0,0.0,0.0,0.0,0.0,0.0,0.0,Kerala,Alappuzha
kerala,alappuzha,2021,0.0,0.0,0.0,1.0,,1.0,1.0,0.0,0.0,0.0,0.0,0.0,0.0,,0.0,0.0,0.0,0.0,,0.0,0.0,,0.0,0.0,0.0,0.0,0.0,0.0,0.0,,2.0,Kerala,Alappuzha
kerala,alappuzha,2022,,0.0,2.0,,1.0,0.0,0.0,0.0,0.0,0.0,0.0,0.0,,0.0,7.0,0.0,0.0,2.0,1.0,1.0,0.0,8.0,0.0,,1.0,0.0,0.0,0.0,0.0,1.0,35.0,Kerala,Alappuzha
kerala,ernakulam,2017,6.0,0.0,6.0,,6.0,2.0,0.0,0.0,1.0,0.0,0.0,0.0,0.0,5.0,0.0,0.0,0.0,0.0,0.0,0.0,0.0,10.0,0.0,0.0,,0.0,0.0,0.0,2.0,37.0,5.0,Kerala,Ernakulam
kerala,ernakulam,2018,2.0,0.0,2.0,0.0,8.0,2.0,6.0,0.0,0.0,0.0,0.0,0.0,0.0,2.0,0.0,0.0,0.0,0.0,0.0,0.0,1.0,9.0,1.0,0.0,0.0,0.0,0.0,0.0,0.0,14.0,25.0,Kerala,Ernakulam
kerala,ernakulam,2019,0.0,0.0,2.0,2.0,2.0,3.0,3.0,0.0,0.0,0.0,0.0,0.0,0.0,1.0,1.0,0.0,0.0,0.0,0.0,0.0,1.0,13.0,0.0,0.0,1.0,0.0,0.0,0.0,0.0,7.0,24.0,Kerala,Ernakulam
kerala,ernakulam,2020,0.0,0.0,1.0,0.0,0.0,1.0,1.0,0.0,0.0,0.0,0.0,0.0,0.0,0.0,2.0,0.0,0.0,0.0,1.0,0.0,1.0,10.0,4.0,0.0,0.0,0.0,0.0,0.0,0.0,0.0,0.0,Kerala,Ernakulam
kerala,ernakulam,2021,3.0,0.0,1.0,0.0,2.0,8.0,0.0,1.0,4.0,0.0,0.0,0.0,0.0,0.0,8.0,0.0,1.0,0.0,0.0,0.0,0.0,12.0,1.0,0.0,0.0,0.0,0.0,2.0,0.0,26.0,50.0,Kerala,Ernakulam
kerala,ernakulam,2022,0.0,0.0,2.0,0.0,2.0,5.0,2.0,0.0,1.0,0.0,0.0,0.0,0.0,0.0,9.0,0.0,0.0,0.0,0.0,0.0,0.0,31.0,4.0,1.0,4.0,0.0,0.0,1.0,0.0,0.0,84.0,Kerala,Ernakulam
kerala,idukki,2017,,0.0,0.0,,1.0,1.0,,0.0,,0.0,0.0,0.0,0.0,1.0,0.0,0.0,0.0,,0.0,,0.0,0.0,0.0,0.0,0.0,0.0,0.0,0.0,1.0,,1.0,Kerala,Idukki
kerala,idukki,2018,0.0,0.0,0.0,0.0,0.0,3.0,2.0,1.0,0.0,0.0,0.0,0.0,0.0,1.0,,0.0,0.0,0.0,,0.0,0.0,0.0,0.0,0.0,0.0,0.0,0.0,0.0,0.0,1.0,1.0,Kerala,Idukki
kerala,idukki,2019,0.0,0.0,0.0,0.0,3.0,,2.0,0.0,0.0,0.0,0.0,0.0,0.0,0.0,0.0,0.0,0.0,0.0,0.0,,,0.0,,0.0,0.0,0.0,0.0,,0.0,0.0,0.0,Kerala,Idukki
kerala,idukki,2020,0.0,0.0,0.0,0.0,1.0,1.0,0.0,0.0,0.0,0.0,0.0,0.0,0.0,0.0,1.0,0.0,0.0,0.0,0.0,0.0,0.0,1.0,0.0,0.0,0.0,0.0,0.0,0.0,,0.0,2.0,Kerala,Idukki
kerala,idukki,2021,0.0,0.0,2.0,0.0,1.0,,2.0,0.0,0.0,0.0,0.0,0.0,0.0,1.0,0.0,0.0,0.0,0.0,0.0,0.0,0.0,0.0,0.0,0.0,0.0,,0.0,0.0,0.0,0.0,0.0,Kerala,Idukki
kerala,idukki,2022,0.0,0.0,0.0,0.0,1.0,0.0,0.0,0.0,,0.0,,0.0,0.0,0.0,0.0,0.0,0.0,0.0,0.0,0.0,,1.0,0.0,0.0,0.0,0.0,0.0,0.0,0.0,23.0,24.0,Kerala,Idukki
kerala,kannur,2017,0.0,0.0,0.0,0.0,0.0,3.0,1.0,0.0,,0.0,0.0,0.0,0.0,1.0,0.0,0.0,0.0,0.0,0.0,0.0,0.0,0.0,0.0,0.0,1.0,,0.0,0.0,,0.0,1.0,Kerala,Kannur
kerala,kannur,2018,0.0,0.0,0.0,0.0,3.0,1.0,0.0,0.0,,0.0,0.0,0.0,0.0,,1.0,0.0,0.0,0.0,0.0,0.0,0.0,,0.0,0.0,0.0,0.0,0.0,0.0,0.0,1.0,2.0,Kerala,Kannur
kerala,kannur,2019,0.0,0.0,0.0,0.0,,2.0,0.0,0.0,0.0,0.0,0.0,0.0,,1.0,1.0,0.0,,0.0,0.0,0.0,0.0,0.0,0.0,0.0,0.0,0.0,0.0,0.0,0.0,0.0,1.0,Kerala,Kannur
kerala,kannur,2020,0.0,,0.0,,0.0,,0.0,0.0,,0.0,0.0,0.0,0.0,2.0,0.0,,0.0,0.0,0.0,0.0,0.0,0.0,0.0,0.0,0.0,0.0,,0.0,0.0,0.0,0.0,Kerala,Kannur
kerala,kannur,2021,0.0,0.0,,0.0,0.0,12.0,1.0,0.0,1.0,0.0,0.0,0.0,0.0,2.0,0.0,0.0,0.0,0.0,0.0,0.0,0.0,0.0,0.0,0.0,0.0,0.0,0.0,0.0,0.0,0.0,0.0,Kerala,Kannur
kerala,kannur,2022,0.0,0.0,0.0,0.0,0.0,0.0,0.0,0.0,1.0,0.0,0.0,0.0,0.0,2.0,0.0,0.0,0.0,0.0,0.0,0.0,0.0,0.0,0.0,0.0,0.0,0.0,0.0,0.0,0.0,0.0,0.0,Kerala,Kannur
kerala,kasaragod,2017,,0.0,0.0,0.0,0.0,0.0,0.0,0.0,0.0,0.0,0.0,0.0,0.0,3.0,0.0,0.0,0.0,0.0,0.0,0.0,0.0,0.0,0.0,0.0,0.0,0.0,0.0,0.0,0.0,0.0,0.0,Kerala,Kasaragod
kerala,kasaragod,2019,0.0,0.0,0.0,0.0,0.0,0.0,0.0,0.0,0.0,0.0,0.0,0.0,0.0,1.0,0.0,0.0,,0.0,0.0,1.0,0.0,1.0,0.0,,0.0,0.0,0.0,1.0,0.0,3.0,6.0,Kerala,Kasaragod
kerala,kasaragod,2020,0.0,0.0,0.0,0.0,,0.0,0.0,0.0,0.0,0.0,0.0,0.0,,6.0,3.0,0.0,0.0,0.0,0.0,0.0,0.0,0.0,0.0,0.0,0.0,0.0,,,0.0,0.0,3.0,Kerala,Kasaragod
kerala,kasaragod,2021,,0.0,0.0,0.0,0.0,0.0,0.0,,0.0,0.0,,0.0,0.0,5.0,1.0,0.0,,1.0,1.0,0.0,0.0,22.0,0.0,0.0,0.0,0.0,0.0,0.0,0.0,0.0,26.0,Kerala,Kasaragod
kerala,kasaragod,2022,0.0,,0.0,0.0,0.0,1.0,0.0,0.0,1.0,0.0,,0.0,0.0,0.0,9.0,0.0,0.0,0.0,0.0,0.0,0.0,0.0,0.0,0.0,0.0,,0.0,0.0,0.0,0.0,9.0,Kerala,Kasaragod
kerala,kollam,2017,0.0,0.0,0.0,0.0,0.0,0.0,12.0,0.0,0.0,0.0,0.0,0.0,0.0,0.0,0.0,0.0,0.0,0.0,0.0,0.0,0.0,0.0,0.0,0.0,0.0,0.0,0.0,0.0,0.0,0.0,0.0,Kerala,Kollam
kerala,kollam,2018,0.0,0.0,0.0,0.0,0.0,7.0,3.0,0.0,0.0,0.0,0.0,0.0,0.0,0.0,0.0,0.0,0.0,0.0,0.0,0.0,0.0,0.0,0.0,0.0,0.0,0.0,0.0,0.0,0.0,0.0,0.0,Kerala,Kollam
kerala,kollam,2019,0.0,0.0,0.0,0.0,3.0,3.0,1.0,0.0,9.0,0.0,0.0,0.0,0.0,0.0,0.0,0.0,0.0,0.0,0.0,0.0,0.0,0.0,0.0,0.0,0.0,0.0,0.0,0.0,0.0,0.0,0.0,Kerala,Kollam
kerala,kollam,2020,0.0,0.0,0.0,0.0,0.0,3.0,1.0,0.0,20.0,0.0,0.0,0.0,0.0,0.0,0.0,0.0,0.0,0.0,0.0,0.0,0.0,0.0,0.0,0.0,0.0,0.0,0.0,0.0,0.0,0.0,0.0,Kerala,Kollam
kerala,kollam,2021,0.0,0.0,0.0,0.0,6.0,16.0,3.0,0.0,0.0,0.0,0.0,0.0,0.0,,1.0,0.0,0.0,0.0,0.0,0.0,10.0,0.0,0.0,0.0,0.0,0.0,0.0,0.0,0.0,0.0,18.0,Kerala,Kollam
kerala,kollam,2022,0.0,0.0,3.0,0.0,3.0,5.0,1.0,0.0,1.0,0.0,1.0,0.0,0.0,15.0,0.0,0.0,1.0,0.0,0.0,1.0,0.0,0.0,0.0,0.0,0.0,0.0,0.0,0.0,0.0,0.0,16.0,Kerala,Kollam
kerala,kottayam,2017,0.0,0.0,0.0,0.0,0.0,2.0,0.0,0.0,0.0,0.0,0.0,0.0,0.0,2.0,,,0.0,0.0,0.0,0.0,0.0,,0.0,0.0,0.0,0.0,0.0,,0.0,0.0,0.0,Kerala,Kottayam
kerala,kottayam,2018,,0.0,,,0.0,0.0,1.0,0.0,1.0,0.0,0.0,0.0,0.0,0.0,0.0,0.0,0.0,0.0,0.0,0.0,0.0,0.0,0.0,0.0,0.0,0.0,0.0,0.0,0.0,0.0,0.0,Kerala,Kottayam
kerala,kottayam,2019,,0.0,0.0,0.0,0.0,2.0,0.0,,0.0,0.0,0.0,0.0,0.0,0.0,0.0,0.0,0.0,0.0,0.0,,0.0,0.0,0.0,0.0,0.0,0.0,0.0,0.0,0.0,0.0,0.0,Kerala,Kottayam
kerala,kottayam,2020,0.0,0.0,0.0,0.0,0.0,3.0,1.0,0.0,0.0,0.0,,0.0,0.0,0.0,0.0,0.0,,0.0,0.0,0.0,0.0,0.0,0.0,0.0,0.0,0.0,,0.0,0.0,2.0,2.0,Kerala,Kottayam
kerala,kottayam,2021,,,0.0,0.0,1.0,0.0,0.0,0.0,0.0,0.0,0.0,0.0,0.0,0.0,0.0,0.0,0.0,0.0,0.0,0.0,0.0,0.0,0.0,0.0,0.0,0.0,0.0,0.0,,,0.0,Kerala,Kottayam
kerala,kottayam,2022,0.0,,0.0,0.0,0.0,,0.0,0.0,0.0,0.0,0.0,0.0,0.0,0.0,0.0,0.0,0.0,0.0,,0.0,0.0,1.0,0.0,0.0,0.0,0.0,0.0,0.0,0.0,0.0,,Kerala,Kottayam
kerala,kozhikode,2017,0.0,0.0,1.0,0.0,1.0,3.0,1.0,0.0,0.0,0.0,0.0,0.0,0.0,1.0,3.0,0.0,0.0,0.0,0.0,1.0,0.0,0.0,1.0,0.0,0.0,0.0,0.0,0.0,0.0,0.0,7.0,Kerala,Kozhikode
kerala,kozhikode,2018,1.0,0.0,0.0,0.0,0.0,5.0,2.0,0.0,0.0,0.0,0.0,0.0,0.0,0.0,0.0,0.0,0.0,1.0,2.0,0.0,0.0,1.0,0.0,0.0,1.0,0.0,0.0,0.0,0.0,14.0,1.0,Kerala,Kozhikode
kerala,kozhikode,2019,0.0,0.0,0.0,0.0,2.0,5.0,1.0,1.0,1.0,0.0,0.0,0.0,0.0,1.0,0.0,0.0,0.0,0.0,,0.0,0.0,0.0,0.0,0.0,0.0,0.0,0.0,0.0,0.0,0.0,0.0,Kerala,Kozhikode
kerala,kozhikode,2020,1.0,0.0,0.0,0.0,0.0,1.0,1.0,0.0,0.0,0.0,0.0,0.0,0.0,0.0,0.0,0.0,0.0,1.0,0.0,0.0,0.0,0.0,0.0,0.0,0.0,0.0,0.0,0.0,0.0,6.0,7.0,Kerala,Kozhikode
kerala,kozhikode,2021,0.0,1.0,1.0,0.0,2.0,0.0,1.0,0.0,0.0,0.0,0.0,0.0,0.0,0.0,6.0,0.0,0.0,1.0,1.0,0.0,0.0,8.0,2.0,0.0,0.0,0.0,0.0,1.0,0.0,8.0,27.0,Kerala,Kozhikode
kerala,kozhikode,2022,0.0,0.0,0.0,0.0,2.0,3.0,0.0,0.0,0.0,0.0,0.0,0.0,0.0,0.0,6.0,0.0,0.0,0.0,6.0,0.0,0.0,18.0,13.0,0.0,0.0,0.0,0.0,0.0,0.0,15.0,59.0,Kerala,Kozhikode
kerala,malappuram,2017,0.0,0.0,0.0,0.0,2.0,1.0,3.0,1.0,,0.0,0.0,,0.0,2.0,1.0,,0.0,0.0,0.0,0.0,0.0,0.0,1.0,0.0,0.0,0.0,0.0,,0.0,,3.0,Kerala,Malappuram
kerala,malappuram,2018,0.0,0.0,0.0,,1.0,2.0,1.0,0.0,0.0,0.0,0.0,0.0,0.0,1.0,0.0,0.0,0.0,0.0,0.0,0.0,0.0,0.0,0.0,0.0,0.0,0.0,0.0,0.0,0.0,0.0,0.0,Kerala,Malappuram
kerala,malappuram,2019,0.0,0.0,,1.0,3.0,0.0,1.0,0.0,0.0,0.0,0.0,0.0,0.0,0.0,,0.0,0.0,0.0,0.0,0.0,0.0,0.0,0.0,0.0,,0.0,0.0,0.0,0.0,0.0,,Kerala,Malappuram
kerala,malappuram,2020,0.0,0.0,1.0,,5.0,1.0,1.0,0.0,0.0,0.0,0.0,,0.0,0.0,4.0,0.0,0.0,2.0,0.0,0.0,0.0,0.0,1.0,0.0,0.0,,0.0,1.0,0.0,0.0,8.0,Kerala,Malappuram
kerala,malappuram,2021,,0.0,0.0,0.0,2.0,2.0,0.0,0.0,0.0,0.0,0.0,0.0,0.0,12.0,6.0,0.0,0.0,0.0,0.0,0.0,0.0,,0.0,,0.0,0.0,0.0,0.0,0.0,10.0,18.0,Kerala,Malappuram
kerala,malappuram,2022,0.0,0.0,0.0,0.0,0.0,1.0,1.0,0.0,0.0,0.0,0.0,0.0,,0.0,13.0,1.0,0.0,0.0,0.0,0.0,0.0,4.0,1.0,0.0,0.0,0.0,0.0,0.0,,15.0,34.0,Kerala,Malappuram
kerala,palakkad,2017,0.0,0.0,0.0,0.0,,1.0,0.0,0.0,0.0,,0.0,0.0,0.0,1.0,0.0,0.0,0.0,0.0,0.0,1.0,0.0,,0.0,,0.0,0.0,,,,,10.0,Kerala,Palakkad
kerala,palakkad,2018,0.0,0.0,2.0,,1.0,1.0,1.0,0.0,0.0,0.0,0.0,0.0,0.0,0.0,0.0,0.0,0.0,0.0,0.0,0.0,0.0,0.0,0.0,0.0,0.0,0.0,0.0,,0.0,0.0,0.0,Kerala,Palakkad
kerala,palakkad,2019,0.0,0.0,0.0,0.0,0.0,0.0,0.0,,0.0,,,0.0,0.0,0.0,0.0,0.0,0.0,0.0,0.0,0.0,0.0,4.0,0.0,0.0,0.0,0.0,0.0,0.0,0.0,0.0,4.0,Kerala,Palakkad
kerala,palakkad,2020,0.0,,0.0,0.0,1.0,0.0,1.0,0.0,0.0,0.0,0.0,0.0,0.0,0.0,0.0,0.0,0.0,0.0,0.0,0.0,0.0,0.0,0.0,,0.0,0.0,0.0,0.0,0.0,,0.0,Kerala,Palakkad
kerala,palakkad,2021,0.0,0.0,1.0,0.0,0.0,0.0,,0.0,0.0,0.0,0.0,0.0,0.0,0.0,0.0,0.0,0.0,0.0,,,0.0,6.0,0.0,0.0,0.0,0.0,,0.0,0.0,0.0,6.0,Kerala,Palakkad
kerala,palakkad,2022,0.0,0.0,0.0,0.0,4.0,0.0,1.0,0.0,0.0,0.0,0.0,0.0,,0.0,0.0,0.0,0.0,0.0,0.0,0.0,0.0,44.0,,0.0,,0.0,0.0,0.0,0.0,0.0,44.0,Kerala,Palakkad
kerala,pathanamthitta,2017,0.0,0.0,0.0,,0.0,0.0,4.0,0.0,0.0,0.0,,0.0,0.0,0.0,0.0,0.0,0.0,0.0,0.0,0.0,0.0,0.0,0.0,0.0,0.0,0.0,0.0,0.0,0.0,0.0,0.0,Kerala,Pathanamthitta
kerala,pathanamthitta,2018,0.0,,0.0,,0.0,1.0,2.0,0.0,0.0,0.0,0.0,0.0,0.0,1.0,0.0,0.0,0.0,0.0,0.0,0.0,0.0,0.0,0.0,0.0,0.0,0.0,0.0,0.0,0.0,0.0,,Kerala,Pathanamthitta
kerala,pathanamthitta,2019,,1.0,0.0,0.0,0.0,0.0,1.0,0.0,0.0,0.0,0.0,0.0,0.0,0.0,0.0,0.0,0.0,0.0,0.0,0.0,0.0,0.0,0.0,0.0,0.0,0.0,0.0,0.0,0.0,0.0,0.0,Kerala,Pathanamthitta
kerala,pathanamthitta,2020,0.0,0.0,0.0,0.0,0.0,0.0,,0.0,0.0,0.0,0.0,0.0,0.0,0.0,0.0,0.0,0.0,0.0,0.0,0.0,0.0,0.0,,0.0,0.0,0.0,0.0,0.0,0.0,0.0,0.0,Kerala,Pathanamthitta
kerala,pathanamthitta,2021,0.0,0.0,0.0,0.0,,,0.0,0.0,0.0,0.0,1.0,0.0,0.0,0.0,0.0,0.0,0.0,0.0,0.0,0.0,0.0,0.0,0.0,0.0,0.0,0.0,0.0,0.0,0.0,0.0,0.0,Kerala,Pathanamthitta
kerala,thiruvananthapuram,2017,2.0,0.0,10.0,1.0,8.0,25.0,5.0,0.0,0.0,0.0,2.0,0.0,0.0,1.0,2.0,0.0,0.0,7.0,6.0,4.0,0.0,7.0,1.0,0.0,0.0,0.0,0.0,3.0,8.0,4.0,42.0,Kerala,Thiruvananthapuram
kerala,thiruvananthapuram,2018,3.0,0.0,10.0,2.0,7.0,29.0,12.0,0.0,0.0,0.0,0.0,0.0,0.0,5.0,4.0,0.0,0.0,2.0,1.0,2.0,0.0,0.0,0.0,0.0,0.0,0.0,0.0,5.0,0.0,0.0,15.0,Kerala,Thiruvananthapuram
kerala,thiruvananthapuram,2019,0.0,0.0,9.0,2.0,4.0,12.0,3.0,0.0,0.0,0.0,0.0,0.0,0.0,10.0,0.0,0.0,4.0,0.0,6.0,0.0,0.0,0.0,0.0,0.0,1.0,0.0,0.0,1.0,12.0,2.0,33.0,Kerala,Thiruvananthapuram
kerala,thiruvananthapuram,2020,2.0,0.0,9.0,0.0,10.0,48.0,6.0,1.0,0.0,0.0,0.0,0.0,0.0,6.0,1.0,0.0,0.0,0.0,0.0,0.0,0.0,1.0,2.0,0.0,0.0,0.0,0.0,0.0,0.0,3.0,7.0,Kerala,Thiruvananthapuram
kerala,thiruvananthapuram,2021,1.0,0.0,7.0,0.0,9.0,62.0,2.0,0.0,1.0,0.0,0.0,0.0,0.0,2.0,0.0,1.0,0.0,0.0,0.0,0.0,0.0,0.0,0.0,0.0,0.0,0.0,0.0,0.0,0.0,3.0,5.0,Kerala,Thiruvananthapuram
kerala,thiruvananthapuram,2022,0.0,0.0,0.0,0.0,0.0,16.0,0.0,0.0,0.0,0.0,0.0,0.0,0.0,0.0,0.0,0.0,0.0,0.0,0.0,0.0,0.0,0.0,0.0,0.0,0.0,0.0,0.0,0.0,0.0,1.0,1.0,Kerala,Thiruvananthapuram
kerala,thrissur,2017,2.0,0.0,1.0,0.0,2.0,1.0,2.0,0.0,1.0,0.0,0.0,0.0,0.0,1.0,2.0,0.0,0.0,0.0,0.0,0.0,0.0,1.0,0.0,0.0,1.0,0.0,0.0,5.0,0.0,2.0,4.0,Kerala,Thrissur
kerala,thrissur,2018,0.0,0.0,0.0,0.0,0.0,0.0,0.0,0.0,0.0,0.0,,0.0,0.0,3.0,0.0,0.0,0.0,0.0,0.0,0.0,0.0,0.0,0.0,0.0,0.0,0.0,0.0,1.0,0.0,0.0,1.0,Kerala,Thrissur
kerala,thrissur,2019,,0.0,0.0,0.0,1.0,3.0,0.0,0.0,1.0,0.0,0.0,0.0,0.0,,0.0,0.0,0.0,0.0,,0.0,0.0,0.0,0.0,0.0,0.0,0.0,0.0,,1.0,0.0,1.0,Kerala,Thrissur
kerala,thrissur,2020,0.0,0.0,1.0,0.0,1.0,3.0,3.0,0.0,0.0,0.0,0.0,0.0,0.0,0.0,2.0,0.0,0.0,0.0,0.0,0.0,0.0,1.0,0.0,0.0,0.0,0.0,0.0,0.0,0.0,1.0,4.0,Kerala,Thrissur
kerala,thrissur,2021,0.0,3.0,0.0,1.0,4.0,15.0,1.0,0.0,0.0,0.0,0.0,0.0,0.0,0.0,0.0,0.0,0.0,0.0,0.0,0.0,0.0,10.0,0.0,0.0,0.0,0.0,0.0,7.0,0.0,1.0,18.0,Kerala,Thrissur
kerala,thrissur,2022,0.0,,0.0,0.0,1.0,0.0,0.0,0.0,,0.0,0.0,0.0,0.0,0.0,0.0,0.0,,0.0,,0.0,,16.0,,0.0,,0.0,0.0,0.0,0.0,,24.0,Kerala,Thrissur
kerala,wayanad,2017,1.0,0.0,0.0,,0.0,,0.0,0.0,0.0,0.0,0.0,0.0,0.0,0.0,0.0,0.0,0.0,0.0,0.0,0.0,0.0,0.0,0.0,0.0,0.0,0.0,0.0,0.0,0.0,0.0,0.0,Kerala,Wayanad
kerala,wayanad,2018,0.0,0.0,0.0,0.0,0.0,0.0,0.0,0.0,0.0,0.0,0.0,0.0,0.0,3.0,0.0,0.0,0.0,0.0,0.0,0.0,0.0,0.0,0.0,0.0,0.0,0.0,0.0,0.0,0.0,0.0,0.0,Kerala,Wayanad
kerala,wayanad,2019,0.0,0.0,0.0,0.0,0.0,,1.0,0.0,2.0,0.0,0.0,0.0,0.0,0.0,0.0,0.0,,0.0,0.0,0.0,1.0,0.0,0.0,0.0,0.0,0.0,0.0,,0.0,0.0,1.0,Kerala,Wayanad
kerala,wayanad,2020,1.0,1.0,0.0,0.0,0.0,0.0,0.0,,0.0,0.0,0.0,,0.0,1.0,1.0,0.0,0.0,0.0,0.0,0.0,,,0.0,0.0,0.0,0.0,0.0,,0.0,0.0,2.0,Kerala,Wayanad
kerala,wayanad,2021,1.0,,0.0,0.0,0.0,0.0,0.0,0.0,1.0,0.0,0.0,0.0,0.0,1.0,0.0,0.0,0.0,0.0,0.0,0.0,0.0,0.0,0.0,0.0,0.0,0.0,,0.0,0.0,,0.0,Kerala,Wayanad
kerala,wayanad,2022,0.0,0.0,1.0,0.0,,9.0,1.0,,,0.0,0.0,0.0,0.0,0.0,0.0,0.0,0.0,0.0,0.0,0.0,,0.0,0.0,,,0.0,0.0,0.0,0.0,,12.0,Kerala,Wayanad
ladakh,kargil,2017,0.0,0.0,,0.0,0.0,,,0.0,0.0,0.0,0.0,0.0,0.0,0.0,0.0,0.0,0.0,0.0,0.0,0.0,0.0,0.0,0.0,,0.0,,0.0,0.0,0.0,0.0,,Ladakh,Kargil
ladakh,kargil,2018,0.0,0.0,0.0,,0.0,0.0,,0.0,0.0,0.0,0.0,,0.0,0.0,0.0,0.0,0.0,0.0,0.0,0.0,0.0,0.0,0.0,0.0,0.0,0.0,0.0,0.0,0.0,0.0,0.0,Ladakh,Kargil
ladakh,kargil,2019,0.0,0.0,0.0,0.0,,0.0,0.0,0.0,0.0,,0.0,0.0,0.0,0.0,0.0,0.0,0.0,0.0,,0.0,0.0,0.0,,,0.0,0.0,0.0,0.0,0.0,0.0,0.0,Ladakh,Kargil
ladakh,kargil,2020,0.0,0.0,0.0,0.0,,,0.0,0.0,0.0,0.0,0.0,0.0,0.0,0.0,0.0,,0.0,0.0,0.0,,0.0,0.0,0.0,0.0,0.0,0.0,,0.0,0.0,0.0,0.0,Ladakh,Kargil
ladakh,kargil,2021,0.0,0.0,,0.0,0.0,0.0,0.0,0.0,0.0,0.0,0.0,0.0,0.0,0.0,,0.0,0.0,0.0,,0.0,0.0,5.0,0.0,0.0,0.0,0.0,0.0,0.0,0.0,0.0,5.0,Ladakh,Kargil
ladakh,kargil,2022,0.0,0.0,0.0,,0.0,,0.0,0.0,0.0,0.0,0.0,0.0,0.0,3.0,0.0,0.0,0.0,0.0,0.0,0.0,0.0,0.0,0.0,,0.0,0.0,,0.0,0.0,0.0,0.0,Ladakh,Kargil
ladakh,leh ladakh,2017,0.0,0.0,,0.0,0.0,0.0,0.0,0.0,0.0,0.0,,0.0,0.0,0.0,0.0,0.0,0.0,0.0,0.0,0.0,0.0,0.0,0.0,0.0,0.0,0.0,0.0,0.0,0.0,0.0,0.0,Ladakh,Leh Ladakh
ladakh,leh ladakh,2018,,,0.0,0.0,0.0,,0.0,0.0,0.0,0.0,0.0,0.0,0.0,0.0,0.0,0.0,0.0,0.0,0.0,0.0,0.0,0.0,0.0,0.0,0.0,0.0,0.0,,0.0,0.0,0.0,Ladakh,Leh Ladakh
ladakh,leh ladakh,2019,0.0,0.0,0.0,,,0.0,0.0,,0.0,0.0,0.0,0.0,0.0,,0.0,0.0,0.0,0.0,0.0,0.0,0.0,0.0,0.0,0.0,0.0,0.0,0.0,0.0,0.0,0.0,0.0,Ladakh,Leh Ladakh
ladakh,leh ladakh,2020,0.0,0.0,0.0,0.0,0.0,0.0,0.0,0.0,0.0,0.0,,,0.0,0.0,0.0,,,0.0,0.0,0.0,0.0,0.0,0.0,,0.0,0.0,0.0,0.0,0.0,0.0,0.0,Ladakh,Leh Ladakh
ladakh,leh ladakh,2021,0.0,0.0,0.0,0.0,0.0,0.0,0.0,,0.0,0.0,0.0,0.0,0.0,0.0,0.0,,0.0,0.0,0.0,0.0,,0.0,0.0,0.0,0.0,0.0,0.0,0.0,0.0,0.0,0.0,Ladakh,Leh Ladakh
ladakh,leh ladakh,2022,0.0,0.0,0.0,0.0,0.0,0.0,0.0,0.0,0.0,0.0,0.0,0.0,0.0,0.0,,0.0,0.0,0.0,0.0,0.0,0.0,,0.0,0.0,0.0,0.0,0.0,0.0,0.0,0.0,0.0,Ladakh,Leh Ladakh
lakshadweep,lakshadweep district,2017,0.0,,0.0,0.0,,0.0,,0.0,0.0,0.0,0.0,0.0,0.0,0.0,0.0,0.0,0.0,0.0,0.0,0.0,0.0,0.0,0.0,0.0,0.0,0.0,0.0,0.0,0.0,,0.0,Lakshadweep,Lakshadweep District
lakshadweep,lakshadweep district,2018,,0.0,0.0,0.0,0.0,0.0,,0.0,0.0,0.0,0.0,0.0,0.0,0.0,0.0,0.0,0.0,1.0,0.0,0.0,1.0,,0.0,0.0,0.0,0.0,,,0.0,,2.0,Lakshadweep,Lakshadweep District
lakshadweep,lakshadweep district,2019,0.0,0.0,,,1.0,0.0,0.0,0.0,0.0,0.0,0.0,0.0,,0.0,0.0,0.0,,0.0,0.0,0.0,0.0,0.0,0.0,0.0,0.0,,0.0,0.0,0.0,0.0,0.0,Lakshadweep,Lakshadweep District
lakshadweep,lakshadweep district,2020,0.0,0.0,0.0,0.0,0.0,0.0,0.0,0.0,0.0,0.0,0.0,0.0,0.0,0.0,,0.0,0.0,0.0,0.0,0.0,0.0,0.0,0.0,0.0,0.0,0.0,0.0,0.0,0.0,,1.0,Lakshadweep,Lakshadweep District
lakshadweep,lakshadweep district,2021,0.0,0.0,0.0,0.0,,1.0,0.0,0.0,0.0,,0.0,,0.0,0.0,0.0,0.0,0.0,0.0,,0.0,0.0,0.0,0.0,0.0,0.0,0.0,0.0,0.0,0.0,0.0,0.0,Lakshadweep,Lakshadweep District
lakshadweep,lakshadweep district,2022,0.0,0.0,0.0,,1.0,0.0,0.0,0.0,0.0,0.0,0.0,,0.0,0.0,0.0,0.0,0.0,,0.0,0.0,,0.0,0.0,,0.0,0.0,,0.0,,0.0,0.0,Lakshadweep,Lakshadweep District
madhya pradesh,agar-malwa,2017,0.0,0.0,,0.0,,,0.0,0.0,0.0,0.0,0.0,0.0,,0.0,,0.0,0.0,0.0,0.0,0.0,0.0,0.0,0.0,0.0,0.0,0.0,0.0,0.0,0.0,0.0,0.0,Madhya Pradesh,Agar-Malwa
madhya pradesh,agar-malwa,2018,0.0,0.0,0.0,0.0,0.0,0.0,0.0,0.0,0.0,0.0,0.0,0.0,0.0,0.0,0.0,0.0,0.0,0.0,,0.0,0.0,0.0,0.0,,0.0,0.0,0.0,0.0,0.0,0.0,0.0,Madhya Pradesh,Agar-Malwa
madhya pradesh,agar-malwa,2019,0.0,0.0,,0.0,0.0,0.0,0.0,0.0,0.0,0.0,0.0,0.0,0.0,0.0,0.0,0.0,0.0,0.0,,0.0,0.0,0.0,0.0,0.0,0.0,0.0,,0.0,0.0,0.0,0.0,Madhya Pradesh,Agar-Malwa
madhya pradesh,agar-malwa,2020,1.0,0.0,0.0,0.0,0.0,0.0,0.0,0.0,0.0,0.0,0.0,0.0,0.0,0.0,0.0,0.0,0.0,0.0,0.0,0.0,0.0,0.0,,0.0,0.0,0.0,0.0,0.0,0.0,0.0,0.0,Madhya Pradesh,Agar-Malwa
madhya pradesh,agar-malwa,2021,0.0,0.0,0.0,0.0,0.0,0.0,0.0,0.0,0.0,0.0,0.0,0.0,0.0,0.0,0.0,0.0,0.0,0.0,0.0,0.0,,0.0,0.0,0.0,0.0,,0.0,0.0,,0.0,0.0,Madhya Pradesh,Agar-Malwa
madhya pradesh,agar-malwa,2022,0.0,0.0,0.0,0.0,0.0,0.0,0.0,0.0,0.0,0.0,0.0,0.0,0.0,,0.0,0.0,0.0,0.0,0.0,0.0,0.0,0.0,0.0,0.0,0.0,0.0,0.0,0.0,0.0,0.0,0.0,Madhya Pradesh,Agar-Malwa
madhya pradesh,alirajpur,2017,0.0,0.0,,0.0,0.0,0.0,0.0,0.0,0.0,0.0,0.0,0.0,0.0,0.0,0.0,0.0,0.0,0.0,0.0,0.0,0.0,0.0,0.0,,0.0,0.0,0.0,0.0,1.0,0.0,1.0,Madhya Pradesh,Alirajpur
madhya pradesh,alirajpur,2018,0.0,0.0,0.0,0.0,0.0,0.0,0.0,0.0,0.0,0.0,0.0,0.0,0.0,0.0,0.0,,0.0,0.0,0.0,0.0,0.0,0.0,0.0,0.0,0.0,0.0,0.0,0.0,0.0,2.0,2.0,Madhya Pradesh,Alirajpur
madhya pradesh,alirajpur,2019,0.0,0.0,0.0,0.0,0.0,0.0,0.0,0.0,0.0,,0.0,0.0,0.0,,0.0,0.0,0.0,0.0,0.0,0.0,0.0,0.0,0.0,,0.0,0.0,0.0,0.0,0.0,0.0,0.0,Madhya Pradesh,Alirajpur
madhya pradesh,alirajpur,2020,0.0,0.0,0.0,0.0,,0.0,0.0,0.0,0.0,,0.0,0.0,0.0,0.0,0.0,0.0,0.0,0.0,0.0,0.0,0.0,0.0,0.0,0.0,0.0,0.0,0.0,,0.0,0.0,0.0,Madhya Pradesh,Alirajpur
madhya pradesh,alirajpur,2021,0.0,0.0,0.0,0.0,0.0,,0.0,0.0,,0.0,0.0,0.0,0.0,0.0,0.0,0.0,0.0,0.0,0.0,0.0,0.0,0.0,0.0,0.0,0.0,0.0,,0.0,0.0,0.0,0.0,Madhya Pradesh,Alirajpur
madhya pradesh,alirajpur,2022,0.0,0.0,0.0,0.0,0.0,0.0,0.0,0.0,0.0,0.0,0.0,0.0,0.0,0.0,0.0,0.0,0.0,0.0,0.0,0.0,0.0,0.0,0.0,0.0,0.0,0.0,0.0,0.0,,0.0,,Madhya Pradesh,Alirajpur
madhya pradesh,anuppur,2017,0.0,0.0,0.0,0.0,0.0,0.0,,0.0,0.0,0.0,0.0,0.0,0.0,0.0,0.0,0.0,0.0,0.0,0.0,0.0,0.0,,0.0,0.0,0.0,0.0,0.0,0.0,0.0,2.0,5.0,Madhya Pradesh,Anuppur
madhya pradesh,anuppur,2019,,0.0,0.0,0.0,,0.0,0.0,0.0,0.0,0.0,0.0,0.0,0.0,0.0,0.0,0.0,,0.0,0.0,0.0,0.0,0.0,1.0,,0.0,0.0,0.0,0.0,0.0,3.0,4.0,Madhya Pradesh,Anuppur
madhya pradesh,anuppur,2020,0.0,0.0,0.0,0.0,0.0,0.0,,0.0,0.0,0.0,0.0,0.0,0.0,0.0,1.0,0.0,,1.0,0.0,0.0,6.0,0.0,2.0,0.0,0.0,,,1.0,,8.0,19.0,Madhya Pradesh,Anuppur
madhya pradesh,anuppur,2021,0.0,0.0,0.0,0.0,0.0,0.0,0.0,0.0,0.0,0.0,0.0,0.0,0.0,0.0,3.0,,0.0,0.0,0.0,0.0,1.0,0.0,,0.0,,0.0,0.0,,0.0,2.0,7.0,Madhya Pradesh,Anuppur
madhya pradesh,anuppur,2022,0.0,0.0,0.0,0.0,,0.0,0.0,0.0,0.0,0.0,0.0,0.0,0.0,,0.0,,0.0,0.0,0.0,,,,0.0,0.0,0.0,,0.0,1.0,0.0,3.0,7.0,Madhya Pradesh,Anuppur
madhya pradesh,ashoknagar,2017,0.0,0.0,0.0,0.0,0.0,,0.0,0.0,0.0,0.0,,0.0,0.0,0.0,,,0.0,0.0,0.0,0.0,0.0,0.0,0.0,0.0,0.0,0.0,0.0,0.0,0.0,0.0,0.0,Madhya Pradesh,Ashoknagar
madhya pradesh,ashoknagar,2018,0.0,0.0,0.0,0.0,0.0,0.0,0.0,,0.0,0.0,,0.0,0.0,0.0,0.0,0.0,0.0,0.0,0.0,0.0,0.0,,0.0,0.0,0.0,0.0,0.0,0.0,0.0,0.0,0.0,Madhya Pradesh,Ashoknagar
madhya pradesh,ashoknagar,2019,0.0,0.0,0.0,0.0,1.0,0.0,0.0,0.0,0.0,0.0,0.0,0.0,0.0,0.0,0.0,0.0,0.0,0.0,0.0,,0.0,0.0,0.0,,0.0,,,0.0,0.0,0.0,0.0,Madhya Pradesh,Ashoknagar
madhya pradesh,ashoknagar,2020,0.0,0.0,0.0,0.0,0.0,0.0,0.0,0.0,,0.0,0.0,0.0,,,0.0,0.0,,0.0,0.0,0.0,0.0,,0.0,,0.0,0.0,0.0,0.0,,0.0,,Madhya Pradesh,Ashoknagar
madhya pradesh,ashoknagar,2021,0.0,0.0,0.0,,0.0,0.0,,0.0,0.0,0.0,0.0,0.0,0.0,0.0,0.0,0.0,0.0,,0.0,0.0,0.0,0.0,0.0,0.0,0.0,0.0,0.0,,0.0,0.0,0.0,Madhya Pradesh,Ashoknagar
madhya pradesh,ashoknagar,2022,0.0,0.0,0.0,0.0,0.0,0.0,0.0,0.0,0.0,0.0,,0.0,0.0,0.0,0.0,0.0,0.0,0.0,0.0,0.0,0.0,0.0,0.0,,0.0,0.0,0.0,0.0,0.0,0.0,0.0,Madhya Pradesh,Ashoknagar
madhya pradesh,balaghat,2017,0.0,,,0.0,0.0,0.0,0.0,0.0,,0.0,0.0,0.0,0.0,0.0,0.0,0.0,0.0,0.0,0.0,0.0,0.0,0.0,0.0,,0.0,0.0,,0.0,,,0.0,Madhya Pradesh,Balaghat
madhya pradesh,balaghat,2018,0.0,0.0,0.0,,0.0,0.0,,0.0,0.0,0.0,0.0,0.0,0.0,0.0,0.0,,,0.0,,0.0,0.0,0.0,0.0,0.0,0.0,,0.0,0.0,0.0,0.0,0.0,Madhya Pradesh,Balaghat
madhya pradesh,balaghat,2019,0.0,0.0,0.0,0.0,0.0,0.0,0.0,0.0,0.0,0.0,,0.0,0.0,0.0,0.0,0.0,0.0,0.0,0.0,0.0,,0.0,,0.0,,,0.0,0.0,0.0,0.0,0.0,Madhya Pradesh,Balaghat
madhya pradesh,balaghat,2020,0.0,0.0,0.0,0.0,2.0,0.0,0.0,,0.0,0.0,0.0,0.0,0.0,0.0,0.0,0.0,0.0,0.0,0.0,0.0,7.0,0.0,0.0,,0.0,0.0,0.0,,0.0,9.0,16.0,Madhya Pradesh,Balaghat
madhya pradesh,balaghat,2021,0.0,0.0,0.0,0.0,0.0,0.0,0.0,,0.0,0.0,0.0,0.0,0.0,0.0,0.0,0.0,0.0,,0.0,0.0,0.0,0.0,0.0,0.0,0.0,,,0.0,0.0,0.0,0.0,Madhya Pradesh,Balaghat
madhya pradesh,balaghat,2022,,0.0,0.0,0.0,0.0,0.0,0.0,0.0,0.0,0.0,0.0,0.0,0.0,0.0,0.0,0.0,0.0,0.0,0.0,,4.0,0.0,0.0,0.0,0.0,0.0,0.0,,0.0,0.0,4.0,Madhya Pradesh,Balaghat
madhya pradesh,barwani,2017,0.0,0.0,0.0,0.0,0.0,0.0,0.0,0.0,0.0,0.0,0.0,0.0,0.0,0.0,0.0,0.0,,0.0,0.0,0.0,0.0,0.0,0.0,0.0,0.0,0.0,,0.0,0.0,2.0,2.0,Madhya Pradesh,Barwani
madhya pradesh,barwani,2018,0.0,0.0,,0.0,0.0,0.0,0.0,0.0,,0.0,0.0,0.0,0.0,0.0,,1.0,0.0,,0.0,0.0,1.0,0.0,0.0,,0.0,0.0,0.0,1.0,0.0,6.0,11.0,Madhya Pradesh,Barwani
madhya pradesh,barwani,2019,0.0,0.0,0.0,0.0,0.0,0.0,0.0,0.0,,0.0,0.0,0.0,,0.0,,0.0,0.0,1.0,0.0,0.0,0.0,0.0,0.0,,0.0,0.0,0.0,,1.0,0.0,2.0,Madhya Pradesh,Barwani
madhya pradesh,barwani,2020,0.0,0.0,0.0,1.0,0.0,0.0,0.0,0.0,0.0,0.0,0.0,0.0,0.0,0.0,0.0,0.0,0.0,0.0,0.0,0.0,0.0,0.0,,0.0,,0.0,0.0,0.0,0.0,0.0,0.0,Madhya Pradesh,Barwani
madhya pradesh,barwani,2021,0.0,0.0,0.0,,0.0,0.0,0.0,0.0,0.0,0.0,0.0,0.0,0.0,0.0,0.0,0.0,0.0,0.0,0.0,0.0,0.0,0.0,0.0,0.0,0.0,0.0,0.0,0.0,0.0,0.0,0.0,Madhya Pradesh,Barwani
madhya pradesh,barwani,2022,0.0,0.0,0.0,0.0,0.0,0.0,0.0,0.0,0.0,0.0,0.0,0.0,,0.0,0.0,0.0,,0.0,0.0,,0.0,0.0,0.0,0.0,0.0,,0.0,0.0,0.0,0.0,0.0,Madhya Pradesh,Barwani
madhya pradesh,betul,2017,0.0,0.0,,0.0,0.0,,0.0,0.0,0.0,0.0,0.0,0.0,0.0,0.0,0.0,0.0,0.0,0.0,0.0,0.0,0.0,0.0,0.0,0.0,0.0,0.0,0.0,0.0,0.0,0.0,0.0,Madhya Pradesh,Betul
madhya pradesh,betul,2018,0.0,0.0,0.0,,0.0,0.0,0.0,,0.0,0.0,0.0,0.0,,2.0,0.0,0.0,0.0,0.0,0.0,0.0,0.0,0.0,0.0,0.0,0.0,0.0,0.0,0.0,,,0.0,Madhya Pradesh,Betul
madhya pradesh,betul,2019,0.0,0.0,0.0,1.0,0.0,0.0,0.0,0.0,0.0,0.0,0.0,0.0,0.0,0.0,0.0,0.0,0.0,,0.0,0.0,0.0,,0.0,0.0,0.0,0.0,0.0,0.0,0.0,0.0,0.0,Madhya Pradesh,Betul
madhya pradesh,betul,2020,0.0,0.0,0.0,,0.0,0.0,0.0,0.0,0.0,0.0,0.0,0.0,,0.0,0.0,,0.0,0.0,0.0,,0.0,0.0,0.0,0.0,0.0,,0.0,0.0,0.0,0.0,0.0,Madhya Pradesh,Betul
madhya pradesh,betul,2021,0.0,0.0,0.0,0.0,0.0,0.0,0.0,0.0,0.0,0.0,0.0,0.0,0.0,0.0,,0.0,0.0,0.0,0.0,,0.0,7.0,0.0,0.0,0.0,0.0,,2.0,,0.0,12.0,Madhya Pradesh,Betul
madhya pradesh,betul,2022,0.0,0.0,0.0,0.0,0.0,,0.0,0.0,0.0,0.0,0.0,,0.0,0.0,1.0,,0.0,0.0,0.0,0.0,0.0,0.0,0.0,0.0,0.0,0.0,0.0,0.0,0.0,0.0,2.0,Madhya Pradesh,Betul
madhya pradesh,bhind,2017,0.0,0.0,0.0,0.0,0.0,0.0,0.0,0.0,,0.0,0.0,0.0,0.0,0.0,0.0,0.0,0.0,0.0,0.0,0.0,0.0,0.0,0.0,0.0,0.0,0.0,0.0,0.0,0.0,0.0,0.0,Madhya Pradesh,Bhind
madhya pradesh,bhind,2018,0.0,,0.0,0.0,,0.0,0.0,0.0,0.0,0.0,0.0,0.0,0.0,0.0,0.0,0.0,,0.0,0.0,0.0,0.0,0.0,0.0,,0.0,0.0,,0.0,0.0,0.0,0.0,Madhya Pradesh,Bhind
madhya pradesh,bhind,2019,0.0,,0.0,0.0,0.0,0.0,0.0,0.0,,0.0,0.0,,0.0,0.0,0.0,0.0,0.0,0.0,0.0,0.0,0.0,0.0,0.0,0.0,,0.0,0.0,0.0,0.0,0.0,0.0,Madhya Pradesh,Bhind
madhya pradesh,bhind,2020,,0.0,0.0,0.0,0.0,0.0,0.0,0.0,0.0,0.0,0.0,0.0,0.0,0.0,0.0,,0.0,0.0,0.0,0.0,0.0,0.0,0.0,0.0,0.0,0.0,0.0,0.0,0.0,,0.0,Madhya Pradesh,Bhind
madhya pradesh,bhind,2021,0.0,0.0,0.0,0.0,0.0,0.0,0.0,0.0,0.0,0.0,0.0,0.0,0.0,0.0,1.0,0.0,0.0,0.0,0.0,0.0,6.0,0.0,,,0.0,0.0,0.0,0.0,0.0,5.0,12.0,Madhya Pradesh,Bhind
madhya pradesh,bhind,2022,0.0,0.0,0.0,0.0,0.0,0.0,0.0,0.0,0.0,0.0,0.0,0.0,0.0,,0.0,0.0,0.0,0.0,0.0,,0.0,0.0,0.0,0.0,0.0,0.0,0.0,0.0,0.0,13.0,,Madhya Pradesh,Bhind
madhya pradesh,bhopal,2017,0.0,0.0,3.0,0.0,1.0,0.0,2.0,0.0,1.0,0.0,0.0,0.0,0.0,1.0,0.0,0.0,0.0,0.0,0.0,0.0,0.0,0.0,0.0,0.0,0.0,0.0,0.0,0.0,6.0,0.0,0.0,Madhya Pradesh,Bhopal
madhya pradesh,bhopal,2018,0.0,0.0,0.0,0.0,0.0,0.0,0.0,0.0,0.0,0.0,0.0,0.0,0.0,,3.0,0.0,0.0,0.0,0.0,0.0,0.0,2.0,1.0,0.0,0.0,0.0,0.0,4.0,0.0,5.0,15.0,Madhya Pradesh,Bhopal
madhya pradesh,bhopal,2019,0.0,0.0,0.0,0.0,2.0,1.0,0.0,0.0,1.0,0.0,0.0,0.0,0.0,0.0,5.0,0.0,0.0,0.0,0.0,0.0,0.0,3.0,,1.0,0.0,0.0,0.0,0.0,0.0,6.0,15.0,Madhya Pradesh,Bhopal
madhya pradesh,bhopal,2020,0.0,0.0,0.0,0.0,0.0,0.0,0.0,0.0,0.0,0.0,0.0,0.0,0.0,0.0,0.0,0.0,0.0,0.0,0.0,0.0,0.0,6.0,0.0,1.0,0.0,0.0,0.0,0.0,0.0,2.0,9.0,Madhya Pradesh,Bhopal
madhya pradesh,bhopal,2021,0.0,0.0,0.0,0.0,0.0,0.0,0.0,0.0,0.0,0.0,0.0,0.0,0.0,0.0,0.0,0.0,0.0,0.0,0.0,0.0,0.0,0.0,0.0,0.0,0.0,0.0,0.0,0.0,0.0,6.0,6.0,Madhya Pradesh,Bhopal
madhya pradesh,bhopal,2022,0.0,0.0,0.0,2.0,11.0,4.0,2.0,0.0,0.0,0.0,0.0,0.0,0.0,0.0,16.0,0.0,0.0,0.0,36.0,80.0,0.0,55.0,0.0,0.0,0.0,0.0,0.0,0.0,0.0,12.0,199.0,Madhya Pradesh,Bhopal
madhya pradesh,burhanpur,2017,0.0,0.0,0.0,0.0,0.0,0.0,0.0,,0.0,0.0,0.0,0.0,0.0,0.0,0.0,0.0,0.0,,0.0,0.0,0.0,0.0,0.0,0.0,0.0,,,0.0,0.0,0.0,0.0,Madhya Pradesh,Burhanpur
madhya pradesh,burhanpur,2018,0.0,0.0,0.0,0.0,0.0,2.0,,0.0,0.0,0.0,0.0,0.0,,0.0,0.0,0.0,,0.0,0.0,0.0,0.0,0.0,0.0,0.0,0.0,0.0,,0.0,0.0,0.0,0.0,Madhya Pradesh,Burhanpur
madhya pradesh,burhanpur,2020,0.0,0.0,0.0,0.0,0.0,0.0,0.0,0.0,0.0,0.0,0.0,0.0,0.0,0.0,0.0,0.0,0.0,0.0,0.0,0.0,0.0,0.0,,0.0,0.0,,0.0,0.0,0.0,,5.0,Madhya Pradesh,Burhanpur
madhya pradesh,burhanpur,2021,0.0,0.0,0.0,0.0,0.0,0.0,0.0,0.0,0.0,0.0,0.0,,0.0,0.0,,0.0,1.0,0.0,0.0,0.0,2.0,0.0,0.0,1.0,0.0,0.0,0.0,1.0,0.0,6.0,12.0,Madhya Pradesh,Burhanpur
madhya pradesh,burhanpur,2022,0.0,,0.0,0.0,0.0,0.0,0.0,0.0,0.0,0.0,0.0,0.0,0.0,4.0,0.0,0.0,0.0,0.0,0.0,0.0,0.0,0.0,0.0,0.0,0.0,0.0,0.0,1.0,0.0,0.0,1.0,Madhya Pradesh,Burhanpur
madhya pradesh,chhatarpur,2017,0.0,0.0,0.0,0.0,0.0,0.0,0.0,0.0,,0.0,0.0,0.0,0.0,,,0.0,0.0,0.0,0.0,0.0,0.0,1.0,0.0,0.0,0.0,0.0,0.0,0.0,2.0,0.0,3.0,Madhya Pradesh,Chhatarpur
madhya pradesh,chhatarpur,2018,0.0,0.0,0.0,0.0,0.0,0.0,0.0,0.0,,0.0,0.0,0.0,0.0,0.0,0.0,0.0,0.0,0.0,,0.0,,2.0,0.0,0.0,0.0,,0.0,0.0,,0.0,3.0,Madhya Pradesh,Chhatarpur
madhya pradesh,chhatarpur,2019,0.0,0.0,0.0,0.0,0.0,4.0,1.0,0.0,0.0,0.0,0.0,0.0,0.0,0.0,0.0,0.0,0.0,0.0,0.0,0.0,0.0,0.0,0.0,0.0,0.0,0.0,0.0,0.0,0.0,0.0,0.0,Madhya Pradesh,Chhatarpur
madhya pradesh,chhatarpur,2020,0.0,0.0,0.0,0.0,0.0,0.0,0.0,0.0,0.0,,0.0,0.0,0.0,0.0,0.0,0.0,,0.0,0.0,0.0,,0.0,0.0,0.0,0.0,0.0,0.0,0.0,0.0,0.0,0.0,Madhya Pradesh,Chhatarpur
madhya pradesh,chhatarpur,2021,0.0,0.0,0.0,0.0,0.0,0.0,2.0,0.0,,0.0,0.0,,0.0,0.0,0.0,0.0,,0.0,0.0,,0.0,0.0,0.0,,0.0,0.0,0.0,1.0,0.0,0.0,1.0,Madhya Pradesh,Chhatarpur
madhya pradesh,chhatarpur,2022,0.0,,0.0,0.0,0.0,0.0,1.0,0.0,0.0,0.0,0.0,0.0,0.0,0.0,0.0,0.0,0.0,0.0,0.0,0.0,0.0,0.0,0.0,,0.0,0.0,0.0,0.0,0.0,0.0,0.0,Madhya Pradesh,Chhatarpur
madhya pradesh,chhindwara,2017,,0.0,0.0,0.0,0.0,,,0.0,0.0,0.0,0.0,0.0,0.0,,,0.0,0.0,,0.0,0.0,0.0,0.0,0.0,0.0,0.0,0.0,0.0,0.0,0.0,0.0,0.0,Madhya Pradesh,Chhindwara
madhya pradesh,chhindwara,2018,0.0,0.0,,0.0,,0.0,0.0,0.0,0.0,0.0,0.0,0.0,0.0,0.0,,0.0,,0.0,0.0,0.0,0.0,0.0,,0.0,0.0,0.0,0.0,0.0,0.0,0.0,0.0,Madhya Pradesh,Chhindwara
madhya pradesh,chhindwara,2019,0.0,0.0,0.0,0.0,0.0,0.0,0.0,0.0,0.0,,0.0,0.0,0.0,0.0,0.0,,,0.0,0.0,0.0,0.0,0.0,0.0,,,,0.0,,0.0,0.0,0.0,Madhya Pradesh,Chhindwara
madhya pradesh,chhindwara,2020,0.0,0.0,0.0,0.0,0.0,0.0,0.0,0.0,0.0,0.0,0.0,0.0,0.0,0.0,0.0,0.0,0.0,0.0,0.0,0.0,0.0,,0.0,,,0.0,0.0,0.0,0.0,,0.0,Madhya Pradesh,Chhindwara
madhya pradesh,chhindwara,2021,0.0,0.0,0.0,0.0,0.0,0.0,0.0,0.0,0.0,0.0,0.0,0.0,0.0,0.0,0.0,,0.0,0.0,0.0,0.0,0.0,0.0,0.0,0.0,,0.0,0.0,0.0,0.0,0.0,0.0,Madhya Pradesh,Chhindwara
madhya pradesh,cyber crime cell,2017,0.0,4.0,0.0,1.0,30.0,62.0,1.0,0.0,1.0,0.0,0.0,0.0,0.0,0.0,0.0,0.0,0.0,0.0,0.0,0.0,0.0,0.0,0.0,0.0,0.0,0.0,0.0,0.0,0.0,0.0,0.0,Madhya Pradesh,Cyber Crime Cell
madhya pradesh,cyber crime cell,2018,0.0,9.0,,0.0,89.0,120.0,1.0,0.0,0.0,,0.0,0.0,,2.0,0.0,0.0,0.0,0.0,0.0,0.0,0.0,,0.0,0.0,0.0,0.0,0.0,0.0,0.0,0.0,,Madhya Pradesh,Cyber Crime Cell
madhya pradesh,cyber crime cell,2019,0.0,12.0,0.0,,55.0,159.0,0.0,0.0,0.0,0.0,0.0,0.0,2.0,1.0,0.0,,0.0,0.0,0.0,0.0,0.0,0.0,0.0,0.0,0.0,0.0,0.0,0.0,0.0,0.0,0.0,Madhya Pradesh,Cyber Crime Cell
madhya pradesh,cyber crime cell,2020,0.0,2.0,0.0,0.0,43.0,148.0,1.0,0.0,0.0,0.0,0.0,0.0,0.0,,0.0,0.0,0.0,,0.0,0.0,0.0,0.0,0.0,0.0,0.0,0.0,0.0,0.0,0.0,0.0,0.0,Madhya Pradesh,Cyber Crime Cell
madhya pradesh,cyber crime cell,2021,0.0,5.0,0.0,0.0,,104.0,0.0,,0.0,0.0,0.0,0.0,0.0,2.0,0.0,0.0,0.0,0.0,0.0,0.0,0.0,0.0,0.0,0.0,0.0,0.0,0.0,0.0,0.0,0.0,0.0,Madhya Pradesh,Cyber Crime Cell
madhya pradesh,cyber crime cell,2022,0.0,3.0,0.0,0.0,,117.0,0.0,0.0,0.0,,,,1.0,1.0,0.0,0.0,0.0,0.0,0.0,0.0,0.0,0.0,0.0,0.0,0.0,0.0,,0.0,0.0,0.0,0.0,Madhya Pradesh,Cyber Crime Cell
madhya pradesh,daatia,2021,0.0,0.0,1.0,0.0,0.0,0.0,,,0.0,0.0,0.0,0.0,0.0,0.0,0.0,0.0,0.0,0.0,3.0,0.0,0.0,0.0,0.0,0.0,0.0,0.0,0.0,0.0,0.0,0.0,,Madhya Pradesh,Daatia
madhya pradesh,damoh,2017,0.0,0.0,0.0,0.0,,,,0.0,0.0,,0.0,0.0,0.0,0.0,0.0,0.0,0.0,0.0,0.0,0.0,0.0,0.0,0.0,0.0,0.0,,0.0,0.0,0.0,0.0,0.0,Madhya Pradesh,Damoh
madhya pradesh,damoh,2018,0.0,0.0,0.0,0.0,0.0,0.0,0.0,0.0,0.0,0.0,,,0.0,0.0,0.0,0.0,0.0,0.0,0.0,0.0,0.0,1.0,0.0,0.0,0.0,0.0,,0.0,0.0,1.0,2.0,Madhya Pradesh,Damoh
madhya pradesh,damoh,2019,0.0,0.0,0.0,0.0,0.0,0.0,0.0,0.0,0.0,0.0,0.0,0.0,0.0,0.0,0.0,0.0,0.0,0.0,0.0,0.0,0.0,0.0,0.0,0.0,0.0,0.0,,0.0,0.0,,0.0,Madhya Pradesh,Damoh
madhya pradesh,damoh,2020,0.0,0.0,0.0,0.0,0.0,0.0,,0.0,0.0,0.0,0.0,0.0,0.0,0.0,1.0,0.0,0.0,2.0,1.0,0.0,0.0,1.0,0.0,0.0,0.0,0.0,0.0,0.0,0.0,0.0,5.0,Madhya Pradesh,Damoh
madhya pradesh,damoh,2021,0.0,0.0,0.0,0.0,0.0,,0.0,0.0,0.0,0.0,0.0,,0.0,0.0,1.0,0.0,0.0,,2.0,0.0,0.0,0.0,0.0,0.0,0.0,,,0.0,0.0,0.0,4.0,Madhya Pradesh,Damoh
madhya pradesh,damoh,2022,0.0,0.0,0.0,0.0,0.0,0.0,0.0,0.0,0.0,0.0,,0.0,0.0,0.0,1.0,0.0,0.0,,0.0,0.0,0.0,0.0,0.0,0.0,0.0,0.0,0.0,0.0,1.0,0.0,2.0,Madhya Pradesh,Damoh
madhya pradesh,datia,2017,,0.0,0.0,0.0,0.0,,0.0,0.0,0.0,0.0,0.0,0.0,0.0,0.0,0.0,0.0,0.0,0.0,,0.0,0.0,0.0,0.0,0.0,0.0,0.0,0.0,4.0,0.0,0.0,,Madhya Pradesh,Datia
madhya pradesh,datia,2018,0.0,0.0,0.0,0.0,0.0,0.0,0.0,,,0.0,,0.0,0.0,1.0,1.0,0.0,0.0,0.0,2.0,0.0,0.0,1.0,0.0,0.0,0.0,0.0,0.0,0.0,0.0,0.0,,Madhya Pradesh,Datia
madhya pradesh,datia,2019,0.0,0.0,0.0,0.0,2.0,0.0,0.0,0.0,0.0,0.0,0.0,0.0,0.0,0.0,0.0,0.0,,0.0,2.0,0.0,0.0,0.0,0.0,0.0,,0.0,0.0,,0.0,1.0,,Madhya Pradesh,Datia
madhya pradesh,datia,2020,0.0,0.0,0.0,0.0,0.0,0.0,0.0,0.0,0.0,0.0,0.0,0.0,0.0,0.0,0.0,0.0,0.0,0.0,2.0,0.0,0.0,0.0,0.0,0.0,0.0,0.0,,0.0,0.0,0.0,2.0,Madhya Pradesh,Datia
madhya pradesh,datia,2022,0.0,0.0,0.0,0.0,0.0,1.0,0.0,0.0,0.0,,0.0,0.0,0.0,0.0,1.0,0.0,2.0,0.0,3.0,0.0,0.0,0.0,0.0,0.0,,0.0,0.0,0.0,0.0,0.0,6.0,Madhya Pradesh,Datia
madhya pradesh,dewas,2017,0.0,0.0,0.0,0.0,0.0,0.0,,0.0,0.0,0.0,0.0,0.0,0.0,0.0,,0.0,0.0,0.0,0.0,0.0,0.0,0.0,0.0,0.0,,0.0,0.0,,0.0,0.0,,Madhya Pradesh,Dewas
madhya pradesh,dewas,2018,0.0,0.0,0.0,,0.0,0.0,0.0,0.0,0.0,0.0,0.0,0.0,0.0,0.0,0.0,0.0,0.0,0.0,0.0,0.0,0.0,0.0,0.0,,0.0,0.0,0.0,0.0,0.0,0.0,0.0,Madhya Pradesh,Dewas
madhya pradesh,dewas,2019,0.0,0.0,1.0,0.0,0.0,0.0,,0.0,0.0,0.0,0.0,0.0,,0.0,0.0,0.0,,0.0,0.0,0.0,0.0,0.0,0.0,0.0,0.0,0.0,0.0,0.0,0.0,0.0,0.0,Madhya Pradesh,Dewas
madhya pradesh,dewas,2020,0.0,,0.0,0.0,0.0,0.0,0.0,0.0,0.0,0.0,0.0,,0.0,0.0,0.0,0.0,0.0,0.0,0.0,0.0,,0.0,0.0,0.0,0.0,0.0,,0.0,0.0,,0.0,Madhya Pradesh,Dewas
madhya pradesh,dewas,2021,,0.0,0.0,0.0,0.0,0.0,,0.0,0.0,0.0,0.0,0.0,0.0,0.0,0.0,0.0,0.0,0.0,,0.0,0.0,0.0,0.0,0.0,0.0,,,0.0,0.0,0.0,0.0,Madhya Pradesh,Dewas
madhya pradesh,dewas,2022,0.0,0.0,0.0,0.0,0.0,0.0,0.0,0.0,0.0,0.0,0.0,0.0,0.0,0.0,0.0,0.0,,0.0,0.0,0.0,0.0,0.0,0.0,0.0,0.0,0.0,0.0,0.0,0.0,,0.0,Madhya Pradesh,Dewas
madhya pradesh,dhar,2017,0.0,,0.0,4.0,1.0,3.0,0.0,0.0,10.0,0.0,0.0,0.0,0.0,,0.0,0.0,0.0,0.0,0.0,0.0,0.0,0.0,0.0,0.0,0.0,0.0,0.0,0.0,0.0,0.0,0.0,Madhya Pradesh,Dhar
madhya pradesh,dhar,2018,,0.0,0.0,0.0,0.0,,0.0,0.0,,0.0,0.0,0.0,0.0,2.0,2.0,0.0,0.0,0.0,1.0,0.0,0.0,0.0,0.0,,0.0,0.0,0.0,1.0,0.0,34.0,38.0,Madhya Pradesh,Dhar
madhya pradesh,dhar,2019,0.0,0.0,0.0,0.0,0.0,0.0,0.0,0.0,0.0,0.0,0.0,,,0.0,0.0,0.0,0.0,0.0,,0.0,0.0,0.0,0.0,0.0,0.0,0.0,0.0,,0.0,5.0,5.0,Madhya Pradesh,Dhar
madhya pradesh,dhar,2020,0.0,0.0,0.0,0.0,0.0,0.0,0.0,0.0,0.0,0.0,0.0,0.0,0.0,1.0,1.0,0.0,0.0,0.0,0.0,,0.0,0.0,1.0,0.0,,0.0,0.0,,0.0,10.0,,Madhya Pradesh,Dhar
madhya pradesh,dhar,2021,0.0,0.0,0.0,0.0,0.0,0.0,0.0,0.0,0.0,0.0,0.0,0.0,0.0,0.0,1.0,0.0,0.0,0.0,0.0,0.0,0.0,1.0,0.0,0.0,0.0,0.0,,0.0,0.0,3.0,6.0,Madhya Pradesh,Dhar
madhya pradesh,dhar,2022,0.0,0.0,0.0,0.0,0.0,0.0,0.0,0.0,0.0,0.0,,0.0,0.0,0.0,4.0,0.0,0.0,0.0,0.0,0.0,0.0,1.0,0.0,0.0,0.0,,0.0,,,2.0,8.0,Madhya Pradesh,Dhar
madhya pradesh,dindori,2017,,,0.0,0.0,0.0,0.0,0.0,,0.0,0.0,,0.0,0.0,,0.0,0.0,0.0,0.0,0.0,0.0,0.0,0.0,0.0,0.0,0.0,0.0,0.0,0.0,0.0,1.0,1.0,Madhya Pradesh,Dindori
madhya pradesh,dindori,2018,0.0,0.0,0.0,0.0,1.0,,0.0,,1.0,0.0,0.0,0.0,0.0,1.0,0.0,0.0,,0.0,0.0,0.0,0.0,0.0,0.0,0.0,0.0,0.0,0.0,0.0,0.0,0.0,0.0,Madhya Pradesh,Dindori
madhya pradesh,dindori,2019,0.0,0.0,,0.0,0.0,0.0,0.0,0.0,,0.0,,,,0.0,2.0,0.0,0.0,0.0,0.0,0.0,0.0,0.0,0.0,0.0,0.0,0.0,0.0,0.0,0.0,2.0,4.0,Madhya Pradesh,Dindori
madhya pradesh,dindori,2020,0.0,,,0.0,0.0,0.0,0.0,0.0,0.0,0.0,0.0,0.0,0.0,0.0,0.0,0.0,0.0,0.0,0.0,0.0,,0.0,0.0,0.0,0.0,0.0,0.0,0.0,0.0,1.0,2.0,Madhya Pradesh,Dindori
madhya pradesh,dindori,2021,0.0,0.0,,0.0,0.0,0.0,0.0,0.0,,0.0,0.0,0.0,0.0,0.0,0.0,0.0,0.0,,0.0,,1.0,0.0,0.0,0.0,0.0,0.0,0.0,0.0,0.0,3.0,4.0,Madhya Pradesh,Dindori
madhya pradesh,dindori,2022,0.0,0.0,0.0,0.0,0.0,0.0,0.0,0.0,0.0,0.0,0.0,,0.0,0.0,,0.0,0.0,0.0,0.0,0.0,1.0,,0.0,0.0,,0.0,0.0,0.0,0.0,2.0,3.0,Madhya Pradesh,Dindori
madhya pradesh,guna,2017,0.0,0.0,0.0,0.0,0.0,0.0,0.0,0.0,,0.0,0.0,0.0,0.0,0.0,0.0,0.0,0.0,0.0,0.0,0.0,,0.0,0.0,0.0,0.0,0.0,0.0,0.0,,0.0,0.0,Madhya Pradesh,Guna
madhya pradesh,guna,2018,0.0,0.0,0.0,0.0,0.0,0.0,0.0,0.0,0.0,0.0,0.0,0.0,0.0,0.0,0.0,0.0,0.0,,0.0,,0.0,0.0,0.0,,0.0,,0.0,0.0,0.0,0.0,0.0,Madhya Pradesh,Guna
madhya pradesh,guna,2019,0.0,0.0,0.0,0.0,,0.0,0.0,0.0,,,0.0,0.0,0.0,0.0,0.0,0.0,0.0,0.0,0.0,0.0,0.0,0.0,0.0,0.0,0.0,0.0,0.0,0.0,0.0,0.0,0.0,Madhya Pradesh,Guna
madhya pradesh,guna,2020,0.0,0.0,0.0,0.0,0.0,0.0,0.0,0.0,0.0,0.0,0.0,0.0,0.0,,0.0,0.0,,0.0,0.0,,0.0,0.0,,,0.0,0.0,0.0,0.0,0.0,0.0,,Madhya Pradesh,Guna
madhya pradesh,guna,2021,0.0,0.0,0.0,0.0,,0.0,0.0,0.0,0.0,0.0,0.0,0.0,0.0,8.0,0.0,0.0,0.0,,0.0,0.0,0.0,0.0,0.0,0.0,0.0,0.0,0.0,0.0,0.0,,0.0,Madhya Pradesh,Guna
madhya pradesh,guna,2022,0.0,0.0,0.0,0.0,0.0,0.0,0.0,0.0,,0.0,0.0,0.0,0.0,5.0,0.0,,0.0,0.0,,0.0,0.0,0.0,0.0,0.0,0.0,0.0,0.0,0.0,0.0,0.0,0.0,Madhya Pradesh,Guna
madhya pradesh,gwalior,2017,0.0,0.0,13.0,0.0,,1.0,0.0,0.0,,0.0,0.0,0.0,0.0,0.0,,0.0,0.0,0.0,0.0,0.0,0.0,0.0,0.0,0.0,0.0,0.0,0.0,0.0,0.0,0.0,0.0,Madhya Pradesh,Gwalior
madhya pradesh,gwalior,2018,0.0,0.0,,0.0,2.0,4.0,0.0,0.0,0.0,0.0,0.0,0.0,0.0,1.0,0.0,0.0,0.0,0.0,0.0,0.0,0.0,0.0,0.0,0.0,0.0,0.0,0.0,0.0,0.0,0.0,0.0,Madhya Pradesh,Gwalior
madhya pradesh,gwalior,2019,0.0,0.0,2.0,0.0,7.0,20.0,,0.0,0.0,0.0,,0.0,0.0,0.0,0.0,0.0,0.0,0.0,0.0,0.0,0.0,0.0,0.0,0.0,,0.0,0.0,0.0,0.0,0.0,0.0,Madhya Pradesh,Gwalior
madhya pradesh,gwalior,2020,,0.0,1.0,0.0,2.0,0.0,0.0,0.0,0.0,0.0,0.0,0.0,0.0,0.0,5.0,1.0,0.0,3.0,0.0,0.0,0.0,35.0,0.0,4.0,14.0,0.0,0.0,4.0,0.0,0.0,66.0,Madhya Pradesh,Gwalior
madhya pradesh,gwalior,2021,0.0,,0.0,0.0,,5.0,1.0,0.0,0.0,0.0,0.0,0.0,,,1.0,0.0,0.0,2.0,20.0,0.0,0.0,1.0,1.0,0.0,0.0,0.0,0.0,6.0,0.0,0.0,31.0,Madhya Pradesh,Gwalior
madhya pradesh,gwalior,2022,15.0,0.0,2.0,0.0,3.0,2.0,0.0,0.0,0.0,0.0,0.0,0.0,0.0,,3.0,0.0,,1.0,49.0,0.0,0.0,,2.0,2.0,1.0,0.0,,6.0,0.0,0.0,64.0,Madhya Pradesh,Gwalior
madhya pradesh,harda,2017,0.0,0.0,0.0,0.0,0.0,0.0,0.0,0.0,0.0,,0.0,0.0,0.0,1.0,0.0,0.0,0.0,0.0,0.0,,0.0,0.0,0.0,0.0,,,0.0,0.0,0.0,0.0,,Madhya Pradesh,Harda
madhya pradesh,harda,2018,0.0,0.0,0.0,,0.0,,0.0,0.0,0.0,0.0,,0.0,0.0,0.0,0.0,0.0,0.0,,0.0,0.0,0.0,0.0,,0.0,0.0,0.0,0.0,0.0,0.0,0.0,0.0,Madhya Pradesh,Harda
madhya pradesh,harda,2019,0.0,0.0,0.0,0.0,1.0,0.0,0.0,0.0,0.0,0.0,,0.0,0.0,0.0,0.0,0.0,0.0,0.0,0.0,0.0,,0.0,0.0,0.0,0.0,0.0,0.0,0.0,0.0,0.0,0.0,Madhya Pradesh,Harda
madhya pradesh,harda,2020,0.0,0.0,0.0,0.0,0.0,0.0,0.0,0.0,0.0,0.0,,,0.0,0.0,0.0,0.0,0.0,0.0,,0.0,0.0,0.0,0.0,,0.0,0.0,0.0,0.0,0.0,0.0,0.0,Madhya Pradesh,Harda
madhya pradesh,harda,2021,0.0,0.0,0.0,0.0,0.0,,0.0,0.0,0.0,0.0,0.0,0.0,0.0,0.0,0.0,0.0,0.0,0.0,0.0,0.0,0.0,0.0,0.0,,0.0,,0.0,0.0,0.0,0.0,1.0,Madhya Pradesh,Harda
madhya pradesh,harda,2022,0.0,0.0,0.0,0.0,,2.0,5.0,0.0,,0.0,,0.0,0.0,0.0,0.0,,0.0,0.0,,0.0,0.0,0.0,0.0,0.0,0.0,0.0,0.0,0.0,0.0,0.0,0.0,Madhya Pradesh,Harda
madhya pradesh,indore,2017,0.0,0.0,0.0,0.0,0.0,0.0,0.0,0.0,0.0,0.0,0.0,0.0,0.0,0.0,0.0,0.0,0.0,0.0,0.0,0.0,0.0,0.0,0.0,0.0,0.0,0.0,0.0,0.0,0.0,0.0,0.0,Madhya Pradesh,Indore
madhya pradesh,indore,2018,0.0,0.0,0.0,0.0,1.0,3.0,0.0,0.0,0.0,0.0,0.0,0.0,0.0,0.0,6.0,0.0,0.0,3.0,3.0,2.0,0.0,1.0,0.0,0.0,0.0,0.0,0.0,3.0,3.0,4.0,34.0,Madhya Pradesh,Indore
madhya pradesh,indore,2019,0.0,0.0,1.0,0.0,0.0,0.0,0.0,0.0,0.0,0.0,0.0,0.0,0.0,0.0,7.0,0.0,0.0,,3.0,1.0,0.0,0.0,4.0,0.0,0.0,0.0,0.0,5.0,4.0,10.0,41.0,Madhya Pradesh,Indore
madhya pradesh,indore,2020,0.0,0.0,1.0,0.0,0.0,2.0,0.0,0.0,0.0,0.0,0.0,0.0,0.0,0.0,3.0,0.0,0.0,2.0,10.0,1.0,3.0,6.0,0.0,0.0,0.0,0.0,0.0,2.0,3.0,13.0,44.0,Madhya Pradesh,Indore
madhya pradesh,indore,2021,0.0,0.0,0.0,0.0,2.0,1.0,0.0,0.0,0.0,0.0,0.0,0.0,0.0,0.0,7.0,0.0,0.0,3.0,4.0,0.0,2.0,5.0,0.0,0.0,0.0,0.0,0.0,2.0,0.0,15.0,38.0,Madhya Pradesh,Indore
madhya pradesh,indore,2022,0.0,0.0,0.0,0.0,1.0,0.0,0.0,1.0,0.0,0.0,0.0,0.0,0.0,0.0,12.0,0.0,0.0,0.0,0.0,0.0,1.0,12.0,0.0,0.0,0.0,0.0,0.0,2.0,0.0,8.0,36.0,Madhya Pradesh,Indore
madhya pradesh,jabalpur,2017,0.0,0.0,0.0,0.0,0.0,0.0,0.0,0.0,0.0,0.0,0.0,0.0,0.0,1.0,6.0,0.0,0.0,14.0,0.0,0.0,0.0,0.0,0.0,0.0,0.0,0.0,0.0,0.0,0.0,11.0,31.0,Madhya Pradesh,Jabalpur
madhya pradesh,jabalpur,2018,1.0,0.0,0.0,0.0,0.0,0.0,0.0,0.0,0.0,0.0,0.0,0.0,0.0,0.0,0.0,0.0,0.0,0.0,0.0,0.0,0.0,0.0,0.0,,0.0,0.0,0.0,0.0,0.0,0.0,0.0,Madhya Pradesh,Jabalpur
madhya pradesh,jabalpur,2019,0.0,0.0,0.0,0.0,0.0,0.0,0.0,0.0,0.0,0.0,0.0,0.0,0.0,0.0,0.0,0.0,0.0,0.0,0.0,0.0,,0.0,0.0,0.0,0.0,0.0,0.0,0.0,0.0,0.0,0.0,Madhya Pradesh,Jabalpur
madhya pradesh,jabalpur,2020,0.0,0.0,0.0,0.0,0.0,0.0,0.0,0.0,0.0,0.0,0.0,0.0,0.0,0.0,0.0,0.0,0.0,0.0,0.0,0.0,0.0,0.0,0.0,0.0,0.0,0.0,0.0,0.0,0.0,0.0,0.0,Madhya Pradesh,Jabalpur
madhya pradesh,jabalpur,2021,0.0,0.0,0.0,0.0,0.0,0.0,0.0,0.0,0.0,0.0,0.0,0.0,0.0,0.0,0.0,0.0,0.0,0.0,0.0,0.0,0.0,0.0,0.0,0.0,0.0,0.0,0.0,0.0,0.0,0.0,0.0,Madhya Pradesh,Jabalpur
madhya pradesh,jabalpur,2022,0.0,0.0,0.0,0.0,2.0,0.0,0.0,0.0,0.0,0.0,,0.0,0.0,0.0,0.0,0.0,0.0,0.0,0.0,0.0,0.0,0.0,0.0,0.0,0.0,0.0,0.0,0.0,0.0,0.0,0.0,Madhya Pradesh,Jabalpur
madhya pradesh,jhabua,2017,0.0,,0.0,0.0,1.0,0.0,0.0,0.0,0.0,0.0,0.0,0.0,0.0,0.0,0.0,0.0,0.0,,0.0,0.0,0.0,0.0,,0.0,0.0,0.0,0.0,0.0,,0.0,0.0,Madhya Pradesh,Jhabua
madhya pradesh,jhabua,2018,0.0,0.0,0.0,0.0,0.0,0.0,0.0,0.0,0.0,0.0,0.0,0.0,,0.0,0.0,,0.0,0.0,0.0,0.0,0.0,0.0,,0.0,0.0,0.0,0.0,,0.0,,0.0,Madhya Pradesh,Jhabua
madhya pradesh,jhabua,2019,0.0,0.0,0.0,0.0,0.0,0.0,,0.0,0.0,0.0,0.0,0.0,0.0,0.0,0.0,0.0,0.0,0.0,0.0,,0.0,0.0,0.0,0.0,0.0,0.0,0.0,0.0,0.0,0.0,0.0,Madhya Pradesh,Jhabua
madhya pradesh,jhabua,2020,0.0,0.0,,0.0,0.0,0.0,0.0,0.0,,0.0,0.0,0.0,0.0,0.0,0.0,0.0,0.0,0.0,0.0,0.0,0.0,,0.0,,0.0,0.0,0.0,0.0,0.0,0.0,0.0,Madhya Pradesh,Jhabua
madhya pradesh,jhabua,2021,0.0,0.0,0.0,,0.0,0.0,0.0,0.0,0.0,0.0,0.0,0.0,0.0,0.0,0.0,,0.0,0.0,0.0,0.0,0.0,0.0,0.0,0.0,0.0,0.0,0.0,0.0,0.0,0.0,0.0,Madhya Pradesh,Jhabua
madhya pradesh,jhabua,2022,0.0,0.0,0.0,0.0,0.0,0.0,0.0,0.0,0.0,0.0,,0.0,0.0,0.0,0.0,,0.0,0.0,0.0,0.0,0.0,,0.0,0.0,0.0,0.0,0.0,0.0,0.0,0.0,0.0,Madhya Pradesh,Jhabua
madhya pradesh,katni,2017,0.0,0.0,0.0,0.0,0.0,0.0,0.0,0.0,0.0,0.0,0.0,0.0,0.0,0.0,0.0,0.0,0.0,0.0,0.0,0.0,0.0,,0.0,0.0,0.0,0.0,0.0,0.0,0.0,0.0,0.0,Madhya Pradesh,Katni
madhya pradesh,katni,2018,0.0,0.0,0.0,0.0,0.0,0.0,0.0,0.0,0.0,0.0,,,0.0,,0.0,0.0,0.0,0.0,0.0,0.0,,0.0,0.0,0.0,0.0,0.0,0.0,0.0,0.0,,0.0,Madhya Pradesh,Katni
madhya pradesh,katni,2019,0.0,,0.0,0.0,1.0,1.0,0.0,0.0,0.0,0.0,0.0,0.0,0.0,0.0,,0.0,0.0,1.0,,0.0,0.0,0.0,0.0,0.0,0.0,0.0,0.0,,0.0,0.0,1.0,Madhya Pradesh,Katni
madhya pradesh,katni,2020,0.0,0.0,0.0,0.0,1.0,,,0.0,0.0,0.0,0.0,0.0,,,0.0,,0.0,1.0,0.0,0.0,,0.0,0.0,,,0.0,0.0,2.0,1.0,0.0,,Madhya Pradesh,Katni
madhya pradesh,katni,2021,,0.0,0.0,0.0,0.0,0.0,0.0,0.0,0.0,0.0,0.0,,0.0,0.0,0.0,0.0,,0.0,,0.0,0.0,0.0,0.0,0.0,0.0,,0.0,0.0,0.0,,0.0,Madhya Pradesh,Katni
madhya pradesh,katni,2022,0.0,0.0,0.0,0.0,,0.0,0.0,0.0,0.0,0.0,,0.0,0.0,0.0,0.0,0.0,0.0,0.0,0.0,0.0,0.0,0.0,0.0,0.0,0.0,,0.0,0.0,0.0,0.0,,Madhya Pradesh,Katni
madhya pradesh,khaandwa (east nimar),2019,0.0,0.0,0.0,,0.0,0.0,0.0,0.0,0.0,0.0,0.0,0.0,0.0,0.0,0.0,0.0,0.0,0.0,0.0,,,0.0,0.0,0.0,0.0,0.0,0.0,0.0,,,0.0,Madhya Pradesh,Khaandwa (East Nimar)
madhya pradesh,khandwa (east nimar),2017,0.0,0.0,0.0,0.0,0.0,0.0,0.0,,0.0,,0.0,0.0,0.0,0.0,0.0,0.0,0.0,0.0,0.0,0.0,0.0,0.0,0.0,0.0,0.0,0.0,0.0,0.0,0.0,0.0,0.0,Madhya Pradesh,Khandwa (East Nimar)
madhya pradesh,khandwa (east nimar),2018,0.0,0.0,0.0,0.0,0.0,0.0,,0.0,0.0,0.0,0.0,0.0,0.0,0.0,,0.0,0.0,,0.0,0.0,0.0,0.0,0.0,0.0,0.0,0.0,0.0,0.0,0.0,0.0,0.0,Madhya Pradesh,Khandwa (East Nimar)
madhya pradesh,khandwa (east nimar),2020,0.0,,,0.0,0.0,,0.0,0.0,0.0,0.0,0.0,,0.0,0.0,0.0,0.0,0.0,0.0,0.0,0.0,0.0,0.0,0.0,0.0,0.0,0.0,0.0,0.0,0.0,0.0,0.0,Madhya Pradesh,Khandwa (East Nimar)
madhya pradesh,khandwa (east nimar),2022,0.0,0.0,0.0,0.0,,0.0,0.0,0.0,0.0,0.0,0.0,0.0,0.0,0.0,0.0,,0.0,0.0,0.0,,0.0,0.0,0.0,0.0,0.0,0.0,0.0,0.0,0.0,0.0,0.0,Madhya Pradesh,Khandwa (East Nimar)
madhya pradesh,khargone (west nimar),2017,0.0,,0.0,0.0,0.0,0.0,0.0,0.0,0.0,0.0,0.0,0.0,0.0,0.0,1.0,0.0,0.0,2.0,3.0,0.0,,1.0,0.0,0.0,,0.0,0.0,0.0,1.0,8.0,16.0,Madhya Pradesh,Khargone (West Nimar)
madhya pradesh,khargone (west nimar),2018,0.0,0.0,0.0,0.0,0.0,0.0,0.0,0.0,0.0,0.0,0.0,0.0,,,1.0,0.0,0.0,1.0,0.0,0.0,0.0,0.0,0.0,0.0,0.0,0.0,0.0,1.0,0.0,5.0,8.0,Madhya Pradesh,Khargone (West Nimar)
madhya pradesh,khargone (west nimar),2019,0.0,0.0,0.0,,0.0,0.0,0.0,,0.0,0.0,0.0,0.0,0.0,,0.0,,0.0,,0.0,0.0,0.0,0.0,0.0,0.0,0.0,0.0,0.0,0.0,0.0,0.0,0.0,Madhya Pradesh,Khargone (West Nimar)
madhya pradesh,khargone (west nimar),2020,0.0,,0.0,0.0,0.0,0.0,0.0,0.0,2.0,0.0,0.0,,0.0,0.0,0.0,0.0,0.0,0.0,1.0,1.0,2.0,0.0,0.0,0.0,0.0,0.0,0.0,0.0,0.0,0.0,4.0,Madhya Pradesh,Khargone (West Nimar)
madhya pradesh,khargone (west nimar),2021,0.0,0.0,,0.0,0.0,0.0,0.0,0.0,1.0,,0.0,0.0,0.0,0.0,2.0,,0.0,0.0,0.0,0.0,0.0,0.0,1.0,0.0,0.0,0.0,0.0,0.0,0.0,0.0,3.0,Madhya Pradesh,Khargone (West Nimar)
madhya pradesh,khargone (west nimar),2022,0.0,0.0,0.0,0.0,0.0,0.0,0.0,0.0,0.0,0.0,0.0,,0.0,0.0,1.0,0.0,0.0,,0.0,0.0,0.0,0.0,0.0,0.0,0.0,0.0,0.0,0.0,0.0,1.0,2.0,Madhya Pradesh,Khargone (West Nimar)
madhya pradesh,mandla,2017,0.0,0.0,0.0,0.0,,,,0.0,,0.0,0.0,0.0,0.0,0.0,0.0,0.0,0.0,0.0,0.0,0.0,0.0,0.0,0.0,0.0,0.0,0.0,0.0,0.0,0.0,0.0,0.0,Madhya Pradesh,Mandla
madhya pradesh,mandla,2018,0.0,0.0,0.0,0.0,0.0,,0.0,0.0,0.0,,0.0,0.0,0.0,0.0,,0.0,0.0,0.0,0.0,0.0,,,0.0,0.0,0.0,0.0,0.0,0.0,0.0,0.0,0.0,Madhya Pradesh,Mandla
madhya pradesh,mandla,2019,,0.0,0.0,,0.0,0.0,0.0,0.0,0.0,0.0,0.0,0.0,,0.0,0.0,0.0,0.0,0.0,0.0,0.0,0.0,0.0,0.0,,0.0,0.0,0.0,,0.0,0.0,0.0,Madhya Pradesh,Mandla
madhya pradesh,mandla,2020,,0.0,0.0,0.0,,0.0,0.0,,0.0,0.0,0.0,,0.0,0.0,0.0,0.0,0.0,0.0,0.0,0.0,0.0,0.0,0.0,0.0,0.0,0.0,,0.0,0.0,0.0,0.0,Madhya Pradesh,Mandla
madhya pradesh,mandla,2021,0.0,0.0,0.0,0.0,0.0,0.0,0.0,0.0,,0.0,0.0,0.0,0.0,0.0,0.0,0.0,,0.0,0.0,0.0,0.0,,0.0,0.0,0.0,0.0,0.0,0.0,0.0,0.0,0.0,Madhya Pradesh,Mandla
madhya pradesh,mandsaur,2017,0.0,0.0,0.0,0.0,0.0,0.0,0.0,0.0,0.0,,0.0,0.0,0.0,0.0,1.0,0.0,0.0,0.0,1.0,0.0,0.0,0.0,0.0,0.0,0.0,0.0,0.0,0.0,0.0,3.0,5.0,Madhya Pradesh,Mandsaur
madhya pradesh,mandsaur,2018,0.0,0.0,0.0,0.0,2.0,0.0,0.0,0.0,0.0,0.0,0.0,0.0,0.0,0.0,6.0,,0.0,0.0,0.0,,,1.0,1.0,,0.0,0.0,0.0,0.0,0.0,3.0,11.0,Madhya Pradesh,Mandsaur
madhya pradesh,mandsaur,2019,,0.0,0.0,0.0,0.0,0.0,0.0,0.0,0.0,,,0.0,0.0,,,0.0,0.0,0.0,0.0,0.0,0.0,0.0,0.0,0.0,0.0,0.0,0.0,0.0,,2.0,5.0,Madhya Pradesh,Mandsaur
madhya pradesh,mandsaur,2020,0.0,0.0,0.0,0.0,0.0,0.0,,0.0,0.0,0.0,0.0,0.0,0.0,,4.0,0.0,,0.0,0.0,0.0,0.0,2.0,0.0,0.0,,0.0,0.0,0.0,0.0,2.0,8.0,Madhya Pradesh,Mandsaur
madhya pradesh,mandsaur,2021,0.0,0.0,0.0,0.0,0.0,1.0,0.0,0.0,0.0,0.0,,0.0,0.0,0.0,5.0,0.0,0.0,0.0,0.0,0.0,0.0,4.0,0.0,0.0,,0.0,0.0,0.0,,5.0,17.0,Madhya Pradesh,Mandsaur
madhya pradesh,mandsaur,2022,0.0,0.0,0.0,,0.0,0.0,0.0,,0.0,,0.0,0.0,0.0,0.0,0.0,0.0,0.0,0.0,0.0,0.0,0.0,,0.0,0.0,,0.0,0.0,0.0,,2.0,,Madhya Pradesh,Mandsaur
madhya pradesh,morena,2017,0.0,0.0,0.0,0.0,0.0,0.0,0.0,0.0,0.0,0.0,0.0,,0.0,0.0,0.0,0.0,,,0.0,0.0,0.0,0.0,0.0,0.0,0.0,0.0,0.0,0.0,0.0,0.0,,Madhya Pradesh,Morena
madhya pradesh,morena,2018,0.0,0.0,0.0,0.0,0.0,,0.0,0.0,7.0,,0.0,0.0,0.0,0.0,1.0,0.0,0.0,0.0,0.0,0.0,0.0,0.0,,0.0,0.0,0.0,0.0,1.0,0.0,0.0,2.0,Madhya Pradesh,Morena
madhya pradesh,morena,2019,0.0,0.0,0.0,0.0,0.0,0.0,0.0,0.0,0.0,0.0,0.0,0.0,0.0,0.0,0.0,0.0,0.0,0.0,0.0,0.0,0.0,0.0,,,0.0,0.0,0.0,0.0,0.0,0.0,0.0,Madhya Pradesh,Morena
madhya pradesh,morena,2020,0.0,0.0,0.0,0.0,0.0,0.0,0.0,0.0,0.0,0.0,0.0,0.0,0.0,0.0,0.0,,0.0,0.0,0.0,0.0,,0.0,0.0,0.0,0.0,,0.0,0.0,0.0,0.0,0.0,Madhya Pradesh,Morena
madhya pradesh,morena,2022,0.0,0.0,0.0,0.0,0.0,0.0,0.0,0.0,0.0,0.0,0.0,0.0,0.0,0.0,0.0,0.0,0.0,,,0.0,0.0,0.0,,,0.0,0.0,0.0,,,,0.0,Madhya Pradesh,Morena
madhya pradesh,morenaa,2021,0.0,0.0,,0.0,0.0,0.0,0.0,0.0,0.0,0.0,0.0,0.0,,0.0,0.0,0.0,0.0,0.0,,0.0,0.0,0.0,0.0,0.0,0.0,0.0,0.0,0.0,0.0,0.0,,Madhya Pradesh,Morenaa
madhya pradesh,naarsimhapur,2020,0.0,0.0,0.0,0.0,0.0,0.0,0.0,0.0,0.0,0.0,,0.0,0.0,0.0,1.0,0.0,0.0,,0.0,0.0,,,0.0,0.0,0.0,0.0,0.0,0.0,,0.0,1.0,Madhya Pradesh,Naarsimhapur
madhya pradesh,narmadapuram,2017,0.0,,0.0,,0.0,0.0,0.0,0.0,0.0,0.0,0.0,0.0,0.0,0.0,0.0,0.0,0.0,0.0,0.0,0.0,0.0,0.0,0.0,0.0,0.0,0.0,0.0,0.0,0.0,0.0,0.0,Madhya Pradesh,Narmadapuram
madhya pradesh,narmadapuram,2018,0.0,0.0,0.0,0.0,1.0,,0.0,0.0,0.0,,0.0,0.0,0.0,0.0,0.0,0.0,0.0,0.0,0.0,0.0,,0.0,,0.0,0.0,0.0,0.0,0.0,0.0,0.0,0.0,Madhya Pradesh,Narmadapuram
madhya pradesh,narmadapuram,2021,0.0,0.0,0.0,0.0,0.0,0.0,0.0,0.0,0.0,0.0,0.0,0.0,0.0,0.0,0.0,0.0,0.0,0.0,0.0,0.0,0.0,0.0,0.0,0.0,0.0,0.0,0.0,0.0,0.0,0.0,0.0,Madhya Pradesh,Narmadapuram
madhya pradesh,narmadapuram,2022,0.0,0.0,0.0,0.0,0.0,,0.0,0.0,0.0,0.0,0.0,,0.0,0.0,0.0,0.0,0.0,0.0,0.0,,0.0,0.0,0.0,0.0,0.0,0.0,0.0,0.0,0.0,0.0,0.0,Madhya Pradesh,Narmadapuram
madhya pradesh,narsimhapur,2017,0.0,0.0,0.0,0.0,0.0,0.0,0.0,0.0,,0.0,0.0,,0.0,0.0,3.0,0.0,0.0,0.0,0.0,0.0,0.0,0.0,0.0,0.0,0.0,0.0,0.0,0.0,0.0,0.0,3.0,Madhya Pradesh,Narsimhapur
madhya pradesh,narsimhapur,2018,0.0,0.0,3.0,0.0,,0.0,0.0,0.0,0.0,0.0,0.0,0.0,0.0,0.0,0.0,0.0,,0.0,0.0,0.0,,0.0,0.0,0.0,0.0,0.0,0.0,0.0,0.0,0.0,0.0,Madhya Pradesh,Narsimhapur
madhya pradesh,narsimhapur,2019,0.0,0.0,1.0,0.0,0.0,0.0,0.0,0.0,0.0,0.0,0.0,0.0,0.0,0.0,,,0.0,0.0,,0.0,0.0,0.0,0.0,0.0,0.0,0.0,0.0,0.0,0.0,,0.0,Madhya Pradesh,Narsimhapur
madhya pradesh,narsimhapur,2021,0.0,0.0,0.0,0.0,0.0,2.0,0.0,0.0,0.0,0.0,0.0,0.0,0.0,,0.0,0.0,0.0,,0.0,0.0,0.0,0.0,0.0,0.0,,0.0,0.0,0.0,0.0,0.0,0.0,Madhya Pradesh,Narsimhapur
madhya pradesh,narsimhapur,2022,,,0.0,0.0,0.0,0.0,0.0,0.0,0.0,0.0,0.0,0.0,0.0,0.0,5.0,0.0,,0.0,0.0,,0.0,0.0,,0.0,0.0,0.0,0.0,0.0,0.0,0.0,5.0,Madhya Pradesh,Narsimhapur
madhya pradesh,neemuch,2017,0.0,0.0,0.0,0.0,0.0,0.0,0.0,0.0,0.0,0.0,0.0,0.0,0.0,2.0,0.0,0.0,0.0,0.0,0.0,0.0,3.0,0.0,0.0,0.0,0.0,0.0,0.0,0.0,0.0,0.0,3.0,Madhya Pradesh,Neemuch
madhya pradesh,neemuch,2019,0.0,0.0,0.0,0.0,0.0,0.0,0.0,0.0,,0.0,0.0,0.0,0.0,0.0,1.0,0.0,0.0,0.0,0.0,0.0,0.0,1.0,0.0,0.0,0.0,,0.0,0.0,0.0,3.0,5.0,Madhya Pradesh,Neemuch
madhya pradesh,neemuch,2020,0.0,0.0,0.0,0.0,0.0,0.0,0.0,0.0,0.0,0.0,0.0,0.0,0.0,0.0,0.0,0.0,0.0,0.0,0.0,0.0,0.0,1.0,0.0,0.0,0.0,0.0,0.0,0.0,0.0,2.0,3.0,Madhya Pradesh,Neemuch
madhya pradesh,neemuch,2021,0.0,,0.0,0.0,0.0,0.0,0.0,0.0,0.0,,0.0,0.0,0.0,0.0,3.0,0.0,0.0,0.0,0.0,,0.0,2.0,0.0,0.0,0.0,0.0,0.0,0.0,0.0,0.0,5.0,Madhya Pradesh,Neemuch
madhya pradesh,neemuch,2022,0.0,0.0,0.0,0.0,0.0,0.0,0.0,0.0,0.0,0.0,0.0,,0.0,,9.0,0.0,0.0,0.0,0.0,0.0,0.0,0.0,0.0,0.0,0.0,,0.0,0.0,0.0,0.0,9.0,Madhya Pradesh,Neemuch
madhya pradesh,niwari,2019,0.0,0.0,0.0,0.0,0.0,,0.0,0.0,0.0,0.0,0.0,0.0,0.0,3.0,0.0,0.0,0.0,0.0,0.0,0.0,0.0,,,0.0,0.0,0.0,0.0,0.0,0.0,0.0,1.0,Madhya Pradesh,Niwari
madhya pradesh,niwari,2020,,0.0,0.0,0.0,0.0,0.0,0.0,0.0,0.0,,,,0.0,4.0,0.0,0.0,0.0,0.0,0.0,,0.0,,0.0,0.0,0.0,,,0.0,0.0,0.0,0.0,Madhya Pradesh,Niwari
madhya pradesh,niwari,2021,0.0,0.0,0.0,0.0,0.0,0.0,0.0,,0.0,0.0,0.0,0.0,0.0,,0.0,0.0,0.0,0.0,0.0,1.0,0.0,2.0,0.0,0.0,0.0,0.0,0.0,0.0,0.0,3.0,6.0,Madhya Pradesh,Niwari
madhya pradesh,niwari,2022,0.0,,0.0,0.0,0.0,0.0,0.0,0.0,0.0,0.0,0.0,0.0,0.0,0.0,0.0,0.0,0.0,0.0,0.0,0.0,1.0,0.0,0.0,0.0,0.0,0.0,0.0,0.0,0.0,0.0,,Madhya Pradesh,Niwari
madhya pradesh,panna,2017,0.0,0.0,,,0.0,0.0,1.0,0.0,0.0,,0.0,0.0,,0.0,0.0,0.0,0.0,0.0,0.0,0.0,0.0,0.0,0.0,0.0,0.0,0.0,0.0,0.0,,0.0,0.0,Madhya Pradesh,Panna
madhya pradesh,panna,2018,0.0,0.0,0.0,0.0,0.0,0.0,0.0,0.0,0.0,0.0,,0.0,0.0,0.0,0.0,,,0.0,0.0,0.0,0.0,0.0,0.0,0.0,0.0,,0.0,0.0,0.0,0.0,0.0,Madhya Pradesh,Panna
madhya pradesh,panna,2019,0.0,0.0,0.0,0.0,0.0,0.0,1.0,0.0,0.0,0.0,0.0,0.0,0.0,1.0,0.0,,0.0,,0.0,0.0,0.0,0.0,0.0,0.0,0.0,,0.0,0.0,0.0,0.0,0.0,Madhya Pradesh,Panna
madhya pradesh,panna,2020,0.0,0.0,0.0,0.0,0.0,0.0,1.0,0.0,0.0,0.0,0.0,0.0,0.0,0.0,0.0,,0.0,0.0,0.0,,0.0,0.0,0.0,0.0,0.0,0.0,0.0,0.0,0.0,0.0,0.0,Madhya Pradesh,Panna
madhya pradesh,panna,2021,0.0,0.0,0.0,0.0,0.0,,0.0,0.0,0.0,0.0,,,0.0,,0.0,0.0,,,5.0,4.0,0.0,0.0,0.0,0.0,0.0,0.0,0.0,0.0,0.0,0.0,9.0,Madhya Pradesh,Panna
madhya pradesh,panna,2022,0.0,0.0,0.0,0.0,0.0,0.0,1.0,0.0,0.0,,0.0,0.0,0.0,0.0,0.0,0.0,0.0,0.0,3.0,2.0,2.0,0.0,0.0,0.0,0.0,0.0,0.0,0.0,,0.0,7.0,Madhya Pradesh,Panna
madhya pradesh,raisen,2017,0.0,0.0,0.0,0.0,0.0,2.0,0.0,,0.0,0.0,0.0,0.0,0.0,0.0,0.0,0.0,0.0,0.0,0.0,0.0,0.0,0.0,0.0,,0.0,0.0,0.0,0.0,0.0,0.0,0.0,Madhya Pradesh,Raisen
madhya pradesh,raisen,2018,0.0,0.0,0.0,0.0,,0.0,0.0,0.0,0.0,,0.0,,,0.0,0.0,0.0,0.0,,0.0,0.0,0.0,0.0,0.0,0.0,,0.0,0.0,0.0,0.0,0.0,0.0,Madhya Pradesh,Raisen
madhya pradesh,raisen,2019,0.0,0.0,0.0,0.0,0.0,0.0,0.0,0.0,,0.0,0.0,,0.0,,0.0,0.0,0.0,0.0,0.0,0.0,0.0,0.0,0.0,,0.0,,0.0,0.0,,0.0,0.0,Madhya Pradesh,Raisen
madhya pradesh,raisen,2020,,0.0,0.0,0.0,0.0,0.0,0.0,0.0,,0.0,0.0,0.0,0.0,0.0,0.0,0.0,0.0,0.0,0.0,0.0,0.0,0.0,0.0,0.0,0.0,0.0,0.0,0.0,0.0,0.0,0.0,Madhya Pradesh,Raisen
madhya pradesh,raisen,2021,0.0,0.0,0.0,0.0,0.0,0.0,0.0,0.0,0.0,0.0,0.0,0.0,,2.0,0.0,,0.0,0.0,0.0,0.0,0.0,0.0,0.0,0.0,0.0,0.0,0.0,0.0,0.0,0.0,0.0,Madhya Pradesh,Raisen
madhya pradesh,raisen,2022,0.0,0.0,0.0,0.0,0.0,0.0,0.0,0.0,0.0,,0.0,0.0,0.0,0.0,0.0,0.0,0.0,0.0,0.0,0.0,0.0,0.0,0.0,0.0,0.0,0.0,,0.0,0.0,0.0,0.0,Madhya Pradesh,Raisen
madhya pradesh,rajgarh,2017,0.0,,0.0,0.0,0.0,0.0,1.0,,,0.0,,0.0,0.0,0.0,0.0,0.0,0.0,1.0,0.0,0.0,0.0,0.0,0.0,0.0,0.0,0.0,0.0,0.0,1.0,0.0,2.0,Madhya Pradesh,Rajgarh
madhya pradesh,rajgarh,2018,,0.0,,0.0,,0.0,0.0,,0.0,0.0,0.0,0.0,0.0,0.0,0.0,0.0,0.0,0.0,0.0,0.0,0.0,0.0,0.0,0.0,0.0,0.0,0.0,,0.0,0.0,0.0,Madhya Pradesh,Rajgarh
madhya pradesh,rajgarh,2019,0.0,,0.0,0.0,,0.0,0.0,0.0,0.0,0.0,0.0,0.0,0.0,0.0,0.0,0.0,0.0,0.0,0.0,0.0,0.0,0.0,0.0,0.0,0.0,0.0,0.0,0.0,0.0,0.0,0.0,Madhya Pradesh,Rajgarh
madhya pradesh,rajgarh,2020,0.0,0.0,0.0,,0.0,0.0,2.0,0.0,0.0,0.0,,0.0,0.0,0.0,0.0,0.0,0.0,0.0,0.0,0.0,0.0,0.0,0.0,0.0,0.0,0.0,0.0,0.0,0.0,0.0,0.0,Madhya Pradesh,Rajgarh
madhya pradesh,rajgarh,2021,2.0,0.0,,0.0,0.0,0.0,1.0,0.0,0.0,0.0,0.0,0.0,,0.0,1.0,0.0,,0.0,5.0,,,0.0,1.0,0.0,0.0,0.0,0.0,0.0,0.0,0.0,,Madhya Pradesh,Rajgarh
madhya pradesh,rajgarh,2022,0.0,0.0,1.0,0.0,0.0,0.0,0.0,,0.0,0.0,0.0,0.0,0.0,0.0,0.0,,0.0,1.0,,0.0,0.0,0.0,,0.0,0.0,0.0,0.0,0.0,0.0,0.0,1.0,Madhya Pradesh,Rajgarh
madhya pradesh,ratlam,2017,0.0,0.0,,0.0,0.0,0.0,0.0,0.0,0.0,0.0,0.0,,0.0,0.0,0.0,0.0,5.0,0.0,0.0,0.0,0.0,2.0,0.0,1.0,0.0,0.0,,0.0,1.0,,9.0,Madhya Pradesh,Ratlam
madhya pradesh,ratlam,2018,0.0,0.0,0.0,0.0,,0.0,0.0,0.0,0.0,0.0,0.0,0.0,0.0,0.0,3.0,0.0,0.0,0.0,0.0,0.0,1.0,0.0,0.0,1.0,,0.0,0.0,0.0,0.0,0.0,7.0,Madhya Pradesh,Ratlam
madhya pradesh,ratlam,2019,0.0,0.0,0.0,0.0,0.0,0.0,0.0,0.0,0.0,0.0,0.0,,0.0,0.0,1.0,0.0,,0.0,0.0,0.0,0.0,4.0,2.0,0.0,0.0,0.0,0.0,0.0,,5.0,12.0,Madhya Pradesh,Ratlam
madhya pradesh,ratlam,2020,0.0,0.0,0.0,0.0,,0.0,0.0,0.0,,0.0,0.0,0.0,0.0,0.0,1.0,,1.0,0.0,0.0,0.0,9.0,0.0,0.0,3.0,,0.0,0.0,0.0,1.0,,42.0,Madhya Pradesh,Ratlam
madhya pradesh,ratlam,2021,0.0,0.0,0.0,0.0,0.0,,0.0,0.0,0.0,0.0,0.0,0.0,0.0,0.0,4.0,0.0,0.0,0.0,0.0,0.0,0.0,0.0,0.0,0.0,0.0,0.0,0.0,1.0,0.0,7.0,12.0,Madhya Pradesh,Ratlam
madhya pradesh,ratlam,2022,0.0,0.0,0.0,0.0,0.0,0.0,0.0,0.0,0.0,0.0,,0.0,0.0,0.0,0.0,0.0,2.0,3.0,0.0,,11.0,0.0,0.0,0.0,0.0,0.0,,0.0,0.0,0.0,17.0,Madhya Pradesh,Ratlam
madhya pradesh,rewa,2017,0.0,0.0,6.0,0.0,0.0,1.0,,0.0,2.0,0.0,0.0,0.0,0.0,0.0,0.0,0.0,0.0,0.0,0.0,0.0,0.0,0.0,0.0,0.0,0.0,0.0,0.0,0.0,0.0,0.0,0.0,Madhya Pradesh,Rewa
madhya pradesh,rewa,2018,0.0,0.0,0.0,0.0,0.0,0.0,0.0,,0.0,0.0,0.0,0.0,0.0,0.0,0.0,0.0,0.0,0.0,0.0,0.0,0.0,0.0,0.0,0.0,0.0,0.0,0.0,0.0,0.0,0.0,0.0,Madhya Pradesh,Rewa
madhya pradesh,rewa,2019,0.0,0.0,0.0,0.0,0.0,0.0,,0.0,0.0,0.0,0.0,0.0,0.0,0.0,0.0,0.0,0.0,0.0,0.0,0.0,0.0,0.0,,0.0,0.0,0.0,0.0,0.0,0.0,0.0,0.0,Madhya Pradesh,Rewa
madhya pradesh,rewa,2020,0.0,0.0,0.0,0.0,0.0,,0.0,0.0,0.0,0.0,0.0,0.0,0.0,0.0,0.0,0.0,0.0,0.0,0.0,0.0,0.0,6.0,0.0,0.0,,0.0,0.0,0.0,,0.0,6.0,Madhya Pradesh,Rewa
madhya pradesh,rewa,2021,0.0,,0.0,0.0,1.0,5.0,0.0,0.0,0.0,1.0,,0.0,0.0,0.0,0.0,0.0,0.0,0.0,4.0,0.0,0.0,0.0,0.0,0.0,,0.0,0.0,0.0,0.0,0.0,,Madhya Pradesh,Rewa
madhya pradesh,rewa,2022,0.0,0.0,0.0,1.0,0.0,4.0,2.0,0.0,,0.0,0.0,0.0,0.0,0.0,0.0,0.0,,0.0,4.0,0.0,0.0,0.0,0.0,0.0,,0.0,,,0.0,10.0,14.0,Madhya Pradesh,Rewa
madhya pradesh,sagar,2017,0.0,0.0,0.0,0.0,0.0,1.0,0.0,0.0,0.0,,0.0,,,0.0,,1.0,0.0,,0.0,0.0,0.0,2.0,0.0,0.0,0.0,0.0,0.0,4.0,,2.0,14.0,Madhya Pradesh,Sagar
madhya pradesh,sagar,2018,0.0,,0.0,0.0,0.0,0.0,0.0,,0.0,0.0,0.0,0.0,0.0,0.0,4.0,,0.0,0.0,0.0,0.0,0.0,1.0,0.0,,0.0,0.0,,2.0,6.0,19.0,33.0,Madhya Pradesh,Sagar
madhya pradesh,sagar,2019,0.0,0.0,0.0,0.0,0.0,0.0,0.0,0.0,,0.0,0.0,0.0,0.0,0.0,3.0,0.0,0.0,0.0,0.0,0.0,,4.0,0.0,0.0,0.0,0.0,0.0,0.0,,,12.0,Madhya Pradesh,Sagar
madhya pradesh,sagar,2020,0.0,0.0,0.0,0.0,0.0,0.0,0.0,0.0,0.0,,0.0,0.0,0.0,0.0,5.0,2.0,0.0,0.0,0.0,0.0,0.0,1.0,0.0,0.0,0.0,0.0,0.0,0.0,0.0,5.0,13.0,Madhya Pradesh,Sagar
madhya pradesh,sagar,2021,0.0,0.0,0.0,0.0,0.0,,0.0,0.0,0.0,0.0,0.0,0.0,0.0,0.0,7.0,0.0,0.0,0.0,,0.0,,3.0,1.0,0.0,0.0,0.0,0.0,1.0,0.0,8.0,20.0,Madhya Pradesh,Sagar
madhya pradesh,sagar,2022,0.0,0.0,0.0,,0.0,0.0,0.0,0.0,,0.0,0.0,0.0,0.0,0.0,,,0.0,,,0.0,0.0,1.0,0.0,0.0,0.0,0.0,0.0,0.0,0.0,6.0,11.0,Madhya Pradesh,Sagar
madhya pradesh,satna,2017,0.0,0.0,0.0,0.0,0.0,0.0,,0.0,0.0,0.0,0.0,0.0,0.0,0.0,0.0,0.0,0.0,,0.0,0.0,0.0,0.0,0.0,0.0,0.0,0.0,0.0,0.0,0.0,0.0,0.0,Madhya Pradesh,Satna
madhya pradesh,satna,2018,0.0,,0.0,0.0,,0.0,0.0,,0.0,0.0,0.0,0.0,0.0,0.0,0.0,0.0,0.0,0.0,0.0,0.0,0.0,0.0,0.0,0.0,0.0,0.0,0.0,,0.0,0.0,0.0,Madhya Pradesh,Satna
madhya pradesh,satna,2019,0.0,0.0,0.0,0.0,0.0,0.0,0.0,0.0,0.0,0.0,0.0,,0.0,0.0,0.0,0.0,0.0,0.0,0.0,0.0,,0.0,0.0,0.0,0.0,0.0,0.0,0.0,,0.0,0.0,Madhya Pradesh,Satna
madhya pradesh,satna,2020,0.0,0.0,0.0,0.0,0.0,0.0,0.0,0.0,0.0,0.0,,0.0,0.0,0.0,0.0,0.0,0.0,0.0,0.0,0.0,0.0,,0.0,0.0,0.0,0.0,0.0,0.0,0.0,0.0,,Madhya Pradesh,Satna
madhya pradesh,satna,2021,0.0,0.0,0.0,0.0,0.0,0.0,0.0,0.0,0.0,0.0,0.0,,0.0,0.0,4.0,0.0,0.0,0.0,0.0,0.0,0.0,3.0,0.0,0.0,0.0,0.0,0.0,0.0,0.0,0.0,7.0,Madhya Pradesh,Satna
madhya pradesh,satna,2022,0.0,0.0,0.0,0.0,0.0,0.0,0.0,0.0,0.0,0.0,,0.0,0.0,0.0,3.0,0.0,0.0,0.0,0.0,0.0,,0.0,0.0,0.0,0.0,0.0,0.0,,0.0,0.0,3.0,Madhya Pradesh,Satna
madhya pradesh,sehore,2017,0.0,0.0,0.0,0.0,0.0,0.0,,0.0,0.0,,,0.0,0.0,0.0,0.0,0.0,0.0,0.0,,0.0,0.0,0.0,0.0,0.0,0.0,0.0,,0.0,,0.0,0.0,Madhya Pradesh,Sehore
madhya pradesh,sehore,2018,0.0,0.0,0.0,0.0,0.0,,0.0,0.0,0.0,0.0,0.0,0.0,0.0,0.0,0.0,0.0,0.0,0.0,0.0,0.0,0.0,,0.0,0.0,0.0,0.0,,0.0,0.0,0.0,,Madhya Pradesh,Sehore
madhya pradesh,sehore,2019,0.0,0.0,0.0,,0.0,0.0,0.0,0.0,,0.0,,0.0,0.0,,0.0,0.0,0.0,0.0,0.0,0.0,,0.0,0.0,0.0,,0.0,,0.0,0.0,0.0,,Madhya Pradesh,Sehore
madhya pradesh,sehore,2020,0.0,0.0,0.0,,,0.0,0.0,0.0,0.0,0.0,0.0,0.0,0.0,0.0,0.0,0.0,,0.0,0.0,0.0,0.0,0.0,0.0,0.0,0.0,0.0,0.0,0.0,0.0,0.0,0.0,Madhya Pradesh,Sehore
madhya pradesh,sehore,2021,0.0,0.0,0.0,0.0,0.0,0.0,0.0,0.0,,0.0,0.0,0.0,0.0,0.0,0.0,0.0,0.0,0.0,0.0,0.0,0.0,0.0,0.0,0.0,0.0,0.0,,,0.0,0.0,0.0,Madhya Pradesh,Sehore
madhya pradesh,sehore,2022,0.0,0.0,0.0,0.0,0.0,,1.0,0.0,0.0,0.0,0.0,,0.0,0.0,0.0,0.0,0.0,0.0,0.0,0.0,0.0,0.0,0.0,0.0,0.0,,0.0,0.0,0.0,,,Madhya Pradesh,Sehore
madhya pradesh,seoni,2017,0.0,0.0,0.0,0.0,0.0,0.0,,0.0,0.0,0.0,0.0,0.0,0.0,1.0,3.0,0.0,0.0,1.0,0.0,0.0,0.0,0.0,0.0,,0.0,0.0,,0.0,0.0,3.0,7.0,Madhya Pradesh,Seoni
madhya pradesh,seoni,2018,0.0,0.0,0.0,0.0,0.0,0.0,0.0,,0.0,0.0,0.0,0.0,,0.0,3.0,0.0,0.0,0.0,0.0,0.0,0.0,0.0,0.0,0.0,0.0,0.0,0.0,0.0,0.0,0.0,,Madhya Pradesh,Seoni
madhya pradesh,seoni,2019,0.0,0.0,0.0,0.0,0.0,0.0,0.0,0.0,0.0,0.0,0.0,0.0,0.0,0.0,1.0,0.0,,1.0,0.0,0.0,0.0,0.0,0.0,0.0,0.0,0.0,0.0,0.0,0.0,,4.0,Madhya Pradesh,Seoni
madhya pradesh,seoni,2020,0.0,0.0,0.0,0.0,0.0,0.0,0.0,0.0,,,0.0,0.0,0.0,0.0,,0.0,,0.0,0.0,0.0,0.0,0.0,0.0,,,0.0,0.0,0.0,0.0,1.0,3.0,Madhya Pradesh,Seoni
madhya pradesh,seoni,2021,0.0,0.0,0.0,0.0,0.0,0.0,0.0,0.0,0.0,0.0,0.0,0.0,0.0,1.0,0.0,0.0,0.0,0.0,0.0,0.0,0.0,0.0,0.0,0.0,0.0,0.0,0.0,0.0,0.0,0.0,,Madhya Pradesh,Seoni
madhya pradesh,shahdol,2017,0.0,0.0,0.0,0.0,0.0,,0.0,0.0,0.0,0.0,0.0,0.0,0.0,0.0,0.0,0.0,0.0,,0.0,0.0,0.0,0.0,0.0,0.0,0.0,0.0,0.0,0.0,1.0,1.0,9.0,Madhya Pradesh,Shahdol
madhya pradesh,shahdol,2018,0.0,0.0,,0.0,0.0,0.0,0.0,0.0,0.0,0.0,0.0,0.0,,0.0,0.0,,0.0,0.0,,0.0,0.0,3.0,0.0,1.0,0.0,,0.0,2.0,0.0,5.0,11.0,Madhya Pradesh,Shahdol
madhya pradesh,shahdol,2019,0.0,0.0,0.0,,0.0,0.0,0.0,0.0,0.0,0.0,0.0,0.0,0.0,0.0,2.0,,0.0,1.0,0.0,0.0,,0.0,0.0,,0.0,0.0,,0.0,1.0,0.0,4.0,Madhya Pradesh,Shahdol
madhya pradesh,shahdol,2020,0.0,0.0,0.0,0.0,0.0,0.0,0.0,0.0,0.0,,,0.0,0.0,0.0,0.0,0.0,0.0,0.0,0.0,0.0,2.0,0.0,0.0,0.0,0.0,0.0,0.0,0.0,3.0,3.0,8.0,Madhya Pradesh,Shahdol
madhya pradesh,shahdol,2021,0.0,0.0,0.0,0.0,0.0,0.0,0.0,,0.0,0.0,0.0,0.0,0.0,,,0.0,,0.0,0.0,2.0,1.0,0.0,0.0,0.0,0.0,0.0,0.0,0.0,0.0,0.0,4.0,Madhya Pradesh,Shahdol
madhya pradesh,shahdol,2022,0.0,0.0,0.0,0.0,0.0,0.0,0.0,0.0,0.0,0.0,,0.0,0.0,0.0,3.0,0.0,0.0,0.0,1.0,,0.0,0.0,0.0,,0.0,0.0,0.0,0.0,0.0,0.0,5.0,Madhya Pradesh,Shahdol
madhya pradesh,shajapur,2017,0.0,0.0,0.0,0.0,1.0,,0.0,0.0,0.0,0.0,,,0.0,,2.0,0.0,0.0,0.0,,0.0,0.0,2.0,,0.0,0.0,0.0,0.0,0.0,0.0,3.0,7.0,Madhya Pradesh,Shajapur
madhya pradesh,shajapur,2018,0.0,0.0,0.0,0.0,0.0,0.0,,,,0.0,0.0,0.0,0.0,0.0,,0.0,0.0,1.0,0.0,0.0,0.0,0.0,0.0,0.0,0.0,0.0,0.0,0.0,0.0,,9.0,Madhya Pradesh,Shajapur
madhya pradesh,shajapur,2019,,0.0,0.0,0.0,0.0,0.0,0.0,0.0,0.0,0.0,,0.0,,,2.0,0.0,0.0,0.0,1.0,0.0,,0.0,0.0,0.0,,,0.0,0.0,0.0,,6.0,Madhya Pradesh,Shajapur
madhya pradesh,shajapur,2020,0.0,0.0,0.0,0.0,1.0,0.0,0.0,0.0,0.0,0.0,0.0,0.0,0.0,0.0,1.0,0.0,0.0,0.0,0.0,,0.0,0.0,0.0,0.0,0.0,0.0,0.0,0.0,0.0,1.0,2.0,Madhya Pradesh,Shajapur
madhya pradesh,shajapur,2021,0.0,0.0,0.0,0.0,0.0,,0.0,0.0,0.0,,,0.0,0.0,0.0,2.0,0.0,0.0,0.0,0.0,0.0,0.0,2.0,0.0,0.0,0.0,0.0,0.0,,0.0,1.0,6.0,Madhya Pradesh,Shajapur
madhya pradesh,shajapur,2022,0.0,0.0,0.0,0.0,0.0,0.0,0.0,0.0,0.0,0.0,0.0,0.0,0.0,0.0,,0.0,0.0,0.0,0.0,0.0,0.0,0.0,0.0,0.0,0.0,0.0,0.0,0.0,0.0,0.0,3.0,Madhya Pradesh,Shajapur
madhya pradesh,sheopur,2017,0.0,,0.0,0.0,0.0,0.0,0.0,0.0,0.0,0.0,0.0,0.0,0.0,,0.0,0.0,0.0,,,0.0,0.0,0.0,0.0,0.0,0.0,0.0,,0.0,0.0,0.0,0.0,Madhya Pradesh,Sheopur
madhya pradesh,sheopur,2018,0.0,0.0,0.0,1.0,0.0,0.0,,0.0,0.0,0.0,0.0,0.0,0.0,,,0.0,,0.0,0.0,0.0,0.0,0.0,0.0,0.0,0.0,0.0,0.0,0.0,0.0,0.0,,Madhya Pradesh,Sheopur
madhya pradesh,sheopur,2019,0.0,0.0,0.0,0.0,0.0,0.0,0.0,0.0,0.0,0.0,0.0,0.0,0.0,0.0,0.0,0.0,0.0,0.0,0.0,0.0,,0.0,0.0,0.0,0.0,0.0,0.0,0.0,0.0,0.0,0.0,Madhya Pradesh,Sheopur
madhya pradesh,sheopur,2020,0.0,0.0,0.0,0.0,0.0,,0.0,0.0,2.0,0.0,0.0,,0.0,0.0,0.0,0.0,0.0,0.0,0.0,0.0,0.0,0.0,0.0,0.0,0.0,0.0,0.0,0.0,0.0,0.0,0.0,Madhya Pradesh,Sheopur
madhya pradesh,sheopur,2021,0.0,0.0,0.0,0.0,0.0,0.0,0.0,0.0,0.0,0.0,0.0,,0.0,0.0,0.0,0.0,0.0,0.0,0.0,0.0,0.0,0.0,0.0,0.0,0.0,0.0,0.0,0.0,0.0,0.0,0.0,Madhya Pradesh,Sheopur
madhya pradesh,sheopur,2022,,0.0,0.0,0.0,0.0,0.0,0.0,0.0,0.0,0.0,0.0,0.0,0.0,0.0,0.0,0.0,0.0,0.0,0.0,0.0,0.0,0.0,0.0,0.0,0.0,0.0,,0.0,0.0,0.0,0.0,Madhya Pradesh,Sheopur
madhya pradesh,shivpuri,2017,0.0,0.0,0.0,0.0,0.0,0.0,0.0,0.0,,0.0,0.0,0.0,0.0,,0.0,0.0,0.0,,0.0,0.0,0.0,0.0,0.0,0.0,0.0,0.0,0.0,0.0,0.0,0.0,0.0,Madhya Pradesh,Shivpuri
madhya pradesh,shivpuri,2018,0.0,,0.0,0.0,0.0,0.0,0.0,0.0,0.0,0.0,0.0,0.0,0.0,0.0,0.0,0.0,0.0,0.0,0.0,0.0,0.0,0.0,,0.0,0.0,,0.0,0.0,,0.0,0.0,Madhya Pradesh,Shivpuri
madhya pradesh,shivpuri,2019,,,0.0,,0.0,0.0,0.0,0.0,0.0,0.0,0.0,0.0,0.0,0.0,0.0,0.0,,0.0,0.0,0.0,,0.0,0.0,0.0,0.0,,0.0,0.0,0.0,0.0,,Madhya Pradesh,Shivpuri
madhya pradesh,shivpuri,2020,0.0,0.0,0.0,0.0,0.0,0.0,0.0,0.0,0.0,0.0,0.0,0.0,,0.0,0.0,0.0,0.0,0.0,0.0,0.0,0.0,0.0,0.0,0.0,0.0,0.0,0.0,0.0,0.0,0.0,0.0,Madhya Pradesh,Shivpuri
madhya pradesh,shivpuri,2021,0.0,0.0,0.0,,0.0,0.0,0.0,0.0,0.0,0.0,0.0,0.0,0.0,0.0,,0.0,0.0,0.0,0.0,0.0,0.0,0.0,0.0,0.0,0.0,0.0,0.0,0.0,0.0,0.0,0.0,Madhya Pradesh,Shivpuri
madhya pradesh,shivpuri,2022,0.0,0.0,0.0,,0.0,0.0,0.0,0.0,0.0,0.0,0.0,0.0,0.0,0.0,0.0,0.0,0.0,0.0,8.0,0.0,0.0,,0.0,0.0,0.0,0.0,0.0,2.0,1.0,0.0,11.0,Madhya Pradesh,Shivpuri
madhya pradesh,sidhi,2017,0.0,0.0,,0.0,0.0,,0.0,,0.0,0.0,0.0,0.0,0.0,0.0,0.0,0.0,0.0,0.0,,0.0,0.0,0.0,0.0,0.0,0.0,0.0,0.0,,0.0,0.0,0.0,Madhya Pradesh,Sidhi
madhya pradesh,sidhi,2018,0.0,0.0,,0.0,0.0,0.0,0.0,0.0,0.0,0.0,0.0,0.0,0.0,0.0,1.0,0.0,0.0,0.0,,0.0,0.0,0.0,,0.0,0.0,0.0,0.0,2.0,0.0,0.0,3.0,Madhya Pradesh,Sidhi
madhya pradesh,sidhi,2019,0.0,0.0,0.0,0.0,0.0,0.0,0.0,0.0,11.0,0.0,,0.0,0.0,0.0,0.0,0.0,0.0,0.0,0.0,0.0,,0.0,0.0,,0.0,0.0,0.0,,0.0,0.0,0.0,Madhya Pradesh,Sidhi
madhya pradesh,sidhi,2020,0.0,0.0,0.0,0.0,0.0,0.0,0.0,0.0,2.0,0.0,0.0,0.0,0.0,0.0,0.0,0.0,0.0,0.0,0.0,0.0,2.0,,0.0,0.0,0.0,0.0,,0.0,0.0,0.0,2.0,Madhya Pradesh,Sidhi
madhya pradesh,sidhi,2021,,0.0,0.0,0.0,0.0,0.0,0.0,0.0,0.0,0.0,0.0,0.0,0.0,0.0,0.0,0.0,,0.0,0.0,,0.0,,,0.0,0.0,0.0,0.0,0.0,0.0,0.0,,Madhya Pradesh,Sidhi
madhya pradesh,sidhi,2022,0.0,0.0,0.0,0.0,0.0,0.0,0.0,0.0,0.0,0.0,0.0,0.0,0.0,0.0,14.0,0.0,0.0,0.0,3.0,0.0,0.0,0.0,0.0,0.0,0.0,0.0,0.0,2.0,0.0,0.0,19.0,Madhya Pradesh,Sidhi
madhya pradesh,singrauli,2017,0.0,0.0,0.0,0.0,0.0,0.0,,0.0,,,0.0,0.0,,0.0,0.0,0.0,0.0,10.0,,0.0,0.0,0.0,0.0,0.0,0.0,0.0,0.0,1.0,1.0,1.0,13.0,Madhya Pradesh,Singrauli
madhya pradesh,singrauli,2018,0.0,0.0,0.0,0.0,,0.0,0.0,0.0,0.0,0.0,0.0,0.0,0.0,0.0,,0.0,,1.0,0.0,,,2.0,0.0,0.0,0.0,0.0,0.0,0.0,,7.0,10.0,Madhya Pradesh,Singrauli
madhya pradesh,singrauli,2019,0.0,0.0,,0.0,0.0,0.0,,0.0,0.0,0.0,0.0,,0.0,0.0,1.0,0.0,0.0,1.0,0.0,0.0,,1.0,0.0,0.0,0.0,0.0,0.0,0.0,0.0,5.0,8.0,Madhya Pradesh,Singrauli
madhya pradesh,singrauli,2020,0.0,0.0,0.0,0.0,1.0,0.0,0.0,0.0,0.0,,0.0,0.0,,1.0,0.0,0.0,0.0,0.0,0.0,0.0,1.0,0.0,0.0,0.0,,0.0,0.0,0.0,0.0,6.0,7.0,Madhya Pradesh,Singrauli
madhya pradesh,singrauli,2021,0.0,0.0,0.0,0.0,0.0,0.0,0.0,,0.0,0.0,0.0,0.0,0.0,0.0,0.0,0.0,0.0,6.0,0.0,0.0,1.0,0.0,2.0,,0.0,0.0,0.0,1.0,0.0,3.0,13.0,Madhya Pradesh,Singrauli
madhya pradesh,singrauli,2022,0.0,0.0,0.0,0.0,0.0,1.0,0.0,0.0,0.0,0.0,0.0,0.0,0.0,0.0,4.0,,0.0,,,0.0,2.0,0.0,0.0,0.0,0.0,0.0,0.0,,0.0,1.0,10.0,Madhya Pradesh,Singrauli
madhya pradesh,tikamgarh,2017,0.0,0.0,0.0,0.0,0.0,0.0,0.0,0.0,0.0,,0.0,0.0,0.0,1.0,3.0,0.0,0.0,0.0,,0.0,2.0,3.0,0.0,0.0,0.0,0.0,0.0,4.0,0.0,6.0,18.0,Madhya Pradesh,Tikamgarh
madhya pradesh,tikamgarh,2018,0.0,0.0,0.0,,0.0,0.0,0.0,,0.0,0.0,0.0,0.0,0.0,,2.0,0.0,0.0,0.0,2.0,0.0,0.0,3.0,0.0,0.0,0.0,0.0,0.0,0.0,0.0,23.0,31.0,Madhya Pradesh,Tikamgarh
madhya pradesh,tikamgarh,2019,0.0,0.0,0.0,0.0,0.0,,0.0,0.0,0.0,,0.0,,0.0,,,,,0.0,0.0,0.0,0.0,2.0,0.0,0.0,0.0,0.0,0.0,1.0,0.0,0.0,3.0,Madhya Pradesh,Tikamgarh
madhya pradesh,tikamgarh,2020,0.0,0.0,0.0,0.0,0.0,,0.0,0.0,,0.0,0.0,0.0,0.0,,2.0,0.0,0.0,0.0,0.0,0.0,0.0,0.0,0.0,0.0,0.0,0.0,0.0,0.0,,1.0,,Madhya Pradesh,Tikamgarh
madhya pradesh,tikamgarh,2021,0.0,0.0,0.0,0.0,0.0,0.0,0.0,,0.0,0.0,0.0,0.0,0.0,0.0,,0.0,0.0,0.0,4.0,1.0,1.0,0.0,0.0,0.0,0.0,0.0,0.0,0.0,0.0,1.0,10.0,Madhya Pradesh,Tikamgarh
madhya pradesh,tikamgarh,2022,0.0,0.0,0.0,0.0,0.0,0.0,0.0,0.0,0.0,0.0,,0.0,0.0,0.0,2.0,0.0,0.0,0.0,2.0,,0.0,0.0,1.0,0.0,0.0,0.0,0.0,0.0,1.0,1.0,8.0,Madhya Pradesh,Tikamgarh
madhya pradesh,ujjain,2017,0.0,0.0,0.0,0.0,0.0,0.0,0.0,0.0,0.0,0.0,0.0,0.0,0.0,,0.0,1.0,0.0,6.0,0.0,0.0,0.0,0.0,0.0,,0.0,,0.0,1.0,,28.0,38.0,Madhya Pradesh,Ujjain
madhya pradesh,ujjain,2018,,0.0,1.0,0.0,0.0,0.0,0.0,0.0,0.0,0.0,,0.0,0.0,0.0,0.0,0.0,,2.0,0.0,0.0,3.0,,0.0,0.0,,0.0,0.0,0.0,1.0,22.0,28.0,Madhya Pradesh,Ujjain
madhya pradesh,ujjain,2019,0.0,0.0,0.0,0.0,0.0,0.0,1.0,0.0,0.0,0.0,0.0,0.0,0.0,0.0,0.0,0.0,0.0,,0.0,0.0,6.0,0.0,0.0,0.0,0.0,,0.0,0.0,2.0,8.0,16.0,Madhya Pradesh,Ujjain
madhya pradesh,ujjain,2020,0.0,0.0,0.0,,0.0,0.0,,0.0,0.0,0.0,0.0,0.0,0.0,0.0,1.0,0.0,3.0,1.0,6.0,0.0,0.0,0.0,0.0,0.0,0.0,1.0,,0.0,2.0,14.0,29.0,Madhya Pradesh,Ujjain
madhya pradesh,ujjain,2021,0.0,,0.0,0.0,1.0,0.0,0.0,,0.0,0.0,0.0,0.0,0.0,0.0,4.0,0.0,0.0,0.0,1.0,1.0,3.0,0.0,0.0,0.0,0.0,,0.0,,3.0,4.0,17.0,Madhya Pradesh,Ujjain
madhya pradesh,ujjain,2022,0.0,0.0,0.0,0.0,1.0,0.0,0.0,0.0,0.0,0.0,,0.0,0.0,0.0,2.0,0.0,2.0,0.0,1.0,,2.0,0.0,0.0,1.0,0.0,,,0.0,0.0,6.0,,Madhya Pradesh,Ujjain
madhya pradesh,umaria,2017,0.0,0.0,0.0,0.0,0.0,2.0,0.0,0.0,0.0,,0.0,,0.0,,0.0,0.0,0.0,0.0,,0.0,,0.0,0.0,,0.0,0.0,0.0,0.0,0.0,0.0,0.0,Madhya Pradesh,Umaria
madhya pradesh,umaria,2018,0.0,0.0,0.0,,0.0,1.0,0.0,,0.0,0.0,0.0,0.0,0.0,0.0,0.0,0.0,0.0,0.0,0.0,,0.0,0.0,0.0,,0.0,0.0,0.0,,0.0,0.0,0.0,Madhya Pradesh,Umaria
madhya pradesh,umaria,2019,0.0,0.0,0.0,,0.0,0.0,0.0,,0.0,0.0,0.0,0.0,0.0,0.0,0.0,0.0,,0.0,0.0,0.0,,0.0,0.0,0.0,0.0,0.0,,0.0,0.0,0.0,0.0,Madhya Pradesh,Umaria
madhya pradesh,umaria,2020,0.0,0.0,0.0,0.0,0.0,,0.0,0.0,0.0,0.0,0.0,0.0,0.0,0.0,0.0,0.0,0.0,0.0,,0.0,0.0,0.0,,0.0,0.0,0.0,0.0,,0.0,0.0,0.0,Madhya Pradesh,Umaria
madhya pradesh,umaria,2021,0.0,0.0,0.0,0.0,0.0,0.0,0.0,0.0,0.0,0.0,0.0,0.0,0.0,0.0,0.0,0.0,0.0,0.0,0.0,0.0,0.0,0.0,,0.0,0.0,0.0,0.0,0.0,0.0,0.0,0.0,Madhya Pradesh,Umaria
madhya pradesh,umaria,2022,,0.0,0.0,0.0,0.0,0.0,0.0,0.0,0.0,,0.0,,,0.0,,0.0,0.0,0.0,0.0,0.0,,,,0.0,0.0,0.0,0.0,,0.0,0.0,,Madhya Pradesh,Umaria
madhya pradesh,vidisha,2017,0.0,0.0,0.0,0.0,0.0,0.0,0.0,,0.0,0.0,0.0,0.0,0.0,0.0,0.0,0.0,0.0,0.0,0.0,0.0,0.0,0.0,0.0,,0.0,,0.0,0.0,0.0,0.0,0.0,Madhya Pradesh,Vidisha
madhya pradesh,vidisha,2018,0.0,0.0,0.0,0.0,0.0,0.0,,0.0,0.0,0.0,0.0,0.0,0.0,0.0,0.0,0.0,0.0,0.0,0.0,0.0,0.0,,0.0,,0.0,0.0,0.0,0.0,0.0,0.0,0.0,Madhya Pradesh,Vidisha
madhya pradesh,vidisha,2019,0.0,0.0,,0.0,0.0,0.0,0.0,0.0,0.0,0.0,,0.0,0.0,,0.0,0.0,,0.0,0.0,0.0,0.0,0.0,0.0,0.0,0.0,0.0,,0.0,0.0,,0.0,Madhya Pradesh,Vidisha
madhya pradesh,vidisha,2020,0.0,0.0,0.0,0.0,0.0,0.0,0.0,0.0,0.0,0.0,0.0,0.0,,0.0,0.0,0.0,,0.0,0.0,,,0.0,0.0,0.0,0.0,,0.0,,0.0,0.0,,Madhya Pradesh,Vidisha
madhya pradesh,vidisha,2021,0.0,0.0,0.0,0.0,,0.0,0.0,0.0,0.0,0.0,0.0,,0.0,0.0,0.0,,0.0,0.0,0.0,0.0,0.0,0.0,0.0,,0.0,0.0,0.0,0.0,0.0,0.0,0.0,Madhya Pradesh,Vidisha
madhya pradesh,vidisha,2022,0.0,0.0,0.0,0.0,0.0,0.0,,0.0,,,0.0,0.0,0.0,0.0,0.0,0.0,0.0,0.0,,0.0,0.0,0.0,0.0,0.0,0.0,0.0,0.0,,,,0.0,Madhya Pradesh,Vidisha
maharashtra,ahmednagar,2017,0.0,0.0,0.0,0.0,3.0,0.0,0.0,0.0,0.0,0.0,0.0,0.0,0.0,0.0,,0.0,0.0,0.0,1.0,0.0,0.0,0.0,0.0,0.0,0.0,0.0,0.0,0.0,0.0,2.0,3.0,Maharashtra,Ahmednagar
maharashtra,ahmednagar,2018,0.0,0.0,0.0,0.0,6.0,0.0,0.0,0.0,0.0,0.0,0.0,0.0,0.0,,1.0,0.0,,3.0,,0.0,0.0,,,0.0,0.0,0.0,0.0,0.0,0.0,,,Maharashtra,Ahmednagar
maharashtra,ahmednagar,2019,0.0,0.0,0.0,0.0,3.0,1.0,0.0,0.0,0.0,0.0,0.0,0.0,0.0,0.0,,3.0,0.0,0.0,0.0,0.0,0.0,7.0,0.0,0.0,2.0,0.0,,1.0,0.0,0.0,14.0,Maharashtra,Ahmednagar
maharashtra,ahmednagar,2020,0.0,0.0,0.0,0.0,5.0,2.0,0.0,0.0,0.0,0.0,0.0,0.0,0.0,0.0,3.0,0.0,0.0,0.0,0.0,0.0,0.0,7.0,0.0,0.0,0.0,0.0,0.0,0.0,0.0,0.0,10.0,Maharashtra,Ahmednagar
maharashtra,ahmednagar,2021,0.0,0.0,0.0,0.0,4.0,0.0,0.0,0.0,1.0,0.0,0.0,0.0,0.0,,0.0,0.0,0.0,,0.0,0.0,0.0,8.0,0.0,0.0,0.0,0.0,0.0,0.0,0.0,0.0,8.0,Maharashtra,Ahmednagar
maharashtra,ahmednagar,2022,0.0,0.0,0.0,0.0,,3.0,,,1.0,0.0,0.0,,0.0,0.0,5.0,0.0,5.0,1.0,9.0,12.0,21.0,0.0,0.0,0.0,1.0,0.0,0.0,0.0,0.0,0.0,54.0,Maharashtra,Ahmednagar
maharashtra,akola,2017,0.0,0.0,0.0,0.0,0.0,0.0,0.0,0.0,,0.0,0.0,0.0,0.0,0.0,4.0,0.0,0.0,0.0,0.0,0.0,0.0,3.0,0.0,0.0,,0.0,0.0,0.0,0.0,5.0,12.0,Maharashtra,Akola
maharashtra,akola,2018,0.0,0.0,0.0,0.0,0.0,0.0,0.0,0.0,0.0,0.0,0.0,,,0.0,6.0,,0.0,0.0,0.0,0.0,,10.0,0.0,0.0,0.0,,,0.0,0.0,7.0,23.0,Maharashtra,Akola
maharashtra,akola,2019,0.0,0.0,0.0,1.0,,1.0,0.0,0.0,0.0,0.0,0.0,0.0,0.0,0.0,2.0,1.0,0.0,2.0,0.0,1.0,4.0,2.0,,0.0,,0.0,0.0,0.0,0.0,5.0,17.0,Maharashtra,Akola
maharashtra,akola,2020,0.0,,0.0,0.0,1.0,0.0,1.0,0.0,0.0,0.0,,0.0,0.0,,4.0,0.0,0.0,,0.0,1.0,8.0,1.0,0.0,0.0,2.0,0.0,0.0,2.0,0.0,8.0,28.0,Maharashtra,Akola
maharashtra,akola,2021,0.0,0.0,0.0,0.0,1.0,2.0,0.0,0.0,0.0,0.0,0.0,,0.0,0.0,4.0,0.0,0.0,,1.0,,9.0,2.0,0.0,0.0,1.0,0.0,0.0,,0.0,9.0,29.0,Maharashtra,Akola
maharashtra,akola,2022,0.0,0.0,0.0,,3.0,0.0,,0.0,0.0,0.0,0.0,0.0,0.0,0.0,7.0,0.0,1.0,0.0,0.0,0.0,5.0,3.0,0.0,0.0,,0.0,0.0,0.0,0.0,9.0,25.0,Maharashtra,Akola
maharashtra,amravati,2017,0.0,0.0,0.0,2.0,0.0,11.0,10.0,0.0,,0.0,0.0,0.0,0.0,0.0,2.0,0.0,6.0,38.0,6.0,0.0,3.0,1.0,2.0,0.0,0.0,0.0,0.0,1.0,2.0,1.0,77.0,Maharashtra,Amravati
maharashtra,amravati,2018,0.0,0.0,0.0,0.0,22.0,4.0,1.0,0.0,0.0,0.0,0.0,0.0,0.0,0.0,16.0,0.0,7.0,12.0,20.0,4.0,3.0,1.0,2.0,0.0,0.0,0.0,0.0,0.0,0.0,3.0,71.0,Maharashtra,Amravati
maharashtra,amravati,2019,1.0,0.0,0.0,0.0,12.0,0.0,0.0,0.0,0.0,0.0,0.0,0.0,0.0,0.0,9.0,2.0,7.0,2.0,15.0,4.0,15.0,,1.0,0.0,1.0,0.0,0.0,0.0,0.0,2.0,60.0,Maharashtra,Amravati
maharashtra,amravati,2020,0.0,0.0,,0.0,4.0,0.0,0.0,0.0,0.0,0.0,0.0,0.0,0.0,0.0,19.0,3.0,16.0,0.0,93.0,4.0,6.0,18.0,,0.0,0.0,0.0,0.0,0.0,0.0,4.0,175.0,Maharashtra,Amravati
maharashtra,amravati,2021,0.0,0.0,0.0,1.0,6.0,0.0,0.0,0.0,0.0,0.0,0.0,0.0,0.0,0.0,9.0,0.0,0.0,10.0,5.0,0.0,26.0,51.0,0.0,0.0,0.0,0.0,0.0,0.0,0.0,7.0,,Maharashtra,Amravati
maharashtra,amravati,2022,0.0,0.0,0.0,0.0,0.0,0.0,0.0,0.0,6.0,0.0,0.0,0.0,0.0,0.0,9.0,1.0,12.0,4.0,13.0,6.0,32.0,45.0,0.0,0.0,0.0,0.0,0.0,2.0,0.0,12.0,136.0,Maharashtra,Amravati
maharashtra,beed,2017,0.0,0.0,0.0,1.0,1.0,0.0,,0.0,0.0,0.0,0.0,0.0,0.0,0.0,1.0,0.0,0.0,4.0,,0.0,0.0,4.0,0.0,0.0,0.0,0.0,0.0,0.0,1.0,5.0,15.0,Maharashtra,Beed
maharashtra,beed,2018,0.0,0.0,0.0,0.0,,0.0,,0.0,0.0,0.0,0.0,0.0,0.0,1.0,5.0,0.0,0.0,3.0,1.0,2.0,1.0,1.0,2.0,0.0,0.0,0.0,0.0,0.0,0.0,,32.0,Maharashtra,Beed
maharashtra,beed,2019,0.0,0.0,1.0,0.0,2.0,0.0,0.0,0.0,0.0,,0.0,0.0,,0.0,4.0,0.0,1.0,1.0,6.0,1.0,2.0,1.0,0.0,0.0,0.0,0.0,0.0,1.0,0.0,7.0,,Maharashtra,Beed
maharashtra,beed,2020,0.0,0.0,0.0,0.0,0.0,,0.0,0.0,0.0,0.0,0.0,0.0,0.0,1.0,7.0,0.0,0.0,2.0,,2.0,0.0,0.0,6.0,0.0,0.0,0.0,0.0,0.0,1.0,,36.0,Maharashtra,Beed
maharashtra,beed,2021,0.0,0.0,0.0,0.0,2.0,4.0,0.0,0.0,0.0,0.0,,0.0,0.0,0.0,8.0,0.0,,8.0,63.0,9.0,,1.0,0.0,1.0,2.0,0.0,0.0,0.0,0.0,5.0,113.0,Maharashtra,Beed
maharashtra,beed,2022,0.0,0.0,0.0,0.0,6.0,0.0,0.0,0.0,0.0,0.0,0.0,0.0,0.0,0.0,5.0,,0.0,0.0,90.0,0.0,0.0,,,0.0,2.0,0.0,0.0,0.0,0.0,11.0,108.0,Maharashtra,Beed
maharashtra,bhandara,2017,0.0,0.0,,0.0,0.0,,1.0,0.0,0.0,0.0,0.0,,,0.0,2.0,3.0,0.0,24.0,1.0,0.0,0.0,6.0,,,0.0,0.0,0.0,0.0,0.0,8.0,44.0,Maharashtra,Bhandara
maharashtra,bhandara,2018,,0.0,,0.0,2.0,2.0,0.0,0.0,1.0,,0.0,0.0,0.0,0.0,,1.0,1.0,13.0,3.0,0.0,,7.0,0.0,0.0,0.0,0.0,0.0,0.0,0.0,13.0,45.0,Maharashtra,Bhandara
maharashtra,bhandara,2019,0.0,0.0,,0.0,1.0,,0.0,0.0,,0.0,0.0,0.0,0.0,0.0,8.0,1.0,2.0,5.0,1.0,0.0,1.0,,0.0,0.0,0.0,0.0,0.0,0.0,0.0,3.0,29.0,Maharashtra,Bhandara
maharashtra,bhandara,2020,0.0,0.0,0.0,0.0,2.0,0.0,0.0,0.0,0.0,0.0,0.0,0.0,0.0,0.0,6.0,0.0,0.0,4.0,19.0,1.0,6.0,0.0,0.0,0.0,0.0,0.0,0.0,0.0,1.0,1.0,38.0,Maharashtra,Bhandara
maharashtra,bhandara,2021,0.0,0.0,0.0,0.0,1.0,0.0,,,0.0,0.0,0.0,0.0,0.0,0.0,3.0,0.0,,0.0,21.0,1.0,1.0,0.0,0.0,0.0,0.0,0.0,,0.0,0.0,,,Maharashtra,Bhandara
maharashtra,bhandara,2022,0.0,0.0,0.0,0.0,0.0,,1.0,0.0,0.0,0.0,0.0,0.0,,0.0,4.0,0.0,0.0,0.0,11.0,0.0,0.0,,0.0,0.0,0.0,,0.0,0.0,0.0,15.0,,Maharashtra,Bhandara
maharashtra,buldhana,2017,0.0,0.0,1.0,0.0,0.0,1.0,0.0,,0.0,0.0,0.0,0.0,0.0,0.0,0.0,0.0,0.0,1.0,0.0,8.0,1.0,0.0,0.0,0.0,0.0,0.0,0.0,0.0,0.0,4.0,14.0,Maharashtra,Buldhana
maharashtra,buldhana,2018,0.0,,0.0,0.0,0.0,1.0,0.0,0.0,0.0,0.0,0.0,0.0,0.0,0.0,3.0,0.0,1.0,7.0,1.0,1.0,1.0,1.0,0.0,0.0,,0.0,0.0,0.0,0.0,,20.0,Maharashtra,Buldhana
maharashtra,buldhana,2019,0.0,0.0,0.0,0.0,0.0,0.0,0.0,0.0,0.0,0.0,0.0,,0.0,0.0,4.0,0.0,2.0,7.0,8.0,2.0,2.0,2.0,0.0,0.0,0.0,0.0,0.0,2.0,0.0,7.0,36.0,Maharashtra,Buldhana
maharashtra,buldhana,2020,0.0,0.0,0.0,0.0,0.0,11.0,0.0,0.0,0.0,0.0,0.0,0.0,0.0,0.0,0.0,,0.0,5.0,12.0,6.0,7.0,,0.0,0.0,0.0,0.0,0.0,1.0,7.0,10.0,48.0,Maharashtra,Buldhana
maharashtra,buldhana,2021,0.0,0.0,,0.0,13.0,6.0,0.0,0.0,1.0,0.0,0.0,0.0,0.0,2.0,5.0,0.0,3.0,1.0,10.0,2.0,7.0,1.0,1.0,0.0,0.0,0.0,0.0,0.0,0.0,7.0,37.0,Maharashtra,Buldhana
maharashtra,buldhana,2022,0.0,,0.0,0.0,9.0,4.0,2.0,0.0,0.0,0.0,0.0,0.0,0.0,0.0,8.0,,9.0,0.0,4.0,9.0,10.0,1.0,1.0,0.0,0.0,0.0,0.0,0.0,0.0,17.0,59.0,Maharashtra,Buldhana
maharashtra,chaandrapur,2017,,0.0,0.0,0.0,2.0,0.0,,,0.0,,0.0,0.0,0.0,0.0,0.0,,1.0,13.0,5.0,2.0,4.0,0.0,0.0,0.0,,0.0,0.0,0.0,0.0,18.0,43.0,Maharashtra,Chaandrapur
maharashtra,chandrapur,2018,0.0,0.0,0.0,0.0,10.0,,0.0,,0.0,0.0,0.0,0.0,0.0,4.0,1.0,0.0,2.0,,12.0,15.0,1.0,0.0,0.0,0.0,0.0,0.0,0.0,0.0,0.0,22.0,67.0,Maharashtra,Chandrapur
maharashtra,chandrapur,2019,0.0,0.0,0.0,,5.0,2.0,1.0,0.0,,0.0,0.0,0.0,,6.0,3.0,0.0,2.0,5.0,25.0,,9.0,0.0,0.0,0.0,0.0,0.0,0.0,0.0,0.0,13.0,70.0,Maharashtra,Chandrapur
maharashtra,chandrapur,2020,0.0,,0.0,0.0,9.0,0.0,1.0,0.0,,0.0,0.0,0.0,0.0,0.0,,0.0,1.0,3.0,17.0,3.0,7.0,0.0,1.0,0.0,0.0,0.0,0.0,0.0,0.0,,48.0,Maharashtra,Chandrapur
maharashtra,chandrapur,2021,0.0,0.0,0.0,0.0,5.0,,0.0,0.0,0.0,0.0,0.0,0.0,0.0,4.0,,0.0,1.0,9.0,25.0,6.0,9.0,0.0,,0.0,0.0,0.0,0.0,,0.0,,61.0,Maharashtra,Chandrapur
maharashtra,chandrapur,2022,0.0,0.0,0.0,0.0,3.0,0.0,,0.0,,0.0,0.0,0.0,0.0,3.0,3.0,0.0,9.0,3.0,29.0,0.0,5.0,0.0,0.0,0.0,0.0,0.0,0.0,0.0,0.0,17.0,66.0,Maharashtra,Chandrapur
maharashtra,chhaatrapati sambhajinagar,2019,0.0,0.0,,0.0,2.0,1.0,0.0,0.0,0.0,0.0,0.0,,0.0,0.0,15.0,1.0,1.0,4.0,15.0,6.0,0.0,17.0,0.0,0.0,0.0,,0.0,1.0,0.0,10.0,71.0,Maharashtra,Chhaatrapati Sambhajinagar
maharashtra,chhatrapati sambhajinagar,2017,0.0,3.0,0.0,0.0,21.0,5.0,0.0,0.0,0.0,0.0,0.0,0.0,0.0,0.0,28.0,1.0,0.0,70.0,1.0,9.0,3.0,0.0,0.0,0.0,0.0,0.0,0.0,0.0,0.0,8.0,171.0,Maharashtra,Chhatrapati Sambhajinagar
maharashtra,chhatrapati sambhajinagar,2018,0.0,0.0,2.0,0.0,4.0,0.0,0.0,0.0,0.0,0.0,0.0,0.0,0.0,0.0,2.0,0.0,0.0,21.0,20.0,9.0,0.0,2.0,1.0,0.0,0.0,0.0,0.0,0.0,0.0,15.0,16.0,Maharashtra,Chhatrapati Sambhajinagar
maharashtra,chhatrapati sambhajinagar,2019,0.0,0.0,0.0,0.0,0.0,0.0,0.0,,0.0,0.0,0.0,0.0,0.0,0.0,7.0,0.0,0.0,1.0,0.0,0.0,3.0,0.0,0.0,0.0,0.0,0.0,0.0,0.0,0.0,2.0,13.0,Maharashtra,Chhatrapati Sambhajinagar
maharashtra,chhatrapati sambhajinagar,2020,0.0,0.0,0.0,0.0,0.0,0.0,0.0,0.0,0.0,0.0,0.0,0.0,0.0,0.0,12.0,0.0,0.0,4.0,15.0,4.0,1.0,16.0,0.0,0.0,0.0,0.0,0.0,2.0,0.0,6.0,60.0,Maharashtra,Chhatrapati Sambhajinagar
maharashtra,chhatrapati sambhajinagar,2021,0.0,0.0,0.0,0.0,10.0,0.0,0.0,0.0,1.0,0.0,0.0,0.0,0.0,0.0,26.0,0.0,2.0,0.0,12.0,1.0,5.0,21.0,0.0,0.0,0.0,0.0,0.0,0.0,0.0,5.0,,Maharashtra,Chhatrapati Sambhajinagar
maharashtra,chhatrapati sambhajinagar,2022,0.0,0.0,0.0,0.0,19.0,2.0,0.0,0.0,0.0,0.0,0.0,0.0,0.0,0.0,18.0,0.0,8.0,0.0,12.0,0.0,6.0,62.0,0.0,0.0,0.0,0.0,0.0,0.0,0.0,10.0,125.0,Maharashtra,Chhatrapati Sambhajinagar
maharashtra,dharashiv,2017,,0.0,0.0,0.0,0.0,1.0,0.0,0.0,0.0,0.0,0.0,0.0,0.0,,1.0,0.0,0.0,6.0,1.0,1.0,1.0,0.0,0.0,,0.0,0.0,0.0,0.0,0.0,2.0,12.0,Maharashtra,Dharashiv
maharashtra,dharashiv,2018,0.0,0.0,1.0,0.0,,1.0,0.0,0.0,0.0,,,,0.0,,3.0,0.0,,,3.0,0.0,1.0,0.0,0.0,0.0,0.0,,0.0,0.0,0.0,2.0,13.0,Maharashtra,Dharashiv
maharashtra,dharashiv,2019,,0.0,,0.0,,0.0,0.0,0.0,1.0,0.0,0.0,,0.0,0.0,3.0,,0.0,3.0,1.0,1.0,,0.0,0.0,0.0,0.0,0.0,0.0,0.0,0.0,5.0,15.0,Maharashtra,Dharashiv
maharashtra,dharashiv,2020,0.0,0.0,0.0,0.0,2.0,0.0,0.0,0.0,0.0,0.0,0.0,0.0,0.0,0.0,3.0,,2.0,,8.0,9.0,11.0,0.0,0.0,0.0,0.0,0.0,0.0,0.0,0.0,1.0,37.0,Maharashtra,Dharashiv
maharashtra,dharashiv,2021,,0.0,0.0,0.0,0.0,0.0,0.0,0.0,0.0,0.0,0.0,0.0,,0.0,1.0,1.0,,0.0,10.0,4.0,0.0,17.0,1.0,0.0,1.0,0.0,0.0,0.0,0.0,,37.0,Maharashtra,Dharashiv
maharashtra,dharashiv,2022,0.0,0.0,0.0,1.0,0.0,0.0,0.0,0.0,0.0,0.0,0.0,0.0,0.0,0.0,1.0,0.0,1.0,1.0,2.0,2.0,0.0,24.0,,,1.0,0.0,0.0,1.0,1.0,0.0,35.0,Maharashtra,Dharashiv
maharashtra,dhule,2018,0.0,0.0,0.0,0.0,0.0,0.0,,0.0,0.0,0.0,0.0,0.0,0.0,0.0,,0.0,0.0,2.0,6.0,0.0,0.0,0.0,0.0,0.0,0.0,0.0,0.0,0.0,0.0,2.0,13.0,Maharashtra,Dhule
maharashtra,dhule,2019,0.0,0.0,0.0,0.0,0.0,0.0,0.0,0.0,0.0,0.0,0.0,0.0,0.0,0.0,4.0,0.0,6.0,7.0,2.0,3.0,1.0,0.0,0.0,0.0,,0.0,0.0,0.0,0.0,7.0,30.0,Maharashtra,Dhule
maharashtra,dhule,2020,,0.0,,0.0,0.0,0.0,0.0,,,0.0,0.0,,,10.0,1.0,0.0,3.0,0.0,,,1.0,0.0,1.0,0.0,0.0,0.0,0.0,0.0,0.0,1.0,12.0,Maharashtra,Dhule
maharashtra,dhule,2021,,0.0,0.0,0.0,,4.0,0.0,0.0,0.0,0.0,0.0,0.0,0.0,0.0,0.0,0.0,0.0,0.0,,0.0,0.0,,0.0,0.0,0.0,,0.0,0.0,0.0,0.0,14.0,Maharashtra,Dhule
maharashtra,dhule,2022,0.0,0.0,0.0,0.0,0.0,0.0,0.0,0.0,0.0,0.0,0.0,0.0,0.0,0.0,5.0,0.0,,0.0,0.0,0.0,0.0,5.0,,0.0,0.0,0.0,0.0,,0.0,1.0,12.0,Maharashtra,Dhule
maharashtra,gaadchiroli,2021,0.0,0.0,,0.0,0.0,0.0,0.0,0.0,0.0,0.0,0.0,0.0,0.0,0.0,1.0,0.0,0.0,2.0,4.0,1.0,1.0,,0.0,0.0,1.0,0.0,0.0,1.0,,1.0,17.0,Maharashtra,Gaadchiroli
maharashtra,gadchiroli,2017,0.0,,0.0,0.0,,0.0,0.0,,0.0,0.0,0.0,0.0,0.0,0.0,0.0,0.0,0.0,1.0,0.0,0.0,,,0.0,0.0,0.0,0.0,0.0,,0.0,2.0,6.0,Maharashtra,Gadchiroli
maharashtra,gadchiroli,2018,0.0,0.0,0.0,0.0,0.0,0.0,0.0,0.0,0.0,0.0,0.0,,0.0,0.0,0.0,0.0,2.0,,0.0,0.0,0.0,4.0,0.0,0.0,0.0,0.0,0.0,,0.0,3.0,17.0,Maharashtra,Gadchiroli
maharashtra,gadchiroli,2019,0.0,0.0,0.0,0.0,0.0,3.0,0.0,0.0,0.0,0.0,0.0,0.0,0.0,,,,1.0,4.0,3.0,4.0,0.0,3.0,1.0,0.0,1.0,0.0,0.0,1.0,0.0,3.0,22.0,Maharashtra,Gadchiroli
maharashtra,gadchiroli,2020,0.0,0.0,,0.0,1.0,2.0,0.0,0.0,0.0,0.0,0.0,0.0,0.0,,2.0,0.0,0.0,2.0,,0.0,0.0,,0.0,,2.0,0.0,0.0,0.0,0.0,1.0,20.0,Maharashtra,Gadchiroli
maharashtra,gadchiroli,2022,0.0,0.0,0.0,0.0,1.0,,0.0,0.0,,0.0,0.0,0.0,0.0,0.0,,0.0,0.0,1.0,3.0,1.0,0.0,2.0,0.0,0.0,0.0,0.0,0.0,1.0,0.0,2.0,12.0,Maharashtra,Gadchiroli
maharashtra,gondia,2017,0.0,,0.0,0.0,,,0.0,0.0,0.0,,0.0,0.0,0.0,1.0,5.0,,0.0,0.0,0.0,,,8.0,0.0,0.0,0.0,0.0,,0.0,0.0,1.0,14.0,Maharashtra,Gondia
maharashtra,gondia,2018,0.0,,0.0,0.0,0.0,0.0,0.0,0.0,,0.0,0.0,0.0,0.0,0.0,7.0,0.0,0.0,4.0,2.0,0.0,0.0,1.0,0.0,0.0,0.0,0.0,0.0,,0.0,,,Maharashtra,Gondia
maharashtra,gondia,2019,0.0,0.0,0.0,0.0,1.0,0.0,0.0,0.0,0.0,0.0,0.0,,0.0,0.0,2.0,1.0,0.0,5.0,8.0,0.0,2.0,,0.0,0.0,0.0,0.0,0.0,0.0,0.0,7.0,,Maharashtra,Gondia
maharashtra,gondia,2020,0.0,0.0,0.0,0.0,5.0,0.0,0.0,0.0,0.0,0.0,0.0,,0.0,0.0,4.0,0.0,0.0,1.0,5.0,1.0,1.0,,0.0,0.0,0.0,0.0,0.0,0.0,0.0,,14.0,Maharashtra,Gondia
maharashtra,gondia,2021,0.0,0.0,0.0,0.0,5.0,0.0,0.0,,0.0,0.0,0.0,0.0,0.0,0.0,,0.0,3.0,1.0,4.0,1.0,1.0,1.0,0.0,0.0,1.0,,0.0,1.0,0.0,,21.0,Maharashtra,Gondia
maharashtra,gondia,2022,,0.0,0.0,0.0,6.0,0.0,0.0,0.0,0.0,,,0.0,0.0,0.0,0.0,0.0,0.0,,0.0,0.0,0.0,0.0,0.0,0.0,0.0,0.0,0.0,0.0,0.0,0.0,0.0,Maharashtra,Gondia
maharashtra,hingoli,2017,0.0,0.0,0.0,0.0,0.0,0.0,0.0,0.0,0.0,,0.0,0.0,0.0,0.0,1.0,0.0,,2.0,0.0,,0.0,,0.0,0.0,0.0,0.0,,0.0,0.0,2.0,5.0,Maharashtra,Hingoli
maharashtra,hingoli,2018,0.0,0.0,0.0,,0.0,0.0,0.0,0.0,0.0,0.0,0.0,,0.0,0.0,2.0,0.0,0.0,,0.0,0.0,0.0,0.0,0.0,0.0,0.0,0.0,0.0,0.0,0.0,,5.0,Maharashtra,Hingoli
maharashtra,hingoli,2019,0.0,0.0,0.0,0.0,0.0,0.0,0.0,0.0,0.0,,0.0,0.0,,0.0,2.0,0.0,0.0,,2.0,0.0,0.0,,0.0,0.0,0.0,0.0,0.0,0.0,,3.0,11.0,Maharashtra,Hingoli
maharashtra,hingoli,2020,0.0,0.0,0.0,,0.0,0.0,0.0,0.0,0.0,,0.0,0.0,0.0,0.0,2.0,0.0,0.0,1.0,2.0,,0.0,0.0,0.0,0.0,0.0,0.0,0.0,0.0,,7.0,13.0,Maharashtra,Hingoli
maharashtra,hingoli,2021,,0.0,,0.0,0.0,0.0,0.0,0.0,,0.0,0.0,0.0,0.0,0.0,2.0,0.0,0.0,1.0,0.0,0.0,1.0,1.0,0.0,0.0,0.0,0.0,0.0,0.0,,6.0,11.0,Maharashtra,Hingoli
maharashtra,hingoli,2022,,0.0,0.0,0.0,0.0,0.0,0.0,0.0,0.0,0.0,0.0,0.0,0.0,0.0,3.0,0.0,1.0,0.0,0.0,0.0,0.0,2.0,0.0,0.0,0.0,0.0,0.0,,0.0,1.0,7.0,Maharashtra,Hingoli
maharashtra,jalgaon,2017,0.0,0.0,0.0,0.0,,1.0,0.0,0.0,0.0,0.0,0.0,0.0,0.0,0.0,0.0,0.0,,2.0,0.0,0.0,1.0,4.0,0.0,0.0,0.0,0.0,0.0,2.0,0.0,5.0,14.0,Maharashtra,Jalgaon
maharashtra,jalgaon,2018,0.0,0.0,,0.0,4.0,1.0,0.0,0.0,0.0,0.0,0.0,0.0,0.0,1.0,1.0,1.0,0.0,0.0,0.0,2.0,2.0,1.0,0.0,0.0,0.0,0.0,0.0,0.0,0.0,,7.0,Maharashtra,Jalgaon
maharashtra,jalgaon,2019,,0.0,0.0,,8.0,4.0,0.0,0.0,0.0,0.0,0.0,,0.0,0.0,0.0,0.0,0.0,1.0,0.0,1.0,2.0,,0.0,0.0,0.0,0.0,0.0,0.0,0.0,5.0,40.0,Maharashtra,Jalgaon
maharashtra,jalgaon,2020,,0.0,0.0,,4.0,0.0,0.0,0.0,0.0,0.0,0.0,0.0,0.0,1.0,5.0,,6.0,8.0,19.0,7.0,11.0,,0.0,0.0,3.0,0.0,0.0,3.0,1.0,13.0,111.0,Maharashtra,Jalgaon
maharashtra,jalgaon,2021,1.0,,0.0,0.0,7.0,1.0,0.0,0.0,0.0,0.0,0.0,,0.0,0.0,5.0,0.0,7.0,3.0,8.0,4.0,3.0,31.0,6.0,0.0,,0.0,,1.0,0.0,23.0,92.0,Maharashtra,Jalgaon
maharashtra,jalgaon,2022,0.0,0.0,0.0,0.0,4.0,0.0,0.0,0.0,,0.0,0.0,0.0,0.0,0.0,5.0,0.0,5.0,,3.0,7.0,1.0,37.0,0.0,0.0,0.0,0.0,0.0,6.0,0.0,25.0,92.0,Maharashtra,Jalgaon
maharashtra,jalna,2017,0.0,0.0,0.0,0.0,0.0,0.0,0.0,0.0,1.0,,0.0,0.0,0.0,0.0,0.0,,1.0,2.0,0.0,0.0,2.0,0.0,0.0,0.0,,0.0,0.0,2.0,0.0,1.0,10.0,Maharashtra,Jalna
maharashtra,jalna,2018,0.0,0.0,0.0,0.0,0.0,0.0,,0.0,1.0,0.0,,0.0,0.0,0.0,0.0,0.0,11.0,9.0,0.0,,1.0,0.0,0.0,,0.0,0.0,0.0,1.0,0.0,0.0,22.0,Maharashtra,Jalna
maharashtra,jalna,2019,0.0,0.0,0.0,0.0,0.0,4.0,0.0,0.0,,0.0,0.0,0.0,0.0,0.0,,0.0,4.0,2.0,0.0,0.0,0.0,,,0.0,0.0,0.0,0.0,0.0,0.0,0.0,6.0,Maharashtra,Jalna
maharashtra,jalna,2020,0.0,0.0,0.0,0.0,0.0,0.0,1.0,0.0,0.0,,0.0,0.0,0.0,0.0,1.0,0.0,0.0,3.0,,1.0,15.0,0.0,0.0,0.0,0.0,0.0,0.0,0.0,0.0,4.0,28.0,Maharashtra,Jalna
maharashtra,jalna,2021,2.0,0.0,0.0,0.0,2.0,2.0,0.0,0.0,0.0,0.0,0.0,,0.0,0.0,8.0,0.0,21.0,1.0,2.0,1.0,0.0,1.0,0.0,0.0,0.0,0.0,0.0,4.0,1.0,0.0,39.0,Maharashtra,Jalna
maharashtra,jalna,2022,,2.0,0.0,3.0,33.0,55.0,1.0,0.0,0.0,0.0,0.0,0.0,0.0,0.0,0.0,0.0,2.0,1.0,5.0,1.0,0.0,2.0,0.0,1.0,2.0,0.0,0.0,,0.0,0.0,14.0,Maharashtra,Jalna
maharashtra,kolhapur,2017,0.0,0.0,0.0,0.0,0.0,0.0,0.0,0.0,0.0,0.0,0.0,0.0,,0.0,1.0,0.0,4.0,1.0,0.0,0.0,3.0,7.0,1.0,0.0,,,0.0,0.0,0.0,11.0,28.0,Maharashtra,Kolhapur
maharashtra,kolhapur,2018,0.0,0.0,0.0,,,1.0,0.0,0.0,0.0,0.0,0.0,0.0,0.0,0.0,3.0,0.0,1.0,1.0,3.0,2.0,0.0,7.0,1.0,,,0.0,0.0,1.0,0.0,3.0,22.0,Maharashtra,Kolhapur
maharashtra,kolhapur,2020,,0.0,0.0,0.0,,4.0,,0.0,,0.0,0.0,0.0,0.0,0.0,8.0,,2.0,2.0,9.0,2.0,2.0,1.0,0.0,0.0,0.0,0.0,0.0,0.0,0.0,5.0,31.0,Maharashtra,Kolhapur
maharashtra,kolhapur,2021,0.0,0.0,0.0,0.0,2.0,,0.0,0.0,,0.0,0.0,0.0,0.0,0.0,,,0.0,1.0,,3.0,2.0,7.0,0.0,,1.0,0.0,,1.0,1.0,11.0,51.0,Maharashtra,Kolhapur
maharashtra,kolhapur,2022,0.0,0.0,0.0,0.0,0.0,1.0,0.0,0.0,0.0,0.0,0.0,0.0,0.0,1.0,15.0,0.0,3.0,2.0,8.0,,5.0,3.0,1.0,0.0,0.0,,0.0,2.0,1.0,5.0,51.0,Maharashtra,Kolhapur
maharashtra,laatur,2020,0.0,,0.0,0.0,2.0,9.0,0.0,0.0,0.0,0.0,0.0,0.0,0.0,0.0,6.0,0.0,3.0,7.0,,0.0,4.0,0.0,1.0,0.0,,0.0,,0.0,0.0,3.0,31.0,Maharashtra,Laatur
maharashtra,latur,2017,,0.0,0.0,0.0,0.0,2.0,0.0,0.0,0.0,0.0,0.0,0.0,0.0,0.0,1.0,,0.0,3.0,4.0,1.0,2.0,0.0,0.0,0.0,,,0.0,0.0,0.0,6.0,17.0,Maharashtra,Latur
maharashtra,latur,2018,0.0,0.0,0.0,0.0,2.0,1.0,1.0,0.0,0.0,0.0,0.0,0.0,0.0,0.0,2.0,1.0,1.0,3.0,3.0,1.0,0.0,1.0,0.0,0.0,0.0,0.0,0.0,0.0,0.0,3.0,15.0,Maharashtra,Latur
maharashtra,latur,2019,0.0,0.0,0.0,0.0,6.0,0.0,,0.0,0.0,0.0,0.0,0.0,0.0,0.0,,0.0,0.0,3.0,0.0,2.0,0.0,5.0,0.0,0.0,0.0,0.0,0.0,0.0,0.0,,16.0,Maharashtra,Latur
maharashtra,latur,2021,0.0,0.0,1.0,0.0,,1.0,0.0,0.0,0.0,0.0,0.0,0.0,,0.0,6.0,0.0,2.0,5.0,,1.0,0.0,2.0,,0.0,0.0,0.0,0.0,0.0,0.0,2.0,28.0,Maharashtra,Latur
maharashtra,latur,2022,0.0,0.0,0.0,,0.0,0.0,0.0,0.0,0.0,0.0,0.0,0.0,0.0,0.0,8.0,0.0,8.0,,,3.0,8.0,1.0,0.0,0.0,0.0,0.0,0.0,0.0,1.0,3.0,36.0,Maharashtra,Latur
maharashtra,mumbai,2017,1.0,0.0,0.0,0.0,7.0,14.0,2.0,0.0,1.0,0.0,0.0,0.0,0.0,2.0,133.0,24.0,81.0,185.0,51.0,0.0,109.0,582.0,9.0,0.0,2.0,0.0,0.0,2.0,2.0,136.0,1336.0,Maharashtra,Mumbai
maharashtra,mumbai,2018,0.0,0.0,4.0,1.0,0.0,13.0,0.0,0.0,0.0,0.0,0.0,0.0,0.0,8.0,0.0,23.0,76.0,0.0,78.0,4.0,92.0,568.0,20.0,0.0,0.0,0.0,0.0,7.0,1.0,305.0,1450.0,Maharashtra,Mumbai
maharashtra,mumbai,2019,0.0,1.0,1.0,0.0,17.0,5.0,0.0,0.0,2.0,0.0,0.0,0.0,0.0,0.0,147.0,42.0,0.0,0.0,248.0,37.0,217.0,1156.0,26.0,0.0,0.0,0.0,0.0,15.0,2.0,235.0,2508.0,Maharashtra,Mumbai
maharashtra,mumbai,2020,0.0,0.0,0.0,0.0,0.0,0.0,,0.0,,0.0,0.0,0.0,0.0,,,13.0,0.0,0.0,0.0,0.0,0.0,8.0,0.0,0.0,0.0,0.0,0.0,0.0,0.0,1.0,22.0,Maharashtra,Mumbai
maharashtra,mumbai,2021,0.0,0.0,1.0,0.0,9.0,1.0,0.0,,0.0,0.0,0.0,0.0,0.0,3.0,178.0,36.0,70.0,10.0,244.0,65.0,393.0,1581.0,21.0,2.0,18.0,0.0,0.0,7.0,8.0,261.0,32.0,Maharashtra,Mumbai
maharashtra,mumbai,2022,0.0,0.0,5.0,0.0,1.0,2.0,1.0,,2.0,0.0,0.0,0.0,0.0,3.0,234.0,23.0,118.0,1.0,405.0,78.0,385.0,2689.0,0.0,7.0,17.0,0.0,0.0,52.0,1.0,580.0,4716.0,Maharashtra,Mumbai
maharashtra,mumbai suburban,2017,,2.0,0.0,0.0,2.0,3.0,0.0,0.0,0.0,0.0,0.0,0.0,,,4.0,1.0,,11.0,1.0,0.0,7.0,15.0,1.0,1.0,0.0,0.0,0.0,0.0,0.0,19.0,60.0,Maharashtra,Mumbai Suburban
maharashtra,mumbai suburban,2018,1.0,0.0,0.0,0.0,1.0,0.0,0.0,0.0,0.0,,0.0,0.0,0.0,3.0,10.0,0.0,3.0,6.0,2.0,,,24.0,,0.0,0.0,0.0,0.0,1.0,1.0,18.0,69.0,Maharashtra,Mumbai Suburban
maharashtra,mumbai suburban,2019,0.0,,0.0,0.0,3.0,1.0,0.0,0.0,1.0,0.0,0.0,0.0,0.0,1.0,17.0,1.0,0.0,0.0,0.0,0.0,0.0,72.0,3.0,0.0,0.0,0.0,0.0,1.0,0.0,8.0,102.0,Maharashtra,Mumbai Suburban
maharashtra,mumbai suburban,2020,0.0,0.0,0.0,0.0,6.0,11.0,0.0,0.0,0.0,0.0,0.0,0.0,0.0,0.0,15.0,0.0,6.0,12.0,92.0,55.0,16.0,23.0,1.0,0.0,1.0,0.0,0.0,5.0,7.0,18.0,251.0,Maharashtra,Mumbai Suburban
maharashtra,mumbai suburban,2021,,0.0,0.0,1.0,,7.0,0.0,0.0,0.0,0.0,0.0,0.0,0.0,0.0,19.0,,4.0,13.0,32.0,7.0,33.0,27.0,0.0,0.0,1.0,0.0,0.0,1.0,1.0,8.0,146.0,Maharashtra,Mumbai Suburban
maharashtra,mumbai suburban,2022,0.0,1.0,,,6.0,9.0,,,0.0,0.0,0.0,0.0,,,11.0,0.0,12.0,6.0,34.0,3.0,,6.0,0.0,0.0,3.0,0.0,,8.0,0.0,29.0,154.0,Maharashtra,Mumbai Suburban
maharashtra,naagpur,2017,0.0,0.0,1.0,1.0,3.0,4.0,,0.0,2.0,0.0,0.0,0.0,,,12.0,0.0,1.0,,13.0,0.0,0.0,,0.0,0.0,0.0,0.0,,1.0,,14.0,71.0,Maharashtra,Naagpur
maharashtra,naagpur,2021,0.0,0.0,0.0,,6.0,0.0,0.0,0.0,,,0.0,0.0,0.0,0.0,6.0,0.0,,3.0,,,0.0,,0.0,0.0,0.0,0.0,0.0,0.0,0.0,7.0,38.0,Maharashtra,Naagpur
maharashtra,naanded,2017,0.0,0.0,0.0,0.0,0.0,1.0,0.0,0.0,0.0,0.0,0.0,0.0,0.0,0.0,0.0,1.0,0.0,1.0,0.0,0.0,0.0,2.0,1.0,0.0,0.0,0.0,0.0,0.0,0.0,3.0,,Maharashtra,Naanded
maharashtra,nagpur,2017,0.0,0.0,0.0,0.0,10.0,0.0,0.0,0.0,1.0,0.0,0.0,0.0,0.0,0.0,8.0,0.0,1.0,5.0,0.0,0.0,1.0,10.0,0.0,0.0,0.0,0.0,0.0,0.0,0.0,2.0,29.0,Maharashtra,Nagpur
maharashtra,nagpur,2018,0.0,0.0,0.0,1.0,3.0,4.0,1.0,0.0,0.0,0.0,0.0,0.0,0.0,0.0,11.0,0.0,1.0,7.0,19.0,4.0,0.0,3.0,0.0,0.0,0.0,0.0,0.0,0.0,0.0,16.0,118.0,Maharashtra,Nagpur
maharashtra,nagpur,2019,0.0,0.0,0.0,0.0,12.0,6.0,0.0,0.0,2.0,0.0,0.0,0.0,0.0,0.0,31.0,0.0,2.0,10.0,13.0,1.0,2.0,67.0,2.0,0.0,0.0,0.0,0.0,1.0,0.0,5.0,108.0,Maharashtra,Nagpur
maharashtra,nagpur,2020,0.0,0.0,0.0,3.0,16.0,11.0,1.0,0.0,0.0,0.0,0.0,0.0,0.0,0.0,23.0,0.0,0.0,1.0,0.0,0.0,4.0,145.0,0.0,0.0,0.0,0.0,0.0,0.0,0.0,43.0,233.0,Maharashtra,Nagpur
maharashtra,nagpur,2021,0.0,0.0,0.0,0.0,3.0,1.0,0.0,0.0,0.0,0.0,0.0,0.0,0.0,0.0,29.0,0.0,0.0,0.0,0.0,0.0,0.0,115.0,0.0,0.0,0.0,0.0,0.0,0.0,0.0,25.0,174.0,Maharashtra,Nagpur
maharashtra,nagpur,2022,0.0,0.0,0.0,0.0,6.0,5.0,0.0,0.0,0.0,0.0,0.0,3.0,0.0,0.0,22.0,0.0,8.0,1.0,9.0,0.0,22.0,168.0,0.0,1.0,1.0,0.0,0.0,3.0,1.0,34.0,270.0,Maharashtra,Nagpur
maharashtra,nanded,2018,0.0,0.0,0.0,0.0,1.0,1.0,1.0,0.0,0.0,0.0,0.0,,0.0,0.0,0.0,0.0,0.0,2.0,0.0,0.0,0.0,3.0,0.0,,0.0,0.0,0.0,0.0,0.0,8.0,13.0,Maharashtra,Nanded
maharashtra,nanded,2019,0.0,0.0,0.0,0.0,0.0,1.0,0.0,0.0,0.0,0.0,0.0,0.0,0.0,0.0,0.0,,,14.0,0.0,0.0,0.0,1.0,0.0,,0.0,0.0,,0.0,0.0,14.0,,Maharashtra,Nanded
maharashtra,nanded,2020,0.0,0.0,0.0,0.0,,2.0,0.0,0.0,0.0,0.0,0.0,0.0,0.0,0.0,,,0.0,0.0,0.0,0.0,0.0,9.0,0.0,0.0,0.0,0.0,0.0,0.0,1.0,,19.0,Maharashtra,Nanded
maharashtra,nanded,2021,0.0,0.0,0.0,0.0,2.0,0.0,0.0,,0.0,0.0,0.0,0.0,0.0,0.0,0.0,,0.0,1.0,0.0,0.0,0.0,4.0,0.0,0.0,0.0,0.0,0.0,1.0,0.0,5.0,11.0,Maharashtra,Nanded
maharashtra,nanded,2022,,0.0,0.0,0.0,2.0,3.0,,0.0,0.0,0.0,0.0,0.0,0.0,0.0,4.0,2.0,1.0,0.0,7.0,2.0,1.0,0.0,0.0,0.0,0.0,,0.0,2.0,0.0,18.0,37.0,Maharashtra,Nanded
maharashtra,nandurbar,2017,0.0,,,0.0,,0.0,1.0,0.0,0.0,,0.0,0.0,0.0,0.0,,,0.0,1.0,0.0,0.0,0.0,1.0,,0.0,0.0,,0.0,0.0,0.0,0.0,2.0,Maharashtra,Nandurbar
maharashtra,nandurbar,2018,0.0,0.0,,0.0,0.0,0.0,0.0,0.0,0.0,0.0,0.0,0.0,0.0,0.0,2.0,0.0,0.0,2.0,1.0,0.0,0.0,1.0,1.0,0.0,0.0,0.0,0.0,0.0,0.0,5.0,12.0,Maharashtra,Nandurbar
maharashtra,nandurbar,2020,0.0,0.0,0.0,0.0,0.0,,0.0,0.0,0.0,0.0,0.0,0.0,,0.0,3.0,0.0,0.0,2.0,,0.0,,0.0,,0.0,0.0,0.0,0.0,0.0,0.0,3.0,19.0,Maharashtra,Nandurbar
maharashtra,nandurbar,2021,0.0,0.0,0.0,0.0,0.0,0.0,0.0,0.0,0.0,0.0,0.0,0.0,0.0,0.0,1.0,0.0,0.0,1.0,1.0,0.0,1.0,0.0,0.0,0.0,0.0,0.0,0.0,0.0,0.0,2.0,6.0,Maharashtra,Nandurbar
maharashtra,nandurbar,2022,0.0,0.0,0.0,0.0,0.0,0.0,0.0,0.0,0.0,0.0,0.0,0.0,0.0,0.0,3.0,0.0,0.0,0.0,,0.0,3.0,0.0,0.0,0.0,,0.0,0.0,0.0,0.0,12.0,21.0,Maharashtra,Nandurbar
maharashtra,nashik,2017,0.0,0.0,0.0,0.0,2.0,14.0,1.0,0.0,0.0,0.0,0.0,0.0,0.0,0.0,11.0,1.0,1.0,12.0,24.0,0.0,0.0,20.0,0.0,0.0,0.0,0.0,0.0,0.0,3.0,3.0,86.0,Maharashtra,Nashik
maharashtra,nashik,2018,0.0,0.0,0.0,0.0,9.0,0.0,0.0,0.0,2.0,0.0,0.0,0.0,0.0,0.0,10.0,0.0,0.0,3.0,17.0,4.0,6.0,0.0,2.0,0.0,4.0,0.0,0.0,0.0,1.0,7.0,58.0,Maharashtra,Nashik
maharashtra,nashik,2019,0.0,0.0,1.0,0.0,9.0,2.0,0.0,0.0,0.0,0.0,0.0,0.0,0.0,0.0,15.0,0.0,0.0,4.0,52.0,2.0,0.0,0.0,0.0,0.0,1.0,0.0,0.0,1.0,0.0,1.0,78.0,Maharashtra,Nashik
maharashtra,nashik,2020,0.0,0.0,0.0,0.0,0.0,3.0,0.0,0.0,0.0,0.0,0.0,0.0,0.0,1.0,7.0,1.0,1.0,0.0,8.0,0.0,0.0,0.0,1.0,0.0,0.0,0.0,0.0,1.0,1.0,8.0,28.0,Maharashtra,Nashik
maharashtra,nashik,2021,0.0,0.0,0.0,0.0,14.0,2.0,3.0,0.0,1.0,0.0,0.0,0.0,,0.0,5.0,0.0,0.0,0.0,0.0,0.0,0.0,31.0,0.0,0.0,0.0,0.0,0.0,1.0,0.0,0.0,41.0,Maharashtra,Nashik
maharashtra,nashik,2022,0.0,0.0,0.0,0.0,0.0,0.0,0.0,0.0,2.0,0.0,0.0,0.0,0.0,0.0,8.0,0.0,4.0,1.0,6.0,4.0,4.0,5.0,0.0,1.0,16.0,0.0,0.0,0.0,14.0,2.0,77.0,Maharashtra,Nashik
maharashtra,palghar,2017,0.0,0.0,0.0,0.0,4.0,0.0,0.0,0.0,0.0,0.0,0.0,0.0,0.0,2.0,,0.0,,15.0,,0.0,2.0,0.0,0.0,0.0,0.0,0.0,0.0,0.0,0.0,12.0,50.0,Maharashtra,Palghar
maharashtra,palghar,2018,0.0,0.0,0.0,0.0,2.0,0.0,3.0,0.0,0.0,0.0,0.0,0.0,0.0,5.0,5.0,0.0,0.0,2.0,2.0,0.0,1.0,21.0,,0.0,0.0,0.0,0.0,0.0,0.0,14.0,45.0,Maharashtra,Palghar
maharashtra,palghar,2019,1.0,0.0,3.0,4.0,10.0,7.0,2.0,0.0,0.0,0.0,0.0,0.0,0.0,0.0,12.0,0.0,0.0,1.0,2.0,,0.0,14.0,0.0,0.0,1.0,0.0,0.0,3.0,0.0,2.0,41.0,Maharashtra,Palghar
maharashtra,palghar,2020,0.0,0.0,2.0,0.0,,1.0,0.0,0.0,0.0,0.0,0.0,0.0,,0.0,5.0,,0.0,0.0,0.0,0.0,5.0,0.0,,0.0,0.0,0.0,0.0,,0.0,,15.0,Maharashtra,Palghar
maharashtra,palghar,2021,1.0,,,0.0,1.0,0.0,0.0,0.0,0.0,,0.0,0.0,0.0,0.0,2.0,0.0,,0.0,0.0,0.0,0.0,1.0,0.0,0.0,0.0,0.0,0.0,0.0,0.0,,9.0,Maharashtra,Palghar
maharashtra,palghar,2022,0.0,,0.0,0.0,2.0,0.0,0.0,0.0,0.0,,0.0,0.0,0.0,1.0,3.0,0.0,0.0,0.0,2.0,0.0,1.0,10.0,0.0,0.0,0.0,0.0,0.0,0.0,0.0,0.0,16.0,Maharashtra,Palghar
maharashtra,parbhani,2017,0.0,0.0,1.0,0.0,0.0,0.0,0.0,0.0,,0.0,0.0,0.0,0.0,0.0,4.0,0.0,0.0,0.0,0.0,0.0,0.0,,0.0,0.0,0.0,0.0,0.0,,0.0,5.0,12.0,Maharashtra,Parbhani
maharashtra,parbhani,2018,0.0,0.0,,0.0,0.0,0.0,0.0,0.0,0.0,0.0,0.0,0.0,0.0,0.0,2.0,0.0,0.0,0.0,0.0,0.0,0.0,1.0,0.0,0.0,0.0,0.0,0.0,0.0,0.0,5.0,8.0,Maharashtra,Parbhani
maharashtra,parbhani,2019,0.0,,0.0,0.0,0.0,0.0,0.0,0.0,0.0,,0.0,0.0,0.0,0.0,2.0,0.0,0.0,0.0,0.0,,0.0,16.0,0.0,0.0,,0.0,,0.0,,2.0,20.0,Maharashtra,Parbhani
maharashtra,parbhani,2020,0.0,0.0,1.0,1.0,0.0,0.0,0.0,0.0,0.0,,0.0,0.0,0.0,,,0.0,3.0,4.0,2.0,10.0,17.0,5.0,0.0,0.0,0.0,0.0,0.0,0.0,0.0,,56.0,Maharashtra,Parbhani
maharashtra,parbhani,2021,0.0,0.0,0.0,0.0,0.0,2.0,,0.0,0.0,0.0,0.0,0.0,0.0,4.0,,0.0,6.0,8.0,2.0,0.0,12.0,2.0,0.0,0.0,0.0,0.0,0.0,0.0,0.0,10.0,52.0,Maharashtra,Parbhani
maharashtra,parbhani,2022,0.0,0.0,0.0,1.0,0.0,0.0,0.0,0.0,0.0,0.0,0.0,,0.0,0.0,9.0,0.0,2.0,1.0,0.0,1.0,5.0,,0.0,,0.0,0.0,0.0,0.0,0.0,11.0,29.0,Maharashtra,Parbhani
maharashtra,pune,2017,0.0,0.0,0.0,,0.0,0.0,,0.0,,0.0,0.0,0.0,0.0,0.0,0.0,0.0,0.0,0.0,0.0,0.0,0.0,0.0,0.0,0.0,0.0,0.0,0.0,,,0.0,0.0,Maharashtra,Pune
maharashtra,pune,2018,1.0,0.0,6.0,0.0,29.0,15.0,0.0,0.0,2.0,0.0,0.0,0.0,0.0,1.0,10.0,2.0,7.0,15.0,65.0,2.0,34.0,68.0,0.0,0.0,0.0,0.0,0.0,1.0,2.0,9.0,235.0,Maharashtra,Pune
maharashtra,pune,2019,0.0,0.0,1.0,0.0,29.0,26.0,0.0,0.0,0.0,0.0,0.0,0.0,0.0,1.0,23.0,1.0,13.0,32.0,56.0,0.0,85.0,167.0,0.0,0.0,0.0,0.0,0.0,0.0,0.0,18.0,403.0,Maharashtra,Pune
maharashtra,pune,2020,0.0,0.0,0.0,3.0,32.0,37.0,2.0,0.0,1.0,0.0,0.0,0.0,2.0,6.0,19.0,0.0,14.0,37.0,76.0,22.0,44.0,52.0,2.0,0.0,0.0,1.0,0.0,1.0,0.0,25.0,314.0,Maharashtra,Pune
maharashtra,pune,2021,0.0,2.0,2.0,1.0,65.0,36.0,4.0,0.0,5.0,0.0,0.0,0.0,0.0,0.0,20.0,4.0,4.0,10.0,35.0,3.0,,17.0,0.0,0.0,0.0,0.0,0.0,0.0,2.0,12.0,189.0,Maharashtra,Pune
maharashtra,pune,2022,1.0,4.0,0.0,5.0,50.0,62.0,8.0,0.0,2.0,0.0,0.0,0.0,1.0,2.0,65.0,2.0,37.0,21.0,129.0,29.0,44.0,69.0,4.0,1.0,0.0,0.0,0.0,7.0,3.0,33.0,448.0,Maharashtra,Pune
maharashtra,raigad,2017,0.0,0.0,0.0,0.0,2.0,0.0,0.0,0.0,,0.0,0.0,0.0,0.0,1.0,3.0,,0.0,14.0,,14.0,1.0,0.0,0.0,0.0,0.0,0.0,0.0,,0.0,,51.0,Maharashtra,Raigad
maharashtra,raigad,2018,0.0,0.0,0.0,0.0,3.0,,0.0,,0.0,,0.0,0.0,0.0,0.0,4.0,0.0,0.0,6.0,21.0,6.0,2.0,0.0,0.0,0.0,0.0,0.0,0.0,0.0,,11.0,50.0,Maharashtra,Raigad
maharashtra,raigad,2019,0.0,0.0,0.0,0.0,2.0,0.0,0.0,0.0,0.0,0.0,0.0,0.0,0.0,0.0,,,3.0,4.0,24.0,8.0,0.0,,0.0,0.0,0.0,0.0,0.0,0.0,,13.0,52.0,Maharashtra,Raigad
maharashtra,raigad,2020,0.0,0.0,0.0,0.0,4.0,3.0,0.0,0.0,1.0,0.0,0.0,0.0,0.0,1.0,,0.0,2.0,3.0,12.0,2.0,0.0,3.0,3.0,0.0,0.0,0.0,0.0,0.0,0.0,12.0,41.0,Maharashtra,Raigad
maharashtra,raigad,2021,0.0,0.0,0.0,0.0,0.0,,0.0,0.0,0.0,0.0,0.0,0.0,0.0,,5.0,,1.0,,,,0.0,4.0,0.0,0.0,6.0,0.0,0.0,0.0,,2.0,44.0,Maharashtra,Raigad
maharashtra,ratnagiri,2017,0.0,0.0,0.0,0.0,2.0,0.0,0.0,,0.0,0.0,0.0,0.0,0.0,0.0,3.0,,0.0,,0.0,,0.0,0.0,0.0,0.0,0.0,0.0,0.0,0.0,1.0,1.0,46.0,Maharashtra,Ratnagiri
maharashtra,ratnagiri,2018,0.0,0.0,0.0,0.0,2.0,1.0,0.0,0.0,0.0,0.0,,0.0,0.0,0.0,8.0,0.0,2.0,18.0,12.0,0.0,0.0,2.0,,0.0,0.0,0.0,0.0,0.0,1.0,2.0,45.0,Maharashtra,Ratnagiri
maharashtra,ratnagiri,2019,1.0,0.0,0.0,0.0,2.0,0.0,0.0,0.0,1.0,0.0,0.0,0.0,0.0,0.0,7.0,0.0,0.0,7.0,2.0,21.0,2.0,15.0,0.0,0.0,1.0,0.0,0.0,0.0,0.0,0.0,55.0,Maharashtra,Ratnagiri
maharashtra,ratnagiri,2020,0.0,0.0,0.0,0.0,0.0,0.0,0.0,0.0,0.0,0.0,0.0,0.0,,,,0.0,2.0,18.0,,4.0,0.0,8.0,0.0,0.0,,0.0,0.0,0.0,,0.0,47.0,Maharashtra,Ratnagiri
maharashtra,ratnagiri,2021,,0.0,0.0,0.0,1.0,0.0,0.0,0.0,0.0,0.0,0.0,0.0,0.0,0.0,4.0,0.0,3.0,3.0,8.0,0.0,9.0,7.0,0.0,0.0,1.0,0.0,0.0,0.0,0.0,,38.0,Maharashtra,Ratnagiri
maharashtra,ratnagiri,2022,0.0,,0.0,0.0,1.0,1.0,0.0,0.0,0.0,0.0,,0.0,0.0,0.0,2.0,0.0,4.0,2.0,14.0,13.0,5.0,4.0,0.0,0.0,0.0,0.0,0.0,2.0,0.0,7.0,53.0,Maharashtra,Ratnagiri
maharashtra,saatara,2022,0.0,0.0,0.0,0.0,1.0,0.0,0.0,0.0,,0.0,0.0,,0.0,0.0,8.0,0.0,,0.0,0.0,1.0,14.0,2.0,0.0,,0.0,0.0,0.0,0.0,0.0,6.0,31.0,Maharashtra,Saatara
maharashtra,sangli,2017,0.0,0.0,0.0,0.0,5.0,1.0,0.0,0.0,0.0,0.0,0.0,0.0,,,6.0,0.0,0.0,1.0,0.0,0.0,0.0,5.0,0.0,0.0,0.0,0.0,0.0,0.0,,,,Maharashtra,Sangli
maharashtra,sangli,2018,0.0,0.0,0.0,0.0,,4.0,2.0,0.0,0.0,0.0,0.0,0.0,0.0,0.0,7.0,1.0,3.0,2.0,0.0,2.0,0.0,11.0,0.0,,0.0,0.0,0.0,0.0,0.0,6.0,32.0,Maharashtra,Sangli
maharashtra,sangli,2019,0.0,0.0,0.0,0.0,5.0,3.0,1.0,0.0,0.0,,0.0,0.0,0.0,0.0,9.0,0.0,,,4.0,2.0,2.0,6.0,0.0,0.0,,0.0,0.0,0.0,0.0,2.0,27.0,Maharashtra,Sangli
maharashtra,sangli,2020,0.0,0.0,1.0,2.0,2.0,2.0,0.0,0.0,0.0,0.0,0.0,0.0,,0.0,5.0,1.0,0.0,4.0,5.0,6.0,2.0,9.0,,0.0,0.0,0.0,0.0,6.0,0.0,11.0,49.0,Maharashtra,Sangli
maharashtra,sangli,2021,0.0,0.0,0.0,0.0,2.0,0.0,0.0,0.0,0.0,0.0,0.0,0.0,,0.0,2.0,1.0,5.0,,,12.0,4.0,0.0,2.0,0.0,0.0,0.0,,0.0,0.0,,47.0,Maharashtra,Sangli
maharashtra,sangli,2022,,0.0,0.0,0.0,0.0,0.0,0.0,0.0,,0.0,0.0,0.0,0.0,1.0,4.0,0.0,2.0,1.0,,2.0,6.0,0.0,0.0,0.0,0.0,0.0,0.0,0.0,0.0,14.0,38.0,Maharashtra,Sangli
maharashtra,satara,2017,0.0,0.0,3.0,0.0,2.0,1.0,2.0,,3.0,0.0,0.0,,0.0,0.0,1.0,0.0,,0.0,0.0,0.0,0.0,22.0,1.0,,0.0,0.0,0.0,0.0,0.0,9.0,33.0,Maharashtra,Satara
maharashtra,satara,2018,0.0,,0.0,0.0,1.0,0.0,0.0,0.0,0.0,0.0,0.0,0.0,0.0,0.0,11.0,0.0,0.0,6.0,0.0,0.0,0.0,17.0,,0.0,0.0,0.0,0.0,1.0,0.0,21.0,56.0,Maharashtra,Satara
maharashtra,satara,2019,0.0,0.0,0.0,0.0,0.0,0.0,1.0,0.0,1.0,,0.0,0.0,0.0,0.0,5.0,5.0,0.0,5.0,0.0,0.0,0.0,11.0,0.0,0.0,0.0,0.0,0.0,3.0,,16.0,45.0,Maharashtra,Satara
maharashtra,satara,2020,0.0,0.0,0.0,0.0,0.0,0.0,0.0,0.0,0.0,0.0,0.0,0.0,,0.0,10.0,0.0,0.0,,13.0,6.0,0.0,5.0,0.0,0.0,0.0,0.0,0.0,0.0,0.0,15.0,51.0,Maharashtra,Satara
maharashtra,satara,2021,0.0,0.0,0.0,0.0,2.0,0.0,0.0,0.0,0.0,,0.0,0.0,0.0,,5.0,0.0,0.0,0.0,3.0,6.0,10.0,,0.0,0.0,0.0,0.0,0.0,0.0,0.0,11.0,45.0,Maharashtra,Satara
maharashtra,sindhudurg,2017,0.0,0.0,0.0,0.0,2.0,0.0,0.0,0.0,0.0,0.0,0.0,0.0,0.0,0.0,0.0,0.0,0.0,3.0,6.0,0.0,0.0,0.0,0.0,0.0,0.0,0.0,0.0,0.0,1.0,3.0,13.0,Maharashtra,Sindhudurg
maharashtra,sindhudurg,2018,0.0,0.0,1.0,1.0,1.0,0.0,,0.0,0.0,0.0,0.0,0.0,0.0,0.0,0.0,0.0,3.0,7.0,11.0,0.0,3.0,0.0,0.0,0.0,0.0,,0.0,0.0,0.0,0.0,24.0,Maharashtra,Sindhudurg
maharashtra,sindhudurg,2019,0.0,0.0,1.0,,0.0,0.0,0.0,0.0,0.0,0.0,0.0,0.0,,0.0,5.0,0.0,1.0,3.0,8.0,1.0,1.0,0.0,0.0,0.0,0.0,0.0,0.0,0.0,0.0,3.0,22.0,Maharashtra,Sindhudurg
maharashtra,sindhudurg,2020,0.0,0.0,5.0,0.0,,0.0,0.0,0.0,0.0,0.0,0.0,0.0,0.0,0.0,1.0,0.0,1.0,0.0,12.0,7.0,0.0,0.0,0.0,0.0,0.0,0.0,0.0,0.0,0.0,6.0,27.0,Maharashtra,Sindhudurg
maharashtra,sindhudurg,2021,0.0,0.0,0.0,0.0,1.0,0.0,0.0,0.0,,0.0,0.0,0.0,0.0,,8.0,0.0,1.0,0.0,2.0,2.0,0.0,6.0,,0.0,0.0,0.0,0.0,0.0,0.0,2.0,21.0,Maharashtra,Sindhudurg
maharashtra,sindhudurg,2022,0.0,0.0,0.0,0.0,2.0,0.0,0.0,0.0,0.0,0.0,,0.0,0.0,0.0,6.0,0.0,1.0,0.0,0.0,0.0,9.0,,,0.0,0.0,0.0,,1.0,,7.0,35.0,Maharashtra,Sindhudurg
maharashtra,solapur,2017,0.0,0.0,13.0,0.0,0.0,0.0,0.0,0.0,0.0,0.0,0.0,0.0,0.0,0.0,5.0,0.0,0.0,0.0,0.0,0.0,0.0,16.0,0.0,0.0,0.0,0.0,0.0,0.0,0.0,8.0,29.0,Maharashtra,Solapur
maharashtra,solapur,2018,0.0,0.0,6.0,0.0,0.0,0.0,0.0,0.0,1.0,0.0,0.0,0.0,0.0,3.0,2.0,1.0,,2.0,1.0,1.0,0.0,16.0,0.0,0.0,0.0,0.0,0.0,0.0,0.0,7.0,42.0,Maharashtra,Solapur
maharashtra,solapur,2019,0.0,0.0,0.0,0.0,7.0,3.0,0.0,0.0,0.0,0.0,0.0,0.0,0.0,0.0,8.0,0.0,4.0,10.0,17.0,0.0,1.0,18.0,0.0,0.0,0.0,0.0,0.0,0.0,0.0,15.0,79.0,Maharashtra,Solapur
maharashtra,solapur,2020,0.0,0.0,0.0,0.0,0.0,2.0,0.0,0.0,0.0,,0.0,0.0,0.0,0.0,0.0,0.0,4.0,2.0,4.0,4.0,1.0,20.0,0.0,0.0,0.0,0.0,0.0,0.0,0.0,16.0,58.0,Maharashtra,Solapur
maharashtra,solapur,2021,0.0,0.0,0.0,0.0,0.0,0.0,0.0,0.0,0.0,0.0,0.0,0.0,0.0,1.0,16.0,0.0,0.0,1.0,5.0,3.0,0.0,21.0,0.0,0.0,2.0,0.0,0.0,0.0,0.0,26.0,74.0,Maharashtra,Solapur
maharashtra,solapur,2022,0.0,0.0,0.0,2.0,5.0,0.0,1.0,0.0,0.0,0.0,0.0,0.0,0.0,3.0,13.0,0.0,6.0,3.0,2.0,4.0,5.0,28.0,0.0,0.0,0.0,0.0,0.0,4.0,0.0,6.0,25.0,Maharashtra,Solapur
maharashtra,thane,2017,,0.0,0.0,1.0,5.0,1.0,0.0,0.0,0.0,0.0,0.0,0.0,0.0,4.0,3.0,0.0,0.0,16.0,1.0,0.0,2.0,5.0,2.0,0.0,0.0,0.0,0.0,0.0,0.0,7.0,36.0,Maharashtra,Thane
maharashtra,thane,2018,1.0,0.0,1.0,8.0,67.0,94.0,0.0,0.0,0.0,0.0,0.0,0.0,0.0,14.0,8.0,0.0,2.0,12.0,4.0,0.0,10.0,23.0,0.0,0.0,0.0,0.0,0.0,0.0,0.0,41.0,141.0,Maharashtra,Thane
maharashtra,thane,2019,0.0,0.0,,0.0,4.0,82.0,6.0,0.0,0.0,0.0,0.0,0.0,0.0,1.0,30.0,0.0,1.0,10.0,0.0,3.0,15.0,35.0,5.0,2.0,0.0,0.0,0.0,1.0,1.0,26.0,158.0,Maharashtra,Thane
maharashtra,thane,2020,0.0,2.0,0.0,1.0,60.0,35.0,1.0,0.0,2.0,0.0,0.0,0.0,1.0,4.0,29.0,1.0,11.0,4.0,31.0,7.0,45.0,11.0,2.0,0.0,3.0,0.0,0.0,2.0,2.0,57.0,248.0,Maharashtra,Thane
maharashtra,thane,2021,0.0,0.0,0.0,1.0,21.0,33.0,4.0,0.0,0.0,0.0,0.0,0.0,0.0,4.0,57.0,2.0,0.0,4.0,41.0,0.0,21.0,118.0,0.0,0.0,0.0,0.0,0.0,8.0,2.0,65.0,315.0,Maharashtra,Thane
maharashtra,thane,2022,0.0,0.0,0.0,0.0,16.0,48.0,2.0,0.0,6.0,0.0,0.0,0.0,0.0,18.0,70.0,1.0,11.0,2.0,63.0,9.0,33.0,214.0,5.0,0.0,4.0,0.0,0.0,4.0,1.0,81.0,500.0,Maharashtra,Thane
maharashtra,wardha,2017,0.0,0.0,0.0,0.0,2.0,7.0,0.0,,0.0,0.0,0.0,0.0,0.0,0.0,5.0,0.0,0.0,0.0,1.0,,4.0,0.0,0.0,0.0,0.0,0.0,0.0,0.0,0.0,2.0,51.0,Maharashtra,Wardha
maharashtra,wardha,2018,0.0,0.0,0.0,1.0,1.0,2.0,0.0,0.0,0.0,0.0,0.0,0.0,0.0,0.0,,1.0,8.0,2.0,1.0,19.0,8.0,0.0,0.0,0.0,0.0,0.0,0.0,0.0,0.0,0.0,50.0,Maharashtra,Wardha
maharashtra,wardha,2019,0.0,0.0,0.0,0.0,6.0,1.0,0.0,0.0,0.0,0.0,0.0,0.0,0.0,0.0,15.0,0.0,5.0,12.0,2.0,3.0,9.0,21.0,1.0,0.0,0.0,0.0,0.0,0.0,0.0,9.0,77.0,Maharashtra,Wardha
maharashtra,wardha,2020,0.0,0.0,0.0,0.0,7.0,3.0,0.0,0.0,0.0,0.0,0.0,0.0,0.0,,13.0,1.0,3.0,10.0,14.0,4.0,0.0,16.0,0.0,0.0,0.0,0.0,0.0,0.0,1.0,,76.0,Maharashtra,Wardha
maharashtra,wardha,2021,0.0,,1.0,1.0,,,1.0,0.0,0.0,,0.0,0.0,0.0,,6.0,0.0,1.0,1.0,8.0,6.0,0.0,7.0,0.0,0.0,,0.0,0.0,0.0,0.0,0.0,29.0,Maharashtra,Wardha
maharashtra,wardha,2022,0.0,0.0,0.0,0.0,2.0,18.0,0.0,0.0,1.0,0.0,0.0,0.0,0.0,0.0,8.0,0.0,1.0,0.0,3.0,2.0,4.0,9.0,0.0,0.0,0.0,0.0,0.0,0.0,0.0,6.0,33.0,Maharashtra,Wardha
maharashtra,washim,2017,0.0,0.0,0.0,0.0,0.0,0.0,,0.0,0.0,0.0,0.0,,0.0,0.0,1.0,0.0,0.0,2.0,0.0,2.0,1.0,2.0,0.0,0.0,0.0,0.0,0.0,0.0,0.0,0.0,8.0,Maharashtra,Washim
maharashtra,washim,2019,0.0,0.0,0.0,,0.0,0.0,0.0,,0.0,0.0,0.0,0.0,,,2.0,0.0,2.0,2.0,0.0,,0.0,0.0,0.0,0.0,0.0,0.0,0.0,0.0,0.0,4.0,10.0,Maharashtra,Washim
maharashtra,washim,2021,0.0,0.0,0.0,0.0,,0.0,0.0,0.0,0.0,0.0,,0.0,,0.0,1.0,0.0,1.0,0.0,2.0,1.0,0.0,,0.0,,0.0,0.0,0.0,0.0,0.0,7.0,,Maharashtra,Washim
maharashtra,washim,2022,0.0,0.0,0.0,0.0,4.0,,0.0,0.0,0.0,0.0,0.0,0.0,0.0,0.0,1.0,0.0,0.0,0.0,4.0,0.0,0.0,0.0,0.0,0.0,0.0,0.0,0.0,0.0,0.0,4.0,9.0,Maharashtra,Washim
maharashtra,yavatmal,2017,0.0,0.0,3.0,4.0,0.0,0.0,0.0,0.0,0.0,0.0,,0.0,0.0,0.0,0.0,0.0,0.0,6.0,0.0,0.0,5.0,,0.0,0.0,0.0,,0.0,0.0,0.0,4.0,22.0,Maharashtra,Yavatmal
maharashtra,yavatmal,2018,,0.0,3.0,0.0,1.0,0.0,0.0,0.0,0.0,,,0.0,0.0,0.0,3.0,1.0,0.0,11.0,,0.0,1.0,20.0,0.0,0.0,0.0,0.0,0.0,,0.0,0.0,36.0,Maharashtra,Yavatmal
maharashtra,yavatmal,2019,,1.0,3.0,,0.0,1.0,0.0,0.0,4.0,0.0,0.0,0.0,0.0,0.0,2.0,0.0,0.0,5.0,0.0,0.0,6.0,13.0,0.0,0.0,0.0,0.0,,,0.0,5.0,31.0,Maharashtra,Yavatmal
maharashtra,yavatmal,2020,0.0,0.0,0.0,,3.0,4.0,0.0,0.0,0.0,0.0,0.0,0.0,0.0,0.0,1.0,,1.0,5.0,4.0,0.0,3.0,0.0,0.0,0.0,1.0,0.0,0.0,0.0,,,21.0,Maharashtra,Yavatmal
maharashtra,yavatmal,2021,0.0,0.0,0.0,0.0,,,0.0,0.0,0.0,0.0,,0.0,0.0,0.0,7.0,,0.0,1.0,3.0,0.0,2.0,0.0,0.0,,0.0,0.0,0.0,0.0,0.0,7.0,20.0,Maharashtra,Yavatmal
maharashtra,yavatmal,2022,0.0,,6.0,,0.0,0.0,0.0,0.0,,0.0,0.0,0.0,0.0,0.0,0.0,0.0,0.0,0.0,0.0,0.0,3.0,18.0,0.0,0.0,1.0,0.0,0.0,0.0,0.0,1.0,23.0,Maharashtra,Yavatmal
manipur,bishnupur,2017,0.0,0.0,0.0,0.0,0.0,0.0,0.0,0.0,0.0,0.0,0.0,0.0,0.0,0.0,0.0,0.0,,0.0,0.0,0.0,0.0,0.0,0.0,0.0,0.0,,0.0,0.0,0.0,0.0,0.0,Manipur,Bishnupur
manipur,bishnupur,2018,0.0,0.0,0.0,0.0,0.0,0.0,0.0,0.0,0.0,0.0,0.0,0.0,0.0,,0.0,0.0,0.0,0.0,0.0,,0.0,0.0,0.0,0.0,0.0,,0.0,0.0,0.0,0.0,0.0,Manipur,Bishnupur
manipur,bishnupur,2019,0.0,0.0,0.0,0.0,0.0,0.0,0.0,0.0,0.0,,0.0,0.0,0.0,0.0,0.0,0.0,0.0,0.0,,0.0,0.0,,0.0,0.0,0.0,0.0,0.0,0.0,0.0,0.0,0.0,Manipur,Bishnupur
manipur,bishnupur,2020,0.0,0.0,0.0,0.0,0.0,0.0,0.0,0.0,0.0,0.0,0.0,0.0,0.0,0.0,0.0,0.0,0.0,0.0,,0.0,0.0,0.0,0.0,0.0,0.0,,0.0,,,0.0,0.0,Manipur,Bishnupur
manipur,bishnupur,2021,0.0,0.0,0.0,0.0,0.0,,0.0,0.0,0.0,,0.0,0.0,0.0,0.0,0.0,0.0,0.0,0.0,0.0,,0.0,0.0,0.0,0.0,0.0,,0.0,0.0,0.0,0.0,,Manipur,Bishnupur
manipur,bishnupur,2022,0.0,0.0,0.0,0.0,0.0,0.0,0.0,0.0,0.0,0.0,0.0,0.0,0.0,0.0,0.0,0.0,0.0,0.0,0.0,0.0,0.0,0.0,0.0,0.0,,0.0,0.0,0.0,0.0,0.0,0.0,Manipur,Bishnupur
manipur,chandel,2017,0.0,0.0,0.0,,0.0,0.0,0.0,0.0,0.0,0.0,0.0,0.0,0.0,0.0,,0.0,0.0,0.0,0.0,0.0,,0.0,,0.0,0.0,0.0,0.0,0.0,0.0,0.0,0.0,Manipur,Chandel
manipur,chandel,2018,0.0,0.0,0.0,0.0,,0.0,0.0,,0.0,0.0,0.0,0.0,0.0,,0.0,0.0,0.0,0.0,0.0,0.0,,0.0,0.0,0.0,0.0,0.0,0.0,0.0,0.0,0.0,0.0,Manipur,Chandel
manipur,chandel,2019,0.0,0.0,0.0,0.0,0.0,0.0,0.0,0.0,,0.0,0.0,0.0,0.0,0.0,0.0,0.0,0.0,0.0,0.0,0.0,0.0,0.0,0.0,0.0,0.0,0.0,0.0,0.0,0.0,0.0,0.0,Manipur,Chandel
manipur,chandel,2020,0.0,0.0,0.0,0.0,0.0,0.0,,0.0,0.0,0.0,0.0,0.0,0.0,,0.0,0.0,0.0,0.0,,0.0,0.0,0.0,0.0,0.0,0.0,0.0,0.0,0.0,0.0,0.0,0.0,Manipur,Chandel
manipur,chandel,2021,0.0,0.0,0.0,0.0,0.0,0.0,0.0,0.0,0.0,0.0,,0.0,,0.0,,0.0,0.0,0.0,0.0,0.0,0.0,0.0,,0.0,0.0,0.0,0.0,0.0,0.0,0.0,0.0,Manipur,Chandel
manipur,chandel,2022,0.0,0.0,0.0,0.0,,0.0,0.0,0.0,0.0,0.0,0.0,0.0,0.0,0.0,0.0,0.0,0.0,,0.0,0.0,0.0,0.0,0.0,0.0,0.0,,0.0,,0.0,0.0,0.0,Manipur,Chandel
manipur,churachandpur,2017,0.0,0.0,0.0,0.0,0.0,0.0,0.0,0.0,0.0,0.0,0.0,0.0,0.0,0.0,0.0,0.0,0.0,0.0,0.0,0.0,,0.0,0.0,0.0,0.0,0.0,0.0,0.0,,0.0,,Manipur,Churachandpur
manipur,churachandpur,2018,0.0,0.0,0.0,0.0,0.0,0.0,0.0,0.0,,0.0,0.0,0.0,0.0,0.0,0.0,0.0,0.0,,0.0,0.0,,0.0,0.0,,0.0,0.0,0.0,1.0,0.0,,1.0,Manipur,Churachandpur
manipur,churachandpur,2019,0.0,0.0,0.0,0.0,0.0,1.0,0.0,0.0,,0.0,0.0,0.0,0.0,0.0,0.0,0.0,,,0.0,0.0,0.0,,0.0,0.0,0.0,0.0,0.0,0.0,,0.0,,Manipur,Churachandpur
manipur,churachandpur,2020,0.0,0.0,0.0,0.0,0.0,0.0,,0.0,0.0,0.0,0.0,0.0,,1.0,0.0,0.0,0.0,0.0,0.0,0.0,0.0,0.0,0.0,0.0,0.0,0.0,,0.0,0.0,,,Manipur,Churachandpur
manipur,churachandpur,2021,0.0,,0.0,,0.0,0.0,0.0,0.0,0.0,0.0,0.0,0.0,0.0,0.0,,0.0,0.0,0.0,,0.0,,0.0,0.0,0.0,0.0,0.0,0.0,0.0,0.0,0.0,0.0,Manipur,Churachandpur
manipur,churachandpur,2022,0.0,0.0,0.0,0.0,,0.0,0.0,0.0,,,0.0,0.0,,0.0,,0.0,0.0,0.0,0.0,0.0,0.0,0.0,0.0,,0.0,0.0,0.0,0.0,0.0,0.0,0.0,Manipur,Churachandpur
manipur,imphaal west,2022,0.0,0.0,0.0,0.0,0.0,0.0,0.0,0.0,0.0,0.0,0.0,0.0,0.0,0.0,3.0,0.0,,0.0,0.0,0.0,0.0,6.0,0.0,,0.0,0.0,0.0,1.0,0.0,5.0,15.0,Manipur,Imphaal West
manipur,imphal east,2017,0.0,0.0,0.0,2.0,0.0,0.0,0.0,,0.0,0.0,0.0,0.0,0.0,0.0,0.0,0.0,,0.0,0.0,0.0,0.0,0.0,0.0,0.0,0.0,0.0,0.0,,,0.0,,Manipur,Imphal East
manipur,imphal east,2018,0.0,0.0,0.0,0.0,0.0,0.0,0.0,,0.0,,,0.0,0.0,0.0,0.0,0.0,0.0,,0.0,0.0,0.0,0.0,0.0,0.0,0.0,0.0,0.0,,0.0,0.0,0.0,Manipur,Imphal East
manipur,imphal east,2020,0.0,0.0,0.0,0.0,0.0,0.0,0.0,0.0,0.0,0.0,0.0,,0.0,,0.0,0.0,0.0,,0.0,0.0,0.0,0.0,0.0,0.0,0.0,0.0,0.0,0.0,,0.0,0.0,Manipur,Imphal East
manipur,imphal east,2021,0.0,0.0,0.0,0.0,0.0,0.0,0.0,0.0,0.0,0.0,0.0,0.0,0.0,0.0,0.0,0.0,0.0,0.0,0.0,0.0,0.0,0.0,0.0,0.0,0.0,0.0,0.0,0.0,0.0,0.0,0.0,Manipur,Imphal East
manipur,imphal east,2022,0.0,0.0,0.0,0.0,0.0,0.0,0.0,0.0,,0.0,0.0,0.0,0.0,0.0,,0.0,,0.0,0.0,0.0,0.0,,0.0,0.0,0.0,0.0,0.0,,,0.0,0.0,Manipur,Imphal East
manipur,imphal west,2017,0.0,0.0,0.0,2.0,1.0,0.0,0.0,0.0,0.0,0.0,0.0,0.0,0.0,0.0,7.0,6.0,0.0,0.0,1.0,0.0,4.0,3.0,3.0,0.0,0.0,0.0,0.0,1.0,0.0,15.0,65.0,Manipur,Imphal West
manipur,imphal west,2018,0.0,0.0,0.0,0.0,0.0,0.0,0.0,0.0,0.0,0.0,0.0,0.0,0.0,0.0,3.0,2.0,0.0,0.0,0.0,0.0,0.0,14.0,1.0,0.0,0.0,0.0,0.0,0.0,,7.0,27.0,Manipur,Imphal West
manipur,imphal west,2019,0.0,0.0,0.0,0.0,0.0,0.0,0.0,0.0,0.0,0.0,0.0,0.0,0.0,0.0,0.0,0.0,0.0,0.0,0.0,0.0,0.0,0.0,0.0,0.0,0.0,0.0,0.0,0.0,0.0,0.0,0.0,Manipur,Imphal West
manipur,imphal west,2020,0.0,0.0,0.0,0.0,0.0,0.0,0.0,0.0,0.0,0.0,0.0,0.0,0.0,0.0,3.0,1.0,0.0,0.0,0.0,0.0,0.0,39.0,2.0,0.0,0.0,0.0,0.0,1.0,14.0,13.0,73.0,Manipur,Imphal West
manipur,imphal west,2021,0.0,0.0,0.0,0.0,0.0,0.0,0.0,0.0,0.0,0.0,0.0,0.0,0.0,0.0,2.0,1.0,0.0,0.0,0.0,0.0,0.0,0.0,0.0,0.0,0.0,0.0,0.0,0.0,0.0,1.0,0.0,Manipur,Imphal West
manipur,imphal west,2022,1.0,0.0,0.0,0.0,0.0,0.0,0.0,0.0,0.0,0.0,0.0,0.0,0.0,0.0,1.0,0.0,0.0,0.0,0.0,0.0,0.0,0.0,0.0,0.0,0.0,0.0,0.0,0.0,1.0,0.0,2.0,Manipur,Imphal West
manipur,jiribam,2019,0.0,0.0,0.0,0.0,,0.0,0.0,0.0,0.0,0.0,0.0,0.0,0.0,0.0,0.0,0.0,0.0,0.0,0.0,0.0,0.0,0.0,0.0,0.0,0.0,0.0,0.0,0.0,0.0,,,Manipur,Jiribam
manipur,jiribam,2020,0.0,0.0,0.0,0.0,,0.0,0.0,0.0,0.0,0.0,0.0,0.0,0.0,0.0,0.0,,,,0.0,0.0,,0.0,0.0,,0.0,0.0,0.0,0.0,0.0,0.0,0.0,Manipur,Jiribam
manipur,jiribam,2021,0.0,,0.0,,0.0,0.0,0.0,0.0,0.0,0.0,0.0,0.0,0.0,0.0,0.0,0.0,0.0,0.0,0.0,0.0,0.0,0.0,0.0,0.0,0.0,0.0,0.0,0.0,0.0,0.0,0.0,Manipur,Jiribam
manipur,jiribam,2022,0.0,0.0,0.0,0.0,0.0,,0.0,0.0,0.0,0.0,0.0,0.0,0.0,0.0,,,0.0,0.0,0.0,0.0,0.0,0.0,,0.0,0.0,0.0,0.0,0.0,0.0,0.0,0.0,Manipur,Jiribam
manipur,kaamjong,2022,0.0,0.0,0.0,0.0,0.0,0.0,,,0.0,0.0,0.0,,0.0,0.0,0.0,0.0,,0.0,0.0,0.0,0.0,0.0,0.0,,0.0,0.0,0.0,0.0,0.0,0.0,0.0,Manipur,Kaamjong
manipur,kakching,2019,0.0,0.0,0.0,,0.0,0.0,,0.0,,0.0,0.0,0.0,0.0,0.0,0.0,0.0,0.0,0.0,,0.0,,0.0,0.0,0.0,0.0,,0.0,,0.0,0.0,0.0,Manipur,Kakching
manipur,kakching,2020,0.0,0.0,0.0,0.0,,0.0,0.0,0.0,0.0,0.0,0.0,0.0,0.0,,0.0,0.0,,,0.0,0.0,0.0,0.0,0.0,0.0,,0.0,0.0,,0.0,0.0,0.0,Manipur,Kakching
manipur,kakching,2021,0.0,0.0,,0.0,0.0,1.0,0.0,0.0,0.0,0.0,0.0,0.0,0.0,0.0,0.0,0.0,0.0,0.0,0.0,0.0,0.0,0.0,0.0,0.0,0.0,0.0,0.0,0.0,0.0,0.0,,Manipur,Kakching
manipur,kakching,2022,0.0,0.0,0.0,0.0,0.0,0.0,0.0,0.0,0.0,0.0,0.0,0.0,0.0,0.0,0.0,0.0,0.0,,0.0,0.0,0.0,0.0,0.0,0.0,0.0,0.0,0.0,0.0,0.0,,0.0,Manipur,Kakching
manipur,kamjong,2019,0.0,0.0,0.0,0.0,0.0,0.0,0.0,0.0,0.0,,0.0,0.0,0.0,0.0,0.0,0.0,0.0,0.0,0.0,0.0,0.0,,,0.0,0.0,0.0,0.0,0.0,0.0,0.0,0.0,Manipur,Kamjong
manipur,kamjong,2020,0.0,0.0,0.0,,0.0,0.0,0.0,0.0,0.0,0.0,0.0,0.0,0.0,0.0,0.0,0.0,0.0,0.0,0.0,,0.0,0.0,0.0,0.0,0.0,0.0,0.0,0.0,0.0,0.0,0.0,Manipur,Kamjong
manipur,kamjong,2021,0.0,,0.0,0.0,0.0,0.0,0.0,0.0,0.0,0.0,0.0,0.0,0.0,0.0,0.0,0.0,0.0,0.0,0.0,0.0,0.0,0.0,0.0,0.0,0.0,0.0,0.0,0.0,0.0,0.0,,Manipur,Kamjong
manipur,kangpokpi,2020,0.0,0.0,0.0,0.0,0.0,,0.0,0.0,0.0,0.0,0.0,0.0,0.0,0.0,0.0,0.0,0.0,0.0,0.0,0.0,0.0,0.0,,0.0,0.0,0.0,0.0,0.0,0.0,0.0,0.0,Manipur,Kangpokpi
manipur,kangpokpi,2021,0.0,0.0,0.0,0.0,1.0,1.0,0.0,0.0,0.0,0.0,,0.0,0.0,0.0,0.0,,0.0,0.0,,0.0,0.0,0.0,0.0,0.0,0.0,,0.0,,0.0,0.0,0.0,Manipur,Kangpokpi
manipur,kangpokpi,2022,0.0,0.0,0.0,0.0,0.0,0.0,0.0,0.0,0.0,0.0,0.0,0.0,0.0,0.0,0.0,0.0,,0.0,0.0,0.0,0.0,0.0,0.0,0.0,,0.0,0.0,0.0,0.0,0.0,0.0,Manipur,Kangpokpi
manipur,noney,2019,0.0,0.0,0.0,0.0,0.0,0.0,0.0,,,0.0,0.0,0.0,0.0,0.0,0.0,0.0,0.0,0.0,,0.0,0.0,0.0,0.0,0.0,0.0,0.0,0.0,0.0,0.0,0.0,0.0,Manipur,Noney
manipur,noney,2020,0.0,0.0,0.0,0.0,0.0,0.0,0.0,0.0,0.0,0.0,0.0,0.0,0.0,0.0,0.0,0.0,0.0,0.0,,0.0,0.0,0.0,0.0,0.0,0.0,,,0.0,0.0,0.0,0.0,Manipur,Noney
manipur,noney,2021,0.0,,0.0,0.0,0.0,0.0,0.0,,0.0,0.0,0.0,0.0,,0.0,0.0,0.0,0.0,0.0,0.0,0.0,0.0,0.0,0.0,0.0,0.0,0.0,0.0,0.0,0.0,0.0,0.0,Manipur,Noney
manipur,noney,2022,0.0,0.0,0.0,0.0,0.0,,0.0,0.0,0.0,0.0,0.0,0.0,0.0,0.0,0.0,0.0,0.0,0.0,0.0,0.0,0.0,0.0,0.0,0.0,0.0,0.0,0.0,0.0,0.0,0.0,,Manipur,Noney
manipur,pherzawl,2019,0.0,0.0,0.0,0.0,0.0,,0.0,0.0,0.0,0.0,0.0,0.0,,0.0,0.0,,0.0,0.0,0.0,0.0,0.0,0.0,0.0,0.0,0.0,0.0,0.0,0.0,0.0,0.0,0.0,Manipur,Pherzawl
manipur,pherzawl,2020,0.0,0.0,,0.0,,0.0,0.0,0.0,0.0,0.0,0.0,0.0,0.0,0.0,0.0,0.0,0.0,0.0,0.0,0.0,,0.0,0.0,0.0,0.0,0.0,0.0,0.0,0.0,0.0,0.0,Manipur,Pherzawl
manipur,pherzawl,2021,0.0,0.0,0.0,0.0,0.0,0.0,0.0,0.0,0.0,0.0,0.0,0.0,0.0,0.0,0.0,0.0,0.0,0.0,0.0,0.0,0.0,0.0,0.0,,0.0,0.0,0.0,0.0,0.0,0.0,0.0,Manipur,Pherzawl
manipur,pherzawl,2022,0.0,0.0,0.0,0.0,0.0,0.0,0.0,0.0,0.0,0.0,0.0,,0.0,0.0,0.0,0.0,0.0,0.0,0.0,0.0,0.0,0.0,0.0,0.0,0.0,0.0,0.0,0.0,0.0,0.0,0.0,Manipur,Pherzawl
manipur,senapati,2017,0.0,0.0,,0.0,,0.0,0.0,0.0,0.0,0.0,,0.0,0.0,0.0,0.0,0.0,0.0,0.0,0.0,0.0,,0.0,0.0,0.0,0.0,0.0,0.0,0.0,0.0,,0.0,Manipur,Senapati
manipur,senapati,2018,0.0,0.0,,,0.0,0.0,0.0,0.0,,0.0,0.0,0.0,0.0,,0.0,0.0,0.0,0.0,0.0,0.0,0.0,,0.0,0.0,0.0,0.0,0.0,0.0,0.0,,0.0,Manipur,Senapati
manipur,senapati,2019,0.0,0.0,0.0,0.0,0.0,0.0,0.0,0.0,0.0,0.0,0.0,0.0,,0.0,0.0,0.0,,0.0,,0.0,0.0,0.0,0.0,0.0,0.0,0.0,0.0,0.0,0.0,0.0,0.0,Manipur,Senapati
manipur,senapati,2020,0.0,0.0,0.0,0.0,0.0,0.0,0.0,0.0,0.0,0.0,0.0,0.0,0.0,0.0,0.0,0.0,0.0,0.0,0.0,0.0,0.0,0.0,0.0,0.0,0.0,0.0,0.0,0.0,0.0,0.0,0.0,Manipur,Senapati
manipur,senapati,2021,0.0,,0.0,0.0,0.0,0.0,,0.0,0.0,0.0,,0.0,0.0,0.0,,0.0,,0.0,0.0,0.0,0.0,0.0,0.0,0.0,0.0,0.0,0.0,0.0,,0.0,0.0,Manipur,Senapati
manipur,senapati,2022,0.0,0.0,0.0,0.0,0.0,,0.0,0.0,0.0,0.0,0.0,0.0,0.0,0.0,0.0,0.0,0.0,0.0,0.0,0.0,0.0,0.0,0.0,0.0,0.0,0.0,0.0,0.0,0.0,,0.0,Manipur,Senapati
manipur,tamenglong,2017,0.0,0.0,0.0,0.0,0.0,0.0,0.0,0.0,,0.0,0.0,0.0,,0.0,0.0,0.0,0.0,0.0,0.0,0.0,0.0,0.0,0.0,0.0,0.0,0.0,0.0,0.0,0.0,0.0,0.0,Manipur,Tamenglong
manipur,tamenglong,2019,0.0,,0.0,0.0,0.0,0.0,0.0,0.0,0.0,0.0,0.0,0.0,0.0,0.0,0.0,0.0,,0.0,0.0,0.0,0.0,0.0,0.0,0.0,0.0,,0.0,0.0,,,0.0,Manipur,Tamenglong
manipur,tamenglong,2020,0.0,0.0,0.0,0.0,0.0,0.0,0.0,0.0,0.0,0.0,0.0,0.0,0.0,0.0,0.0,0.0,0.0,0.0,0.0,0.0,0.0,0.0,0.0,0.0,0.0,0.0,0.0,0.0,0.0,0.0,0.0,Manipur,Tamenglong
manipur,tamenglong,2021,0.0,,0.0,0.0,0.0,0.0,0.0,0.0,,0.0,,0.0,0.0,0.0,0.0,0.0,0.0,0.0,0.0,0.0,0.0,,0.0,0.0,0.0,0.0,0.0,0.0,,0.0,0.0,Manipur,Tamenglong
manipur,tamenglong,2022,0.0,0.0,0.0,0.0,0.0,,0.0,0.0,0.0,0.0,0.0,0.0,0.0,,0.0,0.0,0.0,0.0,0.0,,0.0,0.0,0.0,0.0,0.0,0.0,,0.0,0.0,0.0,0.0,Manipur,Tamenglong
manipur,tengnoupal,2019,0.0,0.0,0.0,0.0,0.0,0.0,0.0,0.0,,0.0,,0.0,0.0,0.0,0.0,0.0,0.0,,,0.0,0.0,0.0,0.0,0.0,,0.0,0.0,0.0,0.0,0.0,0.0,Manipur,Tengnoupal
manipur,tengnoupal,2020,1.0,0.0,0.0,0.0,0.0,0.0,0.0,0.0,0.0,0.0,0.0,0.0,,0.0,0.0,0.0,0.0,0.0,0.0,0.0,0.0,0.0,0.0,,0.0,0.0,0.0,,,0.0,,Manipur,Tengnoupal
manipur,tengnoupal,2021,0.0,0.0,0.0,,0.0,0.0,0.0,0.0,0.0,0.0,0.0,0.0,0.0,0.0,,0.0,0.0,0.0,,0.0,,0.0,0.0,,0.0,0.0,,0.0,,0.0,,Manipur,Tengnoupal
manipur,tengnoupal,2022,0.0,0.0,0.0,0.0,,0.0,0.0,0.0,0.0,,0.0,0.0,,0.0,0.0,0.0,0.0,0.0,0.0,0.0,0.0,0.0,0.0,0.0,0.0,0.0,0.0,0.0,0.0,0.0,0.0,Manipur,Tengnoupal
manipur,thoubal,2017,0.0,0.0,0.0,0.0,0.0,0.0,0.0,0.0,0.0,0.0,,0.0,0.0,0.0,0.0,,,0.0,0.0,0.0,0.0,0.0,0.0,0.0,0.0,0.0,0.0,0.0,0.0,0.0,0.0,Manipur,Thoubal
manipur,thoubal,2018,0.0,0.0,0.0,0.0,0.0,0.0,0.0,0.0,0.0,0.0,0.0,0.0,0.0,,,0.0,0.0,0.0,0.0,,0.0,0.0,0.0,0.0,0.0,0.0,0.0,0.0,0.0,0.0,0.0,Manipur,Thoubal
manipur,thoubal,2019,0.0,0.0,0.0,0.0,0.0,0.0,0.0,0.0,,0.0,0.0,0.0,0.0,0.0,0.0,0.0,0.0,0.0,0.0,0.0,0.0,0.0,0.0,,0.0,0.0,0.0,0.0,0.0,0.0,0.0,Manipur,Thoubal
manipur,thoubal,2020,0.0,0.0,,,0.0,0.0,0.0,0.0,,0.0,0.0,0.0,0.0,,,0.0,0.0,,0.0,,,,0.0,,0.0,0.0,,0.0,0.0,0.0,0.0,Manipur,Thoubal
manipur,thoubal,2021,0.0,0.0,0.0,0.0,0.0,,,0.0,0.0,0.0,0.0,0.0,0.0,,0.0,0.0,,0.0,0.0,0.0,0.0,0.0,3.0,0.0,0.0,0.0,0.0,0.0,0.0,,3.0,Manipur,Thoubal
manipur,thoubal,2022,0.0,0.0,0.0,0.0,0.0,0.0,0.0,0.0,0.0,0.0,0.0,0.0,0.0,0.0,0.0,0.0,,0.0,,0.0,0.0,0.0,0.0,0.0,0.0,0.0,0.0,0.0,,0.0,0.0,Manipur,Thoubal
manipur,ukhrul,2018,0.0,0.0,0.0,0.0,0.0,0.0,0.0,0.0,0.0,0.0,0.0,0.0,0.0,0.0,0.0,0.0,0.0,0.0,0.0,0.0,0.0,0.0,0.0,0.0,0.0,0.0,0.0,0.0,0.0,,,Manipur,Ukhrul
manipur,ukhrul,2019,0.0,0.0,0.0,0.0,0.0,0.0,0.0,0.0,0.0,0.0,0.0,0.0,0.0,0.0,0.0,0.0,0.0,,,0.0,0.0,0.0,0.0,0.0,0.0,0.0,0.0,0.0,0.0,0.0,0.0,Manipur,Ukhrul
manipur,ukhrul,2020,0.0,,0.0,,0.0,0.0,0.0,0.0,0.0,0.0,0.0,0.0,0.0,0.0,0.0,,0.0,0.0,0.0,0.0,0.0,0.0,0.0,0.0,0.0,0.0,,0.0,0.0,0.0,,Manipur,Ukhrul
manipur,ukhrul,2021,,0.0,,0.0,0.0,0.0,,0.0,,0.0,2.0,0.0,0.0,0.0,0.0,0.0,0.0,0.0,0.0,0.0,0.0,0.0,,0.0,0.0,0.0,0.0,0.0,0.0,0.0,0.0,Manipur,Ukhrul
meghalaya,east garo hills,2017,0.0,0.0,,0.0,0.0,0.0,0.0,0.0,0.0,0.0,0.0,0.0,0.0,0.0,0.0,0.0,0.0,0.0,0.0,0.0,,0.0,,0.0,0.0,0.0,0.0,0.0,0.0,0.0,0.0,Meghalaya,East Garo Hills
meghalaya,east garo hills,2018,0.0,0.0,,0.0,0.0,0.0,0.0,0.0,6.0,,0.0,,0.0,0.0,0.0,0.0,0.0,0.0,0.0,,0.0,0.0,0.0,0.0,0.0,0.0,0.0,,0.0,0.0,0.0,Meghalaya,East Garo Hills
meghalaya,east garo hills,2019,0.0,0.0,0.0,0.0,0.0,,0.0,0.0,0.0,0.0,0.0,0.0,0.0,1.0,0.0,0.0,,0.0,0.0,0.0,0.0,,0.0,0.0,,0.0,0.0,0.0,0.0,0.0,0.0,Meghalaya,East Garo Hills
meghalaya,east garo hills,2020,0.0,0.0,2.0,0.0,0.0,8.0,0.0,0.0,0.0,,0.0,,,0.0,0.0,0.0,,0.0,0.0,0.0,0.0,0.0,0.0,0.0,0.0,0.0,0.0,0.0,0.0,,0.0,Meghalaya,East Garo Hills
meghalaya,east garo hills,2021,0.0,0.0,0.0,0.0,0.0,,0.0,,4.0,0.0,0.0,0.0,0.0,0.0,,0.0,0.0,0.0,0.0,0.0,0.0,0.0,0.0,0.0,0.0,0.0,0.0,0.0,0.0,0.0,0.0,Meghalaya,East Garo Hills
meghalaya,east garo hills,2022,0.0,0.0,0.0,0.0,1.0,6.0,0.0,0.0,0.0,0.0,0.0,0.0,0.0,0.0,0.0,0.0,0.0,0.0,0.0,,0.0,,0.0,0.0,0.0,0.0,0.0,0.0,0.0,0.0,0.0,Meghalaya,East Garo Hills
meghalaya,east jaintia hills,2017,0.0,0.0,0.0,0.0,0.0,,0.0,0.0,0.0,0.0,0.0,0.0,0.0,0.0,0.0,,0.0,0.0,0.0,0.0,,0.0,0.0,0.0,0.0,0.0,0.0,0.0,0.0,0.0,0.0,Meghalaya,East Jaintia Hills
meghalaya,east jaintia hills,2018,0.0,0.0,0.0,0.0,0.0,0.0,0.0,0.0,0.0,0.0,0.0,0.0,0.0,0.0,,0.0,0.0,0.0,0.0,0.0,0.0,0.0,0.0,0.0,0.0,0.0,0.0,0.0,0.0,0.0,0.0,Meghalaya,East Jaintia Hills
meghalaya,east jaintia hills,2019,,0.0,0.0,0.0,0.0,0.0,0.0,,0.0,0.0,0.0,0.0,0.0,0.0,0.0,0.0,0.0,0.0,0.0,0.0,0.0,0.0,,0.0,0.0,,0.0,0.0,0.0,0.0,0.0,Meghalaya,East Jaintia Hills
meghalaya,east jaintia hills,2020,0.0,,0.0,,,,0.0,,0.0,0.0,0.0,0.0,0.0,0.0,0.0,0.0,0.0,0.0,0.0,0.0,0.0,0.0,0.0,0.0,0.0,0.0,,0.0,0.0,0.0,0.0,Meghalaya,East Jaintia Hills
meghalaya,east jaintia hills,2021,0.0,2.0,0.0,0.0,1.0,0.0,2.0,1.0,0.0,,0.0,0.0,0.0,0.0,0.0,0.0,0.0,0.0,0.0,0.0,0.0,0.0,0.0,0.0,0.0,0.0,0.0,0.0,,,,Meghalaya,East Jaintia Hills
meghalaya,east jaintia hills,2022,0.0,0.0,,0.0,0.0,0.0,0.0,,0.0,0.0,,0.0,0.0,0.0,0.0,0.0,0.0,0.0,0.0,,0.0,0.0,0.0,0.0,0.0,0.0,0.0,0.0,0.0,0.0,0.0,Meghalaya,East Jaintia Hills
meghalaya,east khasi hills,2017,0.0,0.0,,0.0,17.0,6.0,0.0,0.0,0.0,0.0,0.0,0.0,0.0,0.0,0.0,0.0,0.0,2.0,0.0,0.0,0.0,0.0,0.0,0.0,0.0,0.0,0.0,1.0,0.0,0.0,3.0,Meghalaya,East Khasi Hills
meghalaya,east khasi hills,2018,0.0,0.0,3.0,0.0,19.0,11.0,3.0,0.0,0.0,0.0,0.0,0.0,0.0,1.0,0.0,0.0,0.0,0.0,0.0,0.0,0.0,0.0,0.0,0.0,0.0,0.0,0.0,11.0,0.0,0.0,11.0,Meghalaya,East Khasi Hills
meghalaya,east khasi hills,2019,0.0,0.0,1.0,0.0,13.0,23.0,2.0,0.0,2.0,0.0,0.0,0.0,0.0,0.0,0.0,0.0,0.0,0.0,0.0,0.0,0.0,0.0,0.0,0.0,0.0,0.0,0.0,0.0,0.0,0.0,0.0,Meghalaya,East Khasi Hills
meghalaya,east khasi hills,2020,0.0,0.0,2.0,0.0,12.0,34.0,3.0,0.0,0.0,0.0,0.0,0.0,0.0,2.0,0.0,0.0,0.0,0.0,4.0,0.0,0.0,0.0,0.0,1.0,0.0,0.0,0.0,1.0,9.0,0.0,18.0,Meghalaya,East Khasi Hills
meghalaya,east khasi hills,2021,0.0,0.0,11.0,0.0,11.0,25.0,8.0,0.0,0.0,0.0,0.0,0.0,0.0,1.0,0.0,0.0,0.0,0.0,0.0,0.0,0.0,0.0,0.0,0.0,0.0,0.0,0.0,0.0,0.0,,0.0,Meghalaya,East Khasi Hills
meghalaya,east khasi hills,2022,0.0,0.0,0.0,0.0,3.0,1.0,0.0,1.0,0.0,0.0,0.0,0.0,0.0,0.0,0.0,0.0,0.0,0.0,0.0,0.0,0.0,0.0,1.0,0.0,,0.0,0.0,0.0,0.0,1.0,2.0,Meghalaya,East Khasi Hills
meghalaya,eastern west khasi hills,2022,0.0,0.0,0.0,0.0,0.0,0.0,0.0,0.0,0.0,0.0,0.0,0.0,0.0,0.0,0.0,0.0,0.0,0.0,0.0,0.0,0.0,0.0,0.0,0.0,0.0,0.0,0.0,0.0,0.0,0.0,0.0,Meghalaya,Eastern West Khasi Hills
meghalaya,north garo hills,2017,0.0,0.0,0.0,0.0,0.0,0.0,0.0,0.0,0.0,0.0,0.0,0.0,0.0,0.0,0.0,0.0,0.0,0.0,0.0,0.0,0.0,0.0,,0.0,0.0,0.0,,0.0,,0.0,0.0,Meghalaya,North Garo Hills
meghalaya,north garo hills,2018,0.0,0.0,0.0,0.0,1.0,0.0,0.0,0.0,0.0,,0.0,0.0,0.0,0.0,0.0,0.0,0.0,0.0,0.0,,0.0,0.0,0.0,0.0,0.0,0.0,0.0,0.0,0.0,0.0,0.0,Meghalaya,North Garo Hills
meghalaya,north garo hills,2019,0.0,,0.0,0.0,5.0,0.0,1.0,0.0,0.0,0.0,0.0,0.0,0.0,0.0,0.0,0.0,0.0,0.0,0.0,0.0,0.0,,,0.0,0.0,0.0,0.0,0.0,,0.0,0.0,Meghalaya,North Garo Hills
meghalaya,north garo hills,2020,0.0,0.0,0.0,0.0,0.0,0.0,0.0,0.0,0.0,0.0,0.0,0.0,0.0,0.0,0.0,0.0,0.0,0.0,5.0,0.0,0.0,0.0,0.0,0.0,0.0,0.0,0.0,0.0,0.0,0.0,5.0,Meghalaya,North Garo Hills
meghalaya,north garo hills,2021,,0.0,,0.0,0.0,,0.0,0.0,0.0,,0.0,0.0,,0.0,0.0,0.0,0.0,0.0,0.0,0.0,0.0,0.0,0.0,0.0,0.0,0.0,0.0,0.0,,1.0,1.0,Meghalaya,North Garo Hills
meghalaya,north garo hills,2022,0.0,0.0,0.0,0.0,0.0,2.0,0.0,0.0,0.0,0.0,0.0,0.0,0.0,0.0,0.0,0.0,0.0,0.0,0.0,0.0,0.0,0.0,0.0,0.0,0.0,0.0,0.0,,0.0,,,Meghalaya,North Garo Hills
meghalaya,ri bhoi,2017,0.0,0.0,0.0,0.0,2.0,0.0,0.0,0.0,0.0,0.0,0.0,0.0,0.0,1.0,0.0,0.0,0.0,0.0,1.0,0.0,0.0,0.0,0.0,0.0,0.0,0.0,0.0,0.0,0.0,0.0,1.0,Meghalaya,Ri Bhoi
meghalaya,ri bhoi,2018,0.0,0.0,0.0,1.0,1.0,1.0,3.0,0.0,0.0,0.0,0.0,0.0,0.0,0.0,0.0,0.0,0.0,0.0,0.0,0.0,0.0,0.0,,0.0,0.0,0.0,0.0,0.0,,0.0,0.0,Meghalaya,Ri Bhoi
meghalaya,ri bhoi,2019,0.0,0.0,0.0,0.0,5.0,13.0,1.0,0.0,0.0,0.0,,0.0,0.0,0.0,0.0,0.0,0.0,0.0,0.0,0.0,0.0,0.0,0.0,0.0,0.0,0.0,,0.0,0.0,0.0,,Meghalaya,Ri Bhoi
meghalaya,ri bhoi,2020,0.0,0.0,0.0,0.0,5.0,10.0,1.0,,0.0,0.0,0.0,0.0,0.0,,0.0,0.0,0.0,0.0,0.0,0.0,0.0,0.0,0.0,0.0,0.0,,,0.0,0.0,0.0,0.0,Meghalaya,Ri Bhoi
meghalaya,ri bhoi,2021,0.0,0.0,0.0,0.0,1.0,4.0,1.0,0.0,0.0,0.0,0.0,0.0,0.0,0.0,,0.0,0.0,0.0,0.0,0.0,0.0,0.0,0.0,0.0,0.0,,0.0,0.0,0.0,0.0,,Meghalaya,Ri Bhoi
meghalaya,ri bhoi,2022,0.0,0.0,0.0,0.0,3.0,4.0,0.0,0.0,0.0,0.0,0.0,0.0,0.0,,0.0,0.0,0.0,,0.0,0.0,0.0,0.0,0.0,0.0,0.0,0.0,0.0,0.0,0.0,,0.0,Meghalaya,Ri Bhoi
meghalaya,south garo hills,2017,0.0,0.0,0.0,0.0,0.0,,0.0,0.0,,0.0,0.0,0.0,0.0,,,0.0,0.0,0.0,0.0,0.0,0.0,0.0,,0.0,0.0,0.0,0.0,,0.0,0.0,0.0,Meghalaya,South Garo Hills
meghalaya,south garo hills,2018,0.0,0.0,0.0,,0.0,0.0,,0.0,0.0,,0.0,0.0,0.0,0.0,0.0,0.0,,0.0,,0.0,0.0,0.0,0.0,0.0,0.0,0.0,0.0,0.0,0.0,0.0,0.0,Meghalaya,South Garo Hills
meghalaya,south garo hills,2019,,0.0,0.0,0.0,1.0,0.0,0.0,0.0,0.0,0.0,0.0,0.0,0.0,0.0,0.0,0.0,0.0,0.0,0.0,0.0,0.0,0.0,0.0,0.0,0.0,,0.0,0.0,0.0,,0.0,Meghalaya,South Garo Hills
meghalaya,south garo hills,2020,0.0,,0.0,0.0,1.0,,0.0,,0.0,0.0,0.0,0.0,0.0,0.0,0.0,0.0,0.0,0.0,,0.0,0.0,0.0,0.0,0.0,0.0,0.0,0.0,,0.0,0.0,1.0,Meghalaya,South Garo Hills
meghalaya,south garo hills,2021,0.0,0.0,0.0,0.0,0.0,1.0,0.0,0.0,,,,0.0,0.0,0.0,0.0,,,0.0,0.0,0.0,0.0,0.0,0.0,0.0,0.0,0.0,,1.0,,0.0,1.0,Meghalaya,South Garo Hills
meghalaya,south garo hills,2022,0.0,0.0,0.0,0.0,0.0,3.0,0.0,0.0,0.0,0.0,0.0,0.0,0.0,0.0,0.0,0.0,0.0,0.0,,0.0,0.0,2.0,0.0,0.0,,0.0,0.0,,1.0,0.0,3.0,Meghalaya,South Garo Hills
meghalaya,south west garo hills,2017,0.0,0.0,0.0,0.0,0.0,,0.0,0.0,0.0,0.0,0.0,0.0,0.0,0.0,0.0,0.0,0.0,0.0,0.0,0.0,0.0,0.0,,0.0,0.0,0.0,0.0,0.0,0.0,0.0,0.0,Meghalaya,South West Garo Hills
meghalaya,south west garo hills,2018,0.0,0.0,0.0,0.0,,0.0,0.0,0.0,0.0,0.0,0.0,0.0,,0.0,0.0,0.0,0.0,0.0,,0.0,0.0,0.0,0.0,0.0,0.0,0.0,,0.0,0.0,0.0,0.0,Meghalaya,South West Garo Hills
meghalaya,south west garo hills,2019,0.0,0.0,0.0,0.0,1.0,1.0,0.0,0.0,0.0,0.0,0.0,0.0,0.0,0.0,0.0,0.0,0.0,,0.0,,0.0,0.0,0.0,0.0,0.0,0.0,,0.0,0.0,0.0,,Meghalaya,South West Garo Hills
meghalaya,south west garo hills,2020,0.0,0.0,0.0,0.0,3.0,0.0,0.0,0.0,0.0,0.0,0.0,0.0,0.0,0.0,0.0,0.0,0.0,0.0,0.0,0.0,1.0,0.0,0.0,,0.0,0.0,0.0,0.0,0.0,0.0,1.0,Meghalaya,South West Garo Hills
meghalaya,south west garo hills,2021,0.0,0.0,0.0,0.0,0.0,0.0,0.0,0.0,0.0,0.0,0.0,0.0,0.0,0.0,0.0,0.0,0.0,0.0,0.0,0.0,,0.0,,0.0,0.0,0.0,0.0,0.0,,0.0,0.0,Meghalaya,South West Garo Hills
meghalaya,south west garo hills,2022,0.0,0.0,0.0,0.0,,2.0,0.0,0.0,0.0,0.0,0.0,0.0,0.0,0.0,0.0,0.0,0.0,0.0,,,,0.0,0.0,0.0,0.0,0.0,0.0,0.0,,0.0,0.0,Meghalaya,South West Garo Hills
meghalaya,south west khasi hills,2017,0.0,0.0,0.0,0.0,0.0,0.0,,0.0,0.0,,0.0,0.0,,0.0,0.0,0.0,,0.0,,,0.0,0.0,0.0,0.0,0.0,0.0,0.0,0.0,0.0,0.0,0.0,Meghalaya,South West Khasi Hills
meghalaya,south west khasi hills,2018,0.0,0.0,0.0,0.0,,0.0,0.0,0.0,0.0,0.0,0.0,0.0,,0.0,0.0,0.0,0.0,,0.0,0.0,0.0,0.0,0.0,,0.0,,0.0,0.0,0.0,0.0,0.0,Meghalaya,South West Khasi Hills
meghalaya,south west khasi hills,2019,0.0,0.0,0.0,0.0,2.0,0.0,1.0,0.0,0.0,0.0,0.0,0.0,0.0,0.0,0.0,,0.0,0.0,0.0,0.0,0.0,0.0,0.0,0.0,0.0,0.0,0.0,0.0,0.0,0.0,0.0,Meghalaya,South West Khasi Hills
meghalaya,south west khasi hills,2020,0.0,0.0,0.0,0.0,0.0,0.0,1.0,0.0,0.0,0.0,0.0,0.0,0.0,,0.0,0.0,0.0,0.0,0.0,0.0,0.0,0.0,0.0,0.0,0.0,0.0,0.0,0.0,,0.0,0.0,Meghalaya,South West Khasi Hills
meghalaya,south west khasi hills,2021,0.0,0.0,0.0,,2.0,0.0,0.0,0.0,,0.0,0.0,0.0,0.0,0.0,0.0,0.0,0.0,,0.0,0.0,0.0,0.0,0.0,0.0,0.0,0.0,0.0,0.0,0.0,0.0,,Meghalaya,South West Khasi Hills
meghalaya,south west khasi hills,2022,,0.0,0.0,0.0,2.0,0.0,0.0,,0.0,0.0,0.0,0.0,0.0,0.0,0.0,0.0,0.0,0.0,0.0,0.0,,0.0,0.0,,0.0,0.0,0.0,0.0,0.0,0.0,,Meghalaya,South West Khasi Hills
meghalaya,west garo hills,2017,0.0,0.0,,0.0,0.0,0.0,0.0,0.0,,,0.0,0.0,0.0,0.0,0.0,0.0,0.0,0.0,0.0,0.0,0.0,0.0,,0.0,0.0,0.0,0.0,0.0,0.0,0.0,0.0,Meghalaya,West Garo Hills
meghalaya,west garo hills,2018,0.0,0.0,0.0,0.0,0.0,0.0,0.0,0.0,0.0,0.0,0.0,0.0,0.0,0.0,0.0,0.0,0.0,0.0,0.0,0.0,,,0.0,,0.0,0.0,0.0,0.0,0.0,0.0,0.0,Meghalaya,West Garo Hills
meghalaya,west garo hills,2019,0.0,,0.0,0.0,0.0,,0.0,,0.0,,0.0,0.0,0.0,0.0,0.0,0.0,,0.0,0.0,0.0,0.0,0.0,0.0,0.0,,0.0,0.0,,0.0,0.0,0.0,Meghalaya,West Garo Hills
meghalaya,west garo hills,2020,0.0,0.0,0.0,0.0,1.0,0.0,0.0,0.0,0.0,,0.0,,0.0,0.0,0.0,0.0,0.0,0.0,0.0,0.0,0.0,0.0,0.0,0.0,0.0,0.0,0.0,0.0,0.0,0.0,0.0,Meghalaya,West Garo Hills
meghalaya,west garo hills,2021,0.0,0.0,0.0,0.0,0.0,0.0,0.0,0.0,0.0,0.0,0.0,0.0,0.0,0.0,0.0,0.0,,,0.0,0.0,0.0,0.0,0.0,0.0,,,0.0,0.0,0.0,0.0,0.0,Meghalaya,West Garo Hills
meghalaya,west garo hills,2022,0.0,0.0,,0.0,0.0,1.0,4.0,0.0,0.0,0.0,0.0,0.0,0.0,0.0,0.0,,0.0,0.0,0.0,0.0,0.0,0.0,0.0,,0.0,0.0,0.0,,0.0,0.0,0.0,Meghalaya,West Garo Hills
meghalaya,west jaintia hills,2017,,0.0,,0.0,,0.0,0.0,0.0,0.0,0.0,,0.0,0.0,,0.0,0.0,0.0,0.0,0.0,0.0,0.0,0.0,0.0,0.0,0.0,0.0,0.0,,0.0,0.0,0.0,Meghalaya,West Jaintia Hills
meghalaya,west jaintia hills,2018,0.0,,,0.0,0.0,0.0,0.0,0.0,0.0,0.0,,0.0,0.0,0.0,0.0,0.0,0.0,0.0,,0.0,0.0,0.0,0.0,0.0,0.0,0.0,0.0,0.0,0.0,0.0,0.0,Meghalaya,West Jaintia Hills
meghalaya,west jaintia hills,2019,0.0,0.0,0.0,0.0,0.0,,0.0,0.0,0.0,0.0,0.0,0.0,0.0,0.0,0.0,0.0,0.0,0.0,0.0,0.0,0.0,,0.0,0.0,0.0,,0.0,0.0,0.0,0.0,0.0,Meghalaya,West Jaintia Hills
meghalaya,west jaintia hills,2020,0.0,0.0,0.0,0.0,0.0,0.0,0.0,,0.0,0.0,0.0,0.0,0.0,0.0,,0.0,0.0,0.0,0.0,0.0,0.0,0.0,0.0,0.0,0.0,,0.0,0.0,0.0,0.0,0.0,Meghalaya,West Jaintia Hills
meghalaya,west jaintia hills,2021,0.0,,0.0,0.0,1.0,1.0,0.0,0.0,0.0,0.0,0.0,,0.0,0.0,0.0,0.0,0.0,0.0,0.0,0.0,0.0,0.0,,0.0,0.0,0.0,0.0,0.0,,0.0,0.0,Meghalaya,West Jaintia Hills
meghalaya,west jaintia hills,2022,0.0,0.0,0.0,0.0,,2.0,0.0,0.0,,0.0,0.0,0.0,0.0,0.0,0.0,0.0,0.0,0.0,0.0,,0.0,0.0,0.0,0.0,0.0,0.0,0.0,0.0,0.0,0.0,0.0,Meghalaya,West Jaintia Hills
meghalaya,west khaasi hills,2018,,0.0,0.0,0.0,0.0,0.0,0.0,0.0,0.0,0.0,0.0,0.0,0.0,2.0,0.0,0.0,0.0,0.0,0.0,0.0,,0.0,0.0,0.0,0.0,0.0,0.0,0.0,0.0,0.0,0.0,Meghalaya,West Khaasi Hills
meghalaya,west khasi hills,2017,0.0,0.0,0.0,0.0,1.0,0.0,0.0,0.0,0.0,0.0,0.0,0.0,,0.0,0.0,0.0,0.0,0.0,0.0,0.0,0.0,0.0,0.0,0.0,0.0,0.0,0.0,0.0,0.0,0.0,0.0,Meghalaya,West Khasi Hills
meghalaya,west khasi hills,2019,0.0,0.0,0.0,,0.0,0.0,0.0,0.0,0.0,0.0,0.0,0.0,0.0,0.0,,0.0,,0.0,0.0,0.0,0.0,4.0,0.0,0.0,0.0,0.0,,0.0,0.0,,4.0,Meghalaya,West Khasi Hills
meghalaya,west khasi hills,2020,0.0,0.0,0.0,0.0,2.0,,0.0,0.0,0.0,0.0,0.0,0.0,0.0,,0.0,0.0,0.0,0.0,0.0,0.0,0.0,0.0,0.0,0.0,,0.0,0.0,0.0,0.0,0.0,0.0,Meghalaya,West Khasi Hills
meghalaya,west khasi hills,2021,0.0,0.0,0.0,0.0,0.0,1.0,0.0,0.0,0.0,0.0,0.0,0.0,0.0,0.0,,0.0,0.0,0.0,0.0,0.0,0.0,0.0,0.0,0.0,0.0,,0.0,0.0,0.0,0.0,0.0,Meghalaya,West Khasi Hills
meghalaya,west khasi hills,2022,0.0,0.0,0.0,0.0,2.0,0.0,0.0,,0.0,0.0,0.0,0.0,0.0,,0.0,0.0,0.0,,0.0,0.0,0.0,,,0.0,0.0,0.0,0.0,0.0,0.0,0.0,0.0,Meghalaya,West Khasi Hills
mizoram,aizawl,2017,3.0,0.0,0.0,0.0,3.0,0.0,1.0,0.0,0.0,0.0,0.0,0.0,0.0,2.0,0.0,0.0,0.0,0.0,0.0,0.0,0.0,0.0,0.0,0.0,0.0,0.0,0.0,0.0,0.0,0.0,0.0,Mizoram,Aizawl
mizoram,aizawl,2018,0.0,0.0,,0.0,2.0,0.0,0.0,0.0,0.0,0.0,0.0,0.0,0.0,0.0,0.0,0.0,0.0,0.0,0.0,0.0,0.0,0.0,0.0,0.0,0.0,0.0,0.0,0.0,0.0,0.0,0.0,Mizoram,Aizawl
mizoram,aizawl,2019,0.0,0.0,0.0,0.0,3.0,0.0,2.0,0.0,0.0,0.0,,0.0,0.0,0.0,2.0,0.0,0.0,0.0,0.0,0.0,0.0,0.0,0.0,0.0,0.0,0.0,0.0,0.0,0.0,0.0,2.0,Mizoram,Aizawl
mizoram,aizawl,2020,0.0,0.0,0.0,0.0,,0.0,0.0,0.0,0.0,0.0,0.0,0.0,0.0,0.0,0.0,0.0,0.0,0.0,0.0,0.0,0.0,6.0,0.0,0.0,0.0,0.0,0.0,0.0,0.0,0.0,0.0,Mizoram,Aizawl
mizoram,aizawl,2021,0.0,0.0,0.0,0.0,9.0,0.0,0.0,0.0,0.0,0.0,0.0,0.0,0.0,0.0,0.0,0.0,0.0,0.0,0.0,0.0,0.0,0.0,0.0,0.0,2.0,0.0,0.0,2.0,1.0,9.0,18.0,Mizoram,Aizawl
mizoram,aizawl,2022,0.0,0.0,0.0,0.0,0.0,0.0,0.0,0.0,0.0,0.0,0.0,0.0,0.0,0.0,0.0,0.0,0.0,0.0,0.0,0.0,0.0,0.0,0.0,0.0,0.0,0.0,0.0,0.0,0.0,0.0,0.0,Mizoram,Aizawl
mizoram,champhai,2017,0.0,0.0,0.0,0.0,,0.0,0.0,0.0,0.0,0.0,0.0,0.0,0.0,0.0,0.0,0.0,0.0,0.0,0.0,0.0,0.0,0.0,,0.0,0.0,0.0,0.0,0.0,,0.0,0.0,Mizoram,Champhai
mizoram,champhai,2018,0.0,0.0,0.0,0.0,0.0,,,0.0,0.0,0.0,0.0,,0.0,0.0,,0.0,,,0.0,,0.0,0.0,,0.0,0.0,0.0,0.0,0.0,0.0,0.0,0.0,Mizoram,Champhai
mizoram,champhai,2019,0.0,0.0,0.0,0.0,0.0,0.0,0.0,0.0,0.0,0.0,0.0,0.0,0.0,0.0,0.0,0.0,0.0,0.0,0.0,0.0,0.0,0.0,0.0,0.0,0.0,0.0,0.0,0.0,0.0,,0.0,Mizoram,Champhai
mizoram,champhai,2020,0.0,0.0,0.0,0.0,0.0,0.0,0.0,0.0,0.0,0.0,0.0,0.0,0.0,0.0,0.0,0.0,0.0,0.0,0.0,0.0,0.0,0.0,0.0,0.0,0.0,,0.0,0.0,0.0,0.0,0.0,Mizoram,Champhai
mizoram,champhai,2021,,0.0,0.0,0.0,0.0,0.0,,0.0,0.0,0.0,0.0,,0.0,0.0,0.0,0.0,0.0,0.0,0.0,0.0,0.0,0.0,0.0,0.0,,0.0,0.0,0.0,0.0,0.0,0.0,Mizoram,Champhai
mizoram,champhai,2022,0.0,0.0,0.0,0.0,0.0,0.0,0.0,,0.0,0.0,0.0,0.0,0.0,,0.0,,0.0,0.0,0.0,0.0,0.0,0.0,0.0,0.0,0.0,0.0,0.0,0.0,0.0,,0.0,Mizoram,Champhai
mizoram,hnahthial,2020,0.0,,0.0,0.0,0.0,0.0,0.0,0.0,0.0,0.0,0.0,0.0,0.0,0.0,0.0,0.0,0.0,0.0,0.0,0.0,0.0,,,0.0,0.0,0.0,0.0,0.0,0.0,0.0,0.0,Mizoram,Hnahthial
mizoram,hnahthial,2021,0.0,0.0,0.0,0.0,0.0,0.0,0.0,0.0,0.0,0.0,0.0,0.0,0.0,0.0,0.0,0.0,0.0,0.0,0.0,0.0,0.0,0.0,0.0,0.0,0.0,0.0,0.0,0.0,,0.0,0.0,Mizoram,Hnahthial
mizoram,khawzawl,2020,0.0,0.0,0.0,0.0,0.0,0.0,0.0,0.0,0.0,0.0,0.0,0.0,0.0,0.0,,0.0,0.0,0.0,,0.0,0.0,0.0,0.0,0.0,0.0,0.0,0.0,,0.0,0.0,0.0,Mizoram,Khawzawl
mizoram,khawzawl,2021,0.0,0.0,0.0,0.0,0.0,,0.0,0.0,0.0,0.0,0.0,0.0,0.0,,0.0,0.0,,0.0,,0.0,0.0,,,0.0,0.0,0.0,0.0,,0.0,0.0,0.0,Mizoram,Khawzawl
mizoram,khawzawl,2022,0.0,0.0,0.0,0.0,0.0,0.0,,0.0,,0.0,0.0,0.0,0.0,0.0,0.0,0.0,0.0,,,,0.0,,0.0,0.0,0.0,0.0,0.0,0.0,,0.0,0.0,Mizoram,Khawzawl
mizoram,kolasib,2017,0.0,0.0,0.0,0.0,0.0,0.0,0.0,0.0,0.0,0.0,0.0,0.0,0.0,0.0,0.0,0.0,0.0,0.0,0.0,0.0,0.0,0.0,0.0,0.0,,0.0,0.0,0.0,,0.0,,Mizoram,Kolasib
mizoram,kolasib,2018,0.0,0.0,0.0,0.0,0.0,0.0,0.0,0.0,0.0,0.0,0.0,0.0,0.0,0.0,0.0,0.0,0.0,0.0,0.0,0.0,0.0,,0.0,0.0,,,0.0,0.0,0.0,0.0,0.0,Mizoram,Kolasib
mizoram,kolasib,2019,0.0,0.0,0.0,0.0,0.0,0.0,0.0,0.0,0.0,0.0,0.0,0.0,0.0,0.0,0.0,0.0,0.0,0.0,0.0,0.0,0.0,0.0,,0.0,0.0,0.0,0.0,0.0,0.0,,0.0,Mizoram,Kolasib
mizoram,kolasib,2020,0.0,0.0,0.0,0.0,0.0,0.0,0.0,0.0,0.0,0.0,0.0,0.0,0.0,0.0,0.0,0.0,0.0,0.0,0.0,0.0,0.0,,0.0,,0.0,0.0,0.0,0.0,0.0,0.0,,Mizoram,Kolasib
mizoram,kolasib,2021,0.0,0.0,0.0,0.0,0.0,0.0,1.0,0.0,0.0,0.0,0.0,,0.0,0.0,0.0,0.0,0.0,0.0,0.0,0.0,0.0,0.0,0.0,0.0,0.0,0.0,0.0,0.0,0.0,0.0,,Mizoram,Kolasib
mizoram,kolasib,2022,0.0,0.0,0.0,0.0,0.0,0.0,0.0,0.0,,0.0,0.0,0.0,0.0,0.0,0.0,0.0,0.0,,0.0,0.0,0.0,0.0,0.0,0.0,0.0,0.0,0.0,0.0,0.0,0.0,0.0,Mizoram,Kolasib
mizoram,lawngtlai,2017,,0.0,0.0,,0.0,0.0,0.0,0.0,0.0,0.0,0.0,0.0,0.0,,0.0,0.0,,0.0,0.0,0.0,0.0,0.0,0.0,0.0,0.0,0.0,0.0,0.0,0.0,0.0,0.0,Mizoram,Lawngtlai
mizoram,lawngtlai,2018,0.0,,0.0,0.0,0.0,0.0,0.0,0.0,0.0,0.0,0.0,0.0,0.0,0.0,0.0,0.0,0.0,0.0,0.0,0.0,0.0,,0.0,0.0,0.0,,,0.0,,0.0,,Mizoram,Lawngtlai
mizoram,lawngtlai,2019,0.0,0.0,0.0,0.0,0.0,0.0,0.0,0.0,0.0,0.0,0.0,0.0,0.0,0.0,0.0,0.0,0.0,0.0,0.0,0.0,0.0,0.0,0.0,0.0,0.0,,0.0,0.0,0.0,0.0,0.0,Mizoram,Lawngtlai
mizoram,lawngtlai,2020,0.0,0.0,0.0,0.0,0.0,0.0,0.0,0.0,0.0,0.0,0.0,0.0,,0.0,0.0,0.0,0.0,0.0,0.0,0.0,,0.0,0.0,,0.0,0.0,0.0,0.0,0.0,0.0,0.0,Mizoram,Lawngtlai
mizoram,lawngtlai,2021,0.0,,,0.0,0.0,0.0,0.0,0.0,0.0,0.0,0.0,0.0,0.0,0.0,0.0,0.0,0.0,0.0,0.0,0.0,0.0,0.0,,0.0,0.0,0.0,0.0,0.0,0.0,,0.0,Mizoram,Lawngtlai
mizoram,lawngtlai,2022,0.0,0.0,0.0,0.0,0.0,0.0,0.0,0.0,1.0,0.0,0.0,0.0,0.0,0.0,0.0,0.0,0.0,0.0,0.0,0.0,0.0,0.0,0.0,0.0,0.0,0.0,0.0,0.0,0.0,,0.0,Mizoram,Lawngtlai
mizoram,lunglei,2017,,0.0,0.0,0.0,0.0,,0.0,0.0,0.0,0.0,0.0,0.0,0.0,0.0,0.0,0.0,0.0,0.0,0.0,0.0,0.0,0.0,0.0,0.0,0.0,0.0,0.0,0.0,,,0.0,Mizoram,Lunglei
mizoram,lunglei,2018,0.0,,0.0,0.0,0.0,,0.0,0.0,0.0,0.0,0.0,0.0,0.0,0.0,0.0,0.0,0.0,0.0,0.0,,0.0,0.0,0.0,0.0,0.0,0.0,0.0,0.0,0.0,0.0,0.0,Mizoram,Lunglei
mizoram,lunglei,2019,0.0,0.0,0.0,0.0,0.0,,0.0,0.0,0.0,0.0,0.0,0.0,0.0,0.0,0.0,0.0,0.0,0.0,0.0,0.0,0.0,0.0,,0.0,0.0,0.0,0.0,0.0,0.0,0.0,0.0,Mizoram,Lunglei
mizoram,lunglei,2020,0.0,0.0,0.0,0.0,0.0,0.0,0.0,0.0,0.0,0.0,,0.0,0.0,0.0,0.0,0.0,0.0,0.0,0.0,0.0,0.0,0.0,,0.0,0.0,0.0,0.0,0.0,0.0,,0.0,Mizoram,Lunglei
mizoram,lunglei,2021,0.0,0.0,,0.0,0.0,0.0,0.0,0.0,0.0,,0.0,0.0,0.0,0.0,0.0,0.0,0.0,,,0.0,0.0,,0.0,0.0,0.0,,0.0,0.0,0.0,0.0,0.0,Mizoram,Lunglei
mizoram,lunglei,2022,0.0,0.0,0.0,0.0,0.0,0.0,0.0,0.0,0.0,0.0,0.0,0.0,0.0,0.0,0.0,0.0,0.0,0.0,0.0,0.0,0.0,0.0,0.0,0.0,0.0,0.0,0.0,0.0,0.0,0.0,,Mizoram,Lunglei
mizoram,mamit,2017,0.0,0.0,0.0,0.0,0.0,0.0,,0.0,0.0,0.0,0.0,0.0,0.0,0.0,0.0,0.0,0.0,0.0,,,0.0,0.0,0.0,0.0,0.0,,0.0,0.0,0.0,0.0,0.0,Mizoram,Mamit
mizoram,mamit,2018,0.0,0.0,0.0,0.0,0.0,0.0,0.0,0.0,0.0,0.0,0.0,0.0,0.0,0.0,,,0.0,0.0,0.0,0.0,0.0,0.0,0.0,0.0,0.0,0.0,0.0,0.0,0.0,0.0,0.0,Mizoram,Mamit
mizoram,mamit,2019,0.0,0.0,0.0,,0.0,0.0,0.0,0.0,0.0,0.0,0.0,0.0,0.0,,0.0,0.0,0.0,0.0,0.0,0.0,0.0,0.0,0.0,0.0,0.0,0.0,0.0,0.0,0.0,0.0,,Mizoram,Mamit
mizoram,mamit,2020,0.0,0.0,0.0,,0.0,,0.0,0.0,0.0,0.0,0.0,0.0,0.0,0.0,0.0,0.0,0.0,0.0,0.0,,0.0,0.0,0.0,0.0,0.0,0.0,0.0,,0.0,0.0,0.0,Mizoram,Mamit
mizoram,mamit,2021,0.0,0.0,0.0,0.0,0.0,0.0,0.0,0.0,0.0,,0.0,0.0,0.0,0.0,0.0,0.0,0.0,0.0,0.0,0.0,0.0,0.0,0.0,0.0,0.0,0.0,0.0,0.0,0.0,0.0,0.0,Mizoram,Mamit
mizoram,mamit,2022,0.0,0.0,,0.0,0.0,0.0,0.0,0.0,0.0,0.0,0.0,0.0,0.0,0.0,,0.0,0.0,0.0,0.0,0.0,0.0,0.0,0.0,0.0,0.0,0.0,0.0,0.0,0.0,0.0,,Mizoram,Mamit
mizoram,saitual,2020,0.0,0.0,0.0,0.0,0.0,0.0,0.0,0.0,0.0,0.0,0.0,0.0,0.0,0.0,0.0,0.0,0.0,0.0,0.0,0.0,0.0,0.0,,0.0,,0.0,,0.0,,0.0,0.0,Mizoram,Saitual
mizoram,saitual,2021,0.0,0.0,0.0,0.0,0.0,,0.0,0.0,0.0,0.0,0.0,0.0,,0.0,0.0,,0.0,,0.0,0.0,0.0,0.0,0.0,0.0,0.0,0.0,0.0,0.0,0.0,0.0,0.0,Mizoram,Saitual
mizoram,saitual,2022,,0.0,0.0,,0.0,0.0,0.0,0.0,0.0,0.0,0.0,0.0,0.0,0.0,,0.0,0.0,0.0,0.0,0.0,,0.0,0.0,0.0,0.0,0.0,0.0,0.0,0.0,0.0,0.0,Mizoram,Saitual
mizoram,serchhip,2017,0.0,0.0,0.0,0.0,0.0,0.0,0.0,0.0,0.0,0.0,0.0,0.0,0.0,0.0,0.0,0.0,0.0,,0.0,0.0,0.0,0.0,,0.0,0.0,0.0,0.0,0.0,0.0,0.0,0.0,Mizoram,Serchhip
mizoram,serchhip,2018,0.0,,0.0,0.0,0.0,0.0,0.0,0.0,0.0,0.0,0.0,0.0,0.0,0.0,0.0,0.0,0.0,0.0,0.0,0.0,0.0,0.0,0.0,0.0,,0.0,0.0,0.0,0.0,0.0,0.0,Mizoram,Serchhip
mizoram,serchhip,2019,0.0,0.0,0.0,0.0,0.0,0.0,0.0,,0.0,0.0,0.0,0.0,0.0,,0.0,0.0,0.0,0.0,0.0,0.0,,0.0,0.0,0.0,0.0,0.0,0.0,0.0,0.0,0.0,0.0,Mizoram,Serchhip
mizoram,serchhip,2020,1.0,0.0,0.0,0.0,0.0,0.0,0.0,0.0,,0.0,0.0,0.0,0.0,0.0,0.0,0.0,0.0,0.0,0.0,0.0,,0.0,0.0,0.0,0.0,0.0,0.0,0.0,0.0,0.0,0.0,Mizoram,Serchhip
mizoram,serchhip,2021,0.0,0.0,0.0,,0.0,0.0,0.0,,0.0,,0.0,,0.0,0.0,0.0,0.0,0.0,0.0,,0.0,0.0,0.0,0.0,0.0,0.0,0.0,0.0,0.0,0.0,0.0,0.0,Mizoram,Serchhip
mizoram,serchhip,2022,0.0,0.0,0.0,0.0,0.0,0.0,0.0,0.0,0.0,0.0,0.0,0.0,0.0,0.0,0.0,0.0,0.0,0.0,0.0,0.0,0.0,0.0,0.0,0.0,0.0,0.0,0.0,0.0,0.0,0.0,0.0,Mizoram,Serchhip
mizoram,siaaha,2018,0.0,0.0,,,0.0,0.0,0.0,0.0,0.0,0.0,0.0,0.0,0.0,0.0,0.0,0.0,0.0,,0.0,0.0,0.0,0.0,0.0,0.0,0.0,0.0,,0.0,0.0,0.0,0.0,Mizoram,Siaaha
mizoram,siaha,2017,0.0,0.0,0.0,0.0,1.0,0.0,0.0,0.0,0.0,0.0,0.0,0.0,,0.0,,0.0,0.0,0.0,0.0,0.0,0.0,0.0,0.0,0.0,0.0,0.0,0.0,0.0,0.0,0.0,0.0,Mizoram,Siaha
mizoram,siaha,2019,0.0,0.0,0.0,0.0,0.0,0.0,0.0,0.0,0.0,0.0,0.0,0.0,0.0,0.0,0.0,0.0,0.0,,0.0,0.0,0.0,0.0,0.0,0.0,0.0,0.0,,0.0,0.0,0.0,,Mizoram,Siaha
mizoram,siaha,2020,0.0,0.0,0.0,0.0,0.0,0.0,0.0,0.0,,0.0,0.0,0.0,0.0,0.0,0.0,0.0,0.0,0.0,0.0,,0.0,0.0,0.0,0.0,0.0,0.0,0.0,0.0,0.0,0.0,0.0,Mizoram,Siaha
mizoram,siaha,2021,0.0,0.0,,0.0,0.0,0.0,0.0,0.0,0.0,0.0,0.0,0.0,0.0,0.0,0.0,0.0,0.0,,,0.0,0.0,0.0,0.0,0.0,0.0,,0.0,0.0,0.0,,0.0,Mizoram,Siaha
mizoram,siaha,2022,0.0,0.0,0.0,0.0,0.0,0.0,0.0,0.0,0.0,0.0,0.0,0.0,0.0,0.0,0.0,0.0,0.0,0.0,0.0,0.0,0.0,,0.0,0.0,0.0,,0.0,0.0,0.0,0.0,0.0,Mizoram,Siaha
nagaland,ahmadabad,2018,,0.0,0.0,0.0,0.0,0.0,,0.0,0.0,0.0,0.0,0.0,0.0,0.0,0.0,0.0,0.0,0.0,,0.0,0.0,0.0,0.0,0.0,0.0,0.0,0.0,,0.0,0.0,,Nagaland,Ahmadabad
nagaland,ahmadabad,2019,0.0,0.0,0.0,0.0,0.0,0.0,0.0,0.0,0.0,0.0,0.0,0.0,0.0,0.0,0.0,0.0,0.0,0.0,0.0,0.0,0.0,0.0,0.0,0.0,0.0,0.0,0.0,0.0,0.0,0.0,0.0,Nagaland,Ahmadabad
nagaland,ahmadabad,2020,0.0,0.0,0.0,0.0,0.0,0.0,,0.0,0.0,0.0,0.0,0.0,0.0,0.0,0.0,0.0,0.0,0.0,,0.0,0.0,0.0,0.0,0.0,,,0.0,0.0,,,0.0,Nagaland,Ahmadabad
nagaland,ahmadabad,2021,0.0,0.0,0.0,0.0,0.0,0.0,0.0,0.0,0.0,0.0,0.0,0.0,0.0,0.0,0.0,0.0,0.0,,0.0,0.0,0.0,0.0,0.0,0.0,0.0,0.0,,0.0,0.0,0.0,2.0,Nagaland,Ahmadabad
nagaland,ahmadabad,2022,0.0,0.0,0.0,0.0,0.0,0.0,,,0.0,0.0,0.0,0.0,0.0,0.0,0.0,0.0,0.0,0.0,,0.0,0.0,0.0,0.0,0.0,0.0,0.0,0.0,1.0,,0.0,1.0,Nagaland,Ahmadabad
nagaland,dimapur,2018,,0.0,0.0,0.0,0.0,0.0,0.0,0.0,0.0,0.0,0.0,0.0,0.0,0.0,0.0,0.0,0.0,0.0,0.0,,0.0,0.0,,,0.0,0.0,0.0,0.0,0.0,0.0,0.0,Nagaland,Dimapur
nagaland,dimapur,2019,0.0,0.0,,0.0,,0.0,1.0,0.0,0.0,0.0,0.0,0.0,0.0,0.0,,0.0,0.0,0.0,0.0,0.0,0.0,0.0,0.0,0.0,0.0,0.0,0.0,0.0,0.0,0.0,0.0,Nagaland,Dimapur
nagaland,dimapur,2020,0.0,0.0,0.0,0.0,0.0,0.0,0.0,0.0,0.0,0.0,0.0,0.0,0.0,,0.0,0.0,0.0,0.0,0.0,0.0,0.0,0.0,0.0,0.0,0.0,0.0,,,0.0,0.0,0.0,Nagaland,Dimapur
nagaland,dimapur,2021,0.0,0.0,0.0,0.0,0.0,,0.0,0.0,0.0,0.0,0.0,0.0,0.0,0.0,0.0,0.0,0.0,0.0,0.0,0.0,,0.0,0.0,0.0,0.0,0.0,0.0,,0.0,0.0,0.0,Nagaland,Dimapur
nagaland,dimapur,2022,0.0,0.0,,,,0.0,0.0,0.0,,0.0,0.0,0.0,0.0,0.0,0.0,0.0,,0.0,,0.0,0.0,0.0,0.0,0.0,0.0,0.0,,0.0,0.0,0.0,0.0,Nagaland,Dimapur
nagaland,kiphire,2017,0.0,,,0.0,0.0,0.0,0.0,0.0,0.0,0.0,0.0,0.0,0.0,0.0,0.0,0.0,0.0,0.0,0.0,0.0,0.0,0.0,0.0,0.0,0.0,0.0,,0.0,0.0,,0.0,Nagaland,Kiphire
nagaland,kiphire,2018,0.0,0.0,0.0,0.0,0.0,0.0,0.0,0.0,0.0,0.0,0.0,0.0,0.0,0.0,0.0,0.0,0.0,0.0,0.0,0.0,0.0,0.0,0.0,0.0,0.0,0.0,0.0,0.0,0.0,0.0,0.0,Nagaland,Kiphire
nagaland,kiphire,2019,0.0,0.0,0.0,0.0,0.0,0.0,0.0,0.0,0.0,0.0,0.0,0.0,0.0,0.0,0.0,0.0,0.0,0.0,0.0,0.0,0.0,,0.0,0.0,0.0,0.0,0.0,0.0,0.0,0.0,0.0,Nagaland,Kiphire
nagaland,kiphire,2020,0.0,0.0,0.0,0.0,0.0,0.0,0.0,,0.0,0.0,,,0.0,0.0,0.0,0.0,0.0,0.0,0.0,,0.0,0.0,0.0,0.0,0.0,0.0,,0.0,0.0,0.0,0.0,Nagaland,Kiphire
nagaland,kiphire,2021,,0.0,0.0,0.0,0.0,0.0,,,0.0,0.0,,0.0,0.0,0.0,0.0,0.0,0.0,0.0,0.0,0.0,0.0,0.0,0.0,0.0,0.0,0.0,0.0,0.0,0.0,0.0,0.0,Nagaland,Kiphire
nagaland,kiphire,2022,0.0,0.0,0.0,0.0,0.0,0.0,0.0,0.0,0.0,0.0,0.0,0.0,0.0,0.0,0.0,0.0,0.0,0.0,0.0,0.0,0.0,0.0,,0.0,0.0,0.0,0.0,0.0,0.0,0.0,0.0,Nagaland,Kiphire
nagaland,kohima,2017,0.0,0.0,0.0,,0.0,0.0,0.0,0.0,,0.0,,0.0,,0.0,0.0,0.0,0.0,0.0,0.0,0.0,0.0,0.0,0.0,0.0,0.0,,0.0,0.0,0.0,0.0,0.0,Nagaland,Kohima
nagaland,kohima,2018,0.0,,0.0,0.0,0.0,,0.0,0.0,0.0,,0.0,0.0,,0.0,0.0,,0.0,0.0,0.0,0.0,0.0,,0.0,0.0,0.0,0.0,0.0,,0.0,0.0,,Nagaland,Kohima
nagaland,kohima,2019,0.0,,0.0,,0.0,,,0.0,0.0,0.0,0.0,0.0,0.0,0.0,0.0,0.0,0.0,0.0,0.0,0.0,,0.0,0.0,,0.0,0.0,0.0,0.0,0.0,0.0,,Nagaland,Kohima
nagaland,kohima,2020,0.0,0.0,0.0,0.0,,0.0,0.0,0.0,0.0,0.0,,0.0,0.0,0.0,0.0,0.0,0.0,0.0,0.0,0.0,0.0,0.0,0.0,0.0,0.0,0.0,0.0,0.0,0.0,0.0,0.0,Nagaland,Kohima
nagaland,kohima,2021,,0.0,0.0,,0.0,0.0,0.0,,0.0,0.0,0.0,,0.0,0.0,0.0,0.0,0.0,0.0,0.0,0.0,0.0,0.0,,,0.0,0.0,0.0,0.0,0.0,0.0,,Nagaland,Kohima
nagaland,kohima,2022,0.0,0.0,0.0,0.0,0.0,0.0,0.0,0.0,0.0,0.0,0.0,0.0,0.0,0.0,0.0,0.0,0.0,0.0,0.0,0.0,0.0,0.0,0.0,0.0,0.0,0.0,0.0,0.0,0.0,0.0,0.0,Nagaland,Kohima
nagaland,longleng,2017,0.0,0.0,0.0,0.0,0.0,0.0,0.0,0.0,0.0,0.0,0.0,0.0,0.0,,0.0,0.0,0.0,0.0,0.0,0.0,0.0,0.0,0.0,0.0,0.0,0.0,0.0,0.0,0.0,0.0,0.0,Nagaland,Longleng
nagaland,longleng,2018,0.0,0.0,0.0,0.0,0.0,0.0,0.0,0.0,0.0,0.0,0.0,0.0,0.0,0.0,,0.0,0.0,0.0,0.0,0.0,0.0,0.0,0.0,0.0,0.0,0.0,0.0,0.0,0.0,0.0,,Nagaland,Longleng
nagaland,longleng,2019,0.0,0.0,0.0,0.0,0.0,0.0,0.0,,0.0,0.0,0.0,0.0,0.0,0.0,0.0,,0.0,0.0,,0.0,0.0,0.0,0.0,,0.0,0.0,0.0,0.0,0.0,0.0,0.0,Nagaland,Longleng
nagaland,longleng,2020,0.0,0.0,0.0,0.0,0.0,0.0,0.0,,,0.0,0.0,0.0,0.0,0.0,0.0,,0.0,0.0,0.0,0.0,0.0,0.0,0.0,0.0,,0.0,,0.0,0.0,0.0,0.0,Nagaland,Longleng
nagaland,longleng,2021,0.0,0.0,0.0,0.0,0.0,,,0.0,,0.0,0.0,0.0,0.0,0.0,,0.0,0.0,,0.0,0.0,0.0,0.0,0.0,0.0,0.0,0.0,0.0,0.0,0.0,,0.0,Nagaland,Longleng
nagaland,longleng,2022,,0.0,0.0,,0.0,0.0,0.0,,0.0,0.0,0.0,0.0,0.0,0.0,0.0,0.0,0.0,0.0,0.0,0.0,0.0,,0.0,,0.0,0.0,0.0,0.0,,,0.0,Nagaland,Longleng
nagaland,mokokchung,2017,0.0,0.0,0.0,0.0,,0.0,0.0,0.0,0.0,0.0,,0.0,0.0,0.0,0.0,0.0,,0.0,0.0,0.0,0.0,0.0,0.0,0.0,0.0,0.0,0.0,,0.0,0.0,0.0,Nagaland,Mokokchung
nagaland,mokokchung,2018,,0.0,,0.0,,0.0,0.0,0.0,0.0,0.0,0.0,0.0,0.0,0.0,0.0,0.0,0.0,0.0,0.0,0.0,0.0,0.0,0.0,0.0,0.0,0.0,,0.0,0.0,,0.0,Nagaland,Mokokchung
nagaland,mokokchung,2019,0.0,0.0,0.0,0.0,,0.0,0.0,0.0,0.0,0.0,0.0,0.0,0.0,0.0,,,0.0,,0.0,0.0,0.0,0.0,,0.0,0.0,0.0,0.0,,0.0,0.0,0.0,Nagaland,Mokokchung
nagaland,mokokchung,2020,0.0,0.0,0.0,0.0,0.0,1.0,0.0,0.0,0.0,0.0,,,0.0,0.0,0.0,,0.0,0.0,0.0,0.0,,0.0,0.0,0.0,0.0,0.0,0.0,0.0,0.0,0.0,0.0,Nagaland,Mokokchung
nagaland,mokokchung,2021,0.0,0.0,0.0,0.0,,0.0,0.0,0.0,0.0,0.0,0.0,0.0,0.0,1.0,0.0,0.0,0.0,0.0,0.0,0.0,0.0,0.0,0.0,0.0,0.0,,0.0,0.0,0.0,0.0,0.0,Nagaland,Mokokchung
nagaland,mokokchung,2022,0.0,0.0,0.0,0.0,0.0,0.0,0.0,,0.0,0.0,0.0,0.0,0.0,0.0,0.0,0.0,,0.0,0.0,0.0,0.0,0.0,0.0,,,0.0,0.0,0.0,0.0,0.0,0.0,Nagaland,Mokokchung
nagaland,mon,2017,0.0,0.0,0.0,0.0,0.0,0.0,,,0.0,,0.0,0.0,0.0,0.0,0.0,,0.0,0.0,0.0,0.0,0.0,0.0,0.0,0.0,0.0,0.0,0.0,0.0,0.0,0.0,,Nagaland,Mon
nagaland,mon,2018,0.0,0.0,,0.0,,0.0,,0.0,0.0,0.0,0.0,0.0,0.0,0.0,0.0,0.0,0.0,0.0,0.0,0.0,0.0,0.0,,0.0,0.0,0.0,0.0,0.0,0.0,0.0,0.0,Nagaland,Mon
nagaland,mon,2019,0.0,0.0,0.0,0.0,1.0,0.0,0.0,0.0,0.0,,0.0,0.0,0.0,0.0,0.0,0.0,0.0,0.0,0.0,0.0,0.0,0.0,,0.0,0.0,0.0,0.0,0.0,0.0,0.0,0.0,Nagaland,Mon
nagaland,mon,2020,0.0,0.0,0.0,0.0,3.0,2.0,,0.0,1.0,0.0,0.0,0.0,,0.0,0.0,0.0,0.0,0.0,0.0,0.0,0.0,0.0,0.0,0.0,,0.0,0.0,0.0,0.0,0.0,,Nagaland,Mon
nagaland,mon,2021,0.0,0.0,0.0,0.0,0.0,,0.0,0.0,0.0,0.0,0.0,0.0,0.0,0.0,,0.0,0.0,0.0,0.0,,0.0,0.0,0.0,0.0,0.0,0.0,0.0,0.0,0.0,0.0,,Nagaland,Mon
nagaland,mon,2022,0.0,0.0,0.0,,2.0,0.0,,0.0,0.0,0.0,0.0,0.0,0.0,0.0,0.0,0.0,0.0,,0.0,,0.0,0.0,0.0,0.0,0.0,,0.0,0.0,0.0,,,Nagaland,Mon
nagaland,peren,2018,0.0,0.0,0.0,0.0,,0.0,0.0,0.0,0.0,,0.0,0.0,,0.0,0.0,0.0,0.0,0.0,0.0,0.0,0.0,0.0,0.0,,0.0,0.0,0.0,0.0,0.0,0.0,0.0,Nagaland,Peren
nagaland,peren,2019,0.0,0.0,0.0,,0.0,0.0,0.0,0.0,0.0,0.0,0.0,,0.0,,0.0,0.0,0.0,0.0,0.0,0.0,0.0,0.0,0.0,0.0,0.0,0.0,0.0,0.0,0.0,0.0,,Nagaland,Peren
nagaland,peren,2020,0.0,0.0,0.0,0.0,0.0,1.0,,0.0,0.0,0.0,0.0,0.0,0.0,0.0,0.0,0.0,0.0,0.0,,,0.0,0.0,0.0,,0.0,0.0,0.0,0.0,0.0,0.0,0.0,Nagaland,Peren
nagaland,peren,2021,0.0,0.0,0.0,0.0,,,0.0,0.0,0.0,0.0,0.0,0.0,0.0,0.0,0.0,0.0,0.0,0.0,0.0,0.0,0.0,0.0,0.0,0.0,0.0,0.0,0.0,0.0,0.0,0.0,0.0,Nagaland,Peren
nagaland,peren,2022,0.0,0.0,0.0,0.0,0.0,0.0,0.0,0.0,0.0,,0.0,0.0,0.0,0.0,0.0,0.0,0.0,0.0,0.0,0.0,0.0,0.0,0.0,0.0,0.0,0.0,0.0,0.0,0.0,0.0,0.0,Nagaland,Peren
nagaland,phek,2017,0.0,0.0,0.0,0.0,,0.0,0.0,0.0,,0.0,0.0,,,0.0,0.0,0.0,,,0.0,0.0,0.0,0.0,0.0,0.0,0.0,0.0,0.0,0.0,0.0,0.0,0.0,Nagaland,Phek
nagaland,phek,2018,0.0,0.0,0.0,0.0,0.0,0.0,0.0,0.0,0.0,0.0,0.0,,0.0,0.0,0.0,0.0,0.0,0.0,0.0,0.0,0.0,0.0,0.0,0.0,0.0,0.0,,0.0,0.0,0.0,0.0,Nagaland,Phek
nagaland,phek,2019,0.0,0.0,0.0,0.0,0.0,0.0,0.0,,0.0,0.0,0.0,0.0,0.0,,0.0,0.0,0.0,0.0,0.0,0.0,0.0,0.0,0.0,,0.0,0.0,0.0,0.0,0.0,0.0,0.0,Nagaland,Phek
nagaland,phek,2020,0.0,,0.0,0.0,0.0,0.0,,0.0,,0.0,0.0,0.0,,0.0,0.0,0.0,,0.0,0.0,0.0,,0.0,0.0,0.0,0.0,0.0,0.0,0.0,0.0,0.0,0.0,Nagaland,Phek
nagaland,phek,2021,,0.0,0.0,0.0,0.0,0.0,0.0,,0.0,0.0,0.0,0.0,0.0,0.0,0.0,0.0,0.0,0.0,0.0,0.0,0.0,0.0,,0.0,0.0,0.0,0.0,0.0,0.0,0.0,0.0,Nagaland,Phek
nagaland,phek,2022,0.0,,0.0,0.0,0.0,0.0,0.0,0.0,0.0,0.0,0.0,0.0,0.0,0.0,,0.0,0.0,0.0,0.0,0.0,0.0,0.0,0.0,0.0,,0.0,0.0,,0.0,,0.0,Nagaland,Phek
nagaland,tuensang,2017,0.0,0.0,,,,0.0,0.0,0.0,0.0,0.0,0.0,0.0,0.0,,0.0,,0.0,0.0,0.0,,0.0,0.0,0.0,,0.0,0.0,0.0,0.0,0.0,0.0,,Nagaland,Tuensang
nagaland,tuensang,2018,0.0,0.0,0.0,0.0,0.0,0.0,0.0,0.0,0.0,0.0,0.0,0.0,0.0,0.0,0.0,0.0,0.0,0.0,0.0,0.0,0.0,0.0,,0.0,0.0,0.0,0.0,,0.0,0.0,0.0,Nagaland,Tuensang
nagaland,tuensang,2019,0.0,0.0,0.0,0.0,0.0,0.0,0.0,0.0,0.0,,0.0,0.0,0.0,0.0,0.0,0.0,0.0,0.0,,0.0,0.0,0.0,,0.0,0.0,0.0,0.0,0.0,0.0,0.0,0.0,Nagaland,Tuensang
nagaland,tuensang,2020,,,0.0,,0.0,0.0,0.0,,0.0,0.0,0.0,0.0,0.0,0.0,0.0,0.0,0.0,0.0,0.0,0.0,0.0,0.0,0.0,,0.0,0.0,,0.0,0.0,0.0,0.0,Nagaland,Tuensang
nagaland,tuensang,2021,0.0,,,0.0,0.0,0.0,0.0,0.0,1.0,,0.0,0.0,0.0,,0.0,,0.0,0.0,0.0,0.0,0.0,0.0,0.0,,0.0,0.0,0.0,0.0,0.0,,0.0,Nagaland,Tuensang
nagaland,tuensang,2022,0.0,0.0,,,0.0,0.0,0.0,0.0,,0.0,0.0,,0.0,0.0,0.0,0.0,0.0,,0.0,0.0,0.0,0.0,0.0,0.0,0.0,0.0,0.0,0.0,0.0,0.0,0.0,Nagaland,Tuensang
nagaland,vadodara,2017,0.0,0.0,0.0,0.0,0.0,0.0,0.0,0.0,0.0,0.0,0.0,0.0,0.0,0.0,0.0,,0.0,,0.0,0.0,0.0,0.0,0.0,0.0,0.0,0.0,0.0,0.0,0.0,0.0,0.0,Nagaland,Vadodara
nagaland,vadodara,2018,,0.0,0.0,0.0,0.0,0.0,0.0,0.0,0.0,0.0,0.0,0.0,,0.0,0.0,0.0,0.0,0.0,0.0,0.0,0.0,0.0,0.0,0.0,0.0,0.0,0.0,0.0,0.0,0.0,0.0,Nagaland,Vadodara
nagaland,vadodara,2020,0.0,0.0,0.0,,1.0,0.0,0.0,,0.0,0.0,,0.0,0.0,0.0,0.0,0.0,0.0,,0.0,0.0,,,0.0,0.0,0.0,0.0,0.0,0.0,0.0,,0.0,Nagaland,Vadodara
nagaland,vadodara,2021,0.0,0.0,0.0,0.0,,0.0,,,0.0,0.0,0.0,0.0,0.0,0.0,,0.0,0.0,0.0,0.0,0.0,0.0,0.0,0.0,0.0,0.0,0.0,0.0,0.0,0.0,0.0,0.0,Nagaland,Vadodara
nagaland,vadodara,2022,0.0,0.0,0.0,0.0,0.0,0.0,0.0,0.0,0.0,0.0,0.0,0.0,0.0,0.0,0.0,0.0,0.0,0.0,0.0,0.0,0.0,0.0,0.0,0.0,0.0,0.0,0.0,0.0,0.0,1.0,1.0,Nagaland,Vadodara
nagaland,wokha,2017,0.0,,0.0,0.0,0.0,0.0,0.0,0.0,0.0,0.0,0.0,0.0,0.0,0.0,0.0,,0.0,0.0,0.0,,0.0,0.0,0.0,0.0,,0.0,0.0,0.0,,0.0,0.0,Nagaland,Wokha
nagaland,wokha,2018,0.0,0.0,0.0,0.0,0.0,0.0,0.0,0.0,0.0,0.0,0.0,0.0,0.0,0.0,0.0,0.0,0.0,0.0,0.0,0.0,0.0,0.0,0.0,0.0,0.0,0.0,0.0,0.0,0.0,0.0,0.0,Nagaland,Wokha
nagaland,wokha,2019,0.0,,0.0,0.0,0.0,0.0,0.0,0.0,0.0,0.0,0.0,0.0,0.0,0.0,0.0,0.0,0.0,0.0,0.0,0.0,0.0,0.0,0.0,0.0,0.0,0.0,0.0,,0.0,0.0,0.0,Nagaland,Wokha
nagaland,wokha,2020,0.0,0.0,0.0,0.0,0.0,0.0,0.0,0.0,0.0,0.0,0.0,0.0,0.0,0.0,0.0,0.0,0.0,0.0,0.0,0.0,0.0,0.0,0.0,0.0,0.0,0.0,0.0,0.0,0.0,0.0,0.0,Nagaland,Wokha
nagaland,wokha,2021,0.0,0.0,0.0,0.0,0.0,0.0,0.0,0.0,0.0,0.0,0.0,0.0,0.0,0.0,0.0,,0.0,0.0,0.0,,0.0,0.0,0.0,0.0,0.0,0.0,0.0,,0.0,0.0,0.0,Nagaland,Wokha
nagaland,wokha,2022,0.0,0.0,0.0,0.0,0.0,,0.0,0.0,,0.0,0.0,0.0,0.0,0.0,0.0,0.0,0.0,0.0,0.0,0.0,,0.0,0.0,0.0,0.0,0.0,0.0,0.0,,0.0,,Nagaland,Wokha
nagaland,zunheboto,2017,0.0,0.0,0.0,0.0,0.0,0.0,0.0,0.0,0.0,0.0,0.0,0.0,0.0,0.0,0.0,0.0,0.0,0.0,0.0,0.0,0.0,0.0,0.0,0.0,0.0,,0.0,0.0,0.0,0.0,0.0,Nagaland,Zunheboto
nagaland,zunheboto,2018,0.0,,0.0,0.0,0.0,0.0,0.0,0.0,0.0,,0.0,0.0,,0.0,0.0,0.0,0.0,0.0,0.0,0.0,0.0,0.0,0.0,0.0,0.0,0.0,0.0,0.0,0.0,0.0,0.0,Nagaland,Zunheboto
nagaland,zunheboto,2019,0.0,0.0,0.0,0.0,0.0,,0.0,0.0,0.0,0.0,0.0,0.0,0.0,0.0,0.0,0.0,0.0,0.0,0.0,0.0,0.0,0.0,,0.0,0.0,0.0,,0.0,0.0,0.0,0.0,Nagaland,Zunheboto
nagaland,zunheboto,2020,0.0,0.0,0.0,0.0,0.0,0.0,0.0,0.0,0.0,0.0,0.0,0.0,0.0,0.0,0.0,0.0,0.0,0.0,0.0,,0.0,0.0,0.0,0.0,0.0,0.0,0.0,0.0,,0.0,0.0,Nagaland,Zunheboto
nagaland,zunheboto,2022,0.0,0.0,0.0,0.0,0.0,0.0,0.0,0.0,0.0,0.0,0.0,0.0,0.0,,0.0,0.0,,0.0,,0.0,0.0,0.0,0.0,0.0,0.0,0.0,0.0,,0.0,,0.0,Nagaland,Zunheboto
odisha,anugul,2017,0.0,0.0,0.0,0.0,0.0,,0.0,0.0,0.0,0.0,0.0,0.0,0.0,0.0,6.0,0.0,0.0,12.0,2.0,0.0,0.0,0.0,0.0,0.0,0.0,0.0,0.0,0.0,0.0,2.0,22.0,Odisha,Anugul
odisha,anugul,2018,0.0,0.0,0.0,0.0,0.0,0.0,0.0,0.0,0.0,0.0,0.0,0.0,0.0,0.0,0.0,0.0,0.0,0.0,0.0,0.0,0.0,0.0,0.0,,0.0,0.0,0.0,0.0,0.0,0.0,0.0,Odisha,Anugul
odisha,anugul,2019,0.0,,0.0,,0.0,0.0,0.0,0.0,0.0,0.0,,0.0,,0.0,,0.0,8.0,,42.0,0.0,0.0,0.0,0.0,0.0,0.0,0.0,0.0,0.0,0.0,3.0,69.0,Odisha,Anugul
odisha,anugul,2020,,0.0,0.0,0.0,8.0,0.0,0.0,0.0,0.0,,0.0,0.0,0.0,0.0,0.0,0.0,6.0,48.0,39.0,0.0,0.0,0.0,0.0,0.0,,0.0,0.0,0.0,0.0,0.0,93.0,Odisha,Anugul
odisha,anugul,2021,0.0,0.0,0.0,0.0,5.0,0.0,0.0,0.0,0.0,0.0,,0.0,0.0,0.0,0.0,0.0,,,68.0,0.0,0.0,0.0,0.0,0.0,0.0,0.0,0.0,0.0,0.0,0.0,111.0,Odisha,Anugul
odisha,anugul,2022,0.0,0.0,10.0,0.0,0.0,0.0,0.0,0.0,0.0,0.0,0.0,0.0,0.0,,0.0,0.0,12.0,0.0,11.0,44.0,0.0,0.0,0.0,,0.0,0.0,0.0,0.0,0.0,0.0,67.0,Odisha,Anugul
odisha,balangir,2018,0.0,0.0,0.0,,0.0,0.0,0.0,0.0,0.0,0.0,,0.0,0.0,0.0,0.0,0.0,0.0,10.0,,0.0,0.0,0.0,0.0,0.0,0.0,0.0,0.0,,0.0,,20.0,Odisha,Balangir
odisha,balangir,2019,0.0,0.0,0.0,0.0,0.0,0.0,0.0,0.0,0.0,0.0,0.0,,0.0,0.0,0.0,0.0,1.0,9.0,,0.0,0.0,0.0,0.0,0.0,0.0,0.0,0.0,0.0,,0.0,36.0,Odisha,Balangir
odisha,balangir,2020,0.0,0.0,8.0,0.0,0.0,,0.0,0.0,0.0,0.0,0.0,0.0,0.0,7.0,0.0,0.0,1.0,0.0,48.0,0.0,0.0,0.0,0.0,0.0,0.0,0.0,0.0,0.0,0.0,0.0,49.0,Odisha,Balangir
odisha,balangir,2021,0.0,0.0,0.0,0.0,19.0,0.0,0.0,0.0,0.0,0.0,0.0,0.0,0.0,0.0,0.0,0.0,16.0,0.0,39.0,0.0,0.0,0.0,0.0,0.0,0.0,0.0,0.0,0.0,0.0,0.0,55.0,Odisha,Balangir
odisha,baleshwar,2017,0.0,0.0,0.0,0.0,0.0,0.0,0.0,0.0,0.0,0.0,0.0,0.0,0.0,4.0,0.0,10.0,0.0,,0.0,0.0,0.0,19.0,0.0,0.0,0.0,0.0,0.0,0.0,0.0,0.0,46.0,Odisha,Baleshwar
odisha,baleshwar,2018,0.0,0.0,0.0,0.0,0.0,0.0,0.0,0.0,0.0,0.0,0.0,0.0,0.0,,,1.0,0.0,5.0,0.0,0.0,0.0,24.0,0.0,0.0,0.0,0.0,0.0,0.0,0.0,2.0,38.0,Odisha,Baleshwar
odisha,baleshwar,2019,0.0,0.0,0.0,0.0,0.0,0.0,0.0,0.0,0.0,0.0,0.0,0.0,0.0,0.0,0.0,0.0,4.0,15.0,9.0,0.0,1.0,0.0,0.0,0.0,0.0,0.0,0.0,0.0,0.0,17.0,26.0,Odisha,Baleshwar
odisha,baleshwar,2020,0.0,0.0,0.0,0.0,1.0,0.0,0.0,0.0,0.0,0.0,0.0,0.0,0.0,0.0,0.0,0.0,2.0,15.0,19.0,0.0,7.0,0.0,0.0,0.0,0.0,0.0,0.0,0.0,0.0,2.0,46.0,Odisha,Baleshwar
odisha,baleshwar,2021,0.0,0.0,0.0,0.0,1.0,0.0,0.0,0.0,0.0,0.0,0.0,0.0,0.0,0.0,0.0,0.0,5.0,2.0,14.0,1.0,6.0,0.0,0.0,0.0,0.0,0.0,0.0,0.0,0.0,1.0,29.0,Odisha,Baleshwar
odisha,baleshwar,2022,0.0,0.0,0.0,0.0,0.0,0.0,5.0,0.0,0.0,0.0,0.0,0.0,0.0,2.0,0.0,0.0,17.0,8.0,11.0,5.0,10.0,0.0,0.0,0.0,0.0,0.0,0.0,0.0,0.0,0.0,52.0,Odisha,Baleshwar
odisha,bargarh,2017,0.0,0.0,,0.0,0.0,0.0,0.0,0.0,0.0,0.0,0.0,0.0,0.0,0.0,0.0,,0.0,0.0,,0.0,0.0,7.0,0.0,1.0,0.0,,0.0,0.0,0.0,0.0,15.0,Odisha,Bargarh
odisha,bargarh,2018,0.0,0.0,0.0,0.0,0.0,,0.0,0.0,0.0,0.0,0.0,0.0,0.0,0.0,0.0,0.0,0.0,21.0,3.0,0.0,0.0,0.0,,0.0,0.0,0.0,0.0,0.0,0.0,0.0,24.0,Odisha,Bargarh
odisha,bargarh,2019,0.0,0.0,0.0,0.0,0.0,0.0,0.0,0.0,,0.0,0.0,,0.0,0.0,0.0,0.0,1.0,11.0,12.0,0.0,0.0,0.0,0.0,0.0,0.0,0.0,0.0,0.0,0.0,0.0,24.0,Odisha,Bargarh
odisha,bargarh,2020,0.0,0.0,,,0.0,0.0,0.0,0.0,0.0,0.0,0.0,0.0,0.0,10.0,0.0,0.0,4.0,15.0,7.0,,0.0,0.0,0.0,0.0,0.0,0.0,0.0,0.0,0.0,,,Odisha,Bargarh
odisha,bargarh,2021,0.0,,0.0,,3.0,0.0,0.0,0.0,0.0,0.0,0.0,0.0,0.0,0.0,0.0,0.0,4.0,2.0,14.0,0.0,0.0,0.0,0.0,0.0,0.0,0.0,0.0,,0.0,0.0,20.0,Odisha,Bargarh
odisha,bargarh,2022,,1.0,0.0,0.0,,0.0,0.0,0.0,0.0,,0.0,0.0,0.0,,0.0,0.0,,8.0,34.0,0.0,0.0,0.0,0.0,0.0,0.0,0.0,0.0,0.0,,0.0,55.0,Odisha,Bargarh
odisha,bhadrak,2017,,0.0,0.0,0.0,0.0,0.0,0.0,0.0,,0.0,0.0,0.0,0.0,0.0,,0.0,,5.0,5.0,0.0,0.0,0.0,2.0,0.0,0.0,0.0,0.0,4.0,0.0,0.0,18.0,Odisha,Bhadrak
odisha,bhadrak,2018,0.0,0.0,0.0,0.0,0.0,0.0,0.0,0.0,,0.0,0.0,0.0,0.0,0.0,0.0,0.0,0.0,7.0,,,0.0,0.0,0.0,0.0,,0.0,0.0,0.0,0.0,0.0,10.0,Odisha,Bhadrak
odisha,bhadrak,2019,0.0,0.0,0.0,0.0,0.0,0.0,0.0,0.0,0.0,0.0,0.0,0.0,,,0.0,0.0,0.0,7.0,,0.0,0.0,0.0,0.0,0.0,0.0,,0.0,0.0,0.0,3.0,21.0,Odisha,Bhadrak
odisha,bhadrak,2020,0.0,0.0,0.0,0.0,4.0,0.0,0.0,0.0,0.0,,0.0,0.0,0.0,17.0,0.0,,12.0,0.0,21.0,,0.0,0.0,0.0,0.0,0.0,0.0,,0.0,0.0,1.0,34.0,Odisha,Bhadrak
odisha,bhadrak,2021,0.0,0.0,0.0,0.0,9.0,0.0,0.0,0.0,0.0,,,0.0,0.0,0.0,0.0,0.0,3.0,2.0,17.0,0.0,0.0,0.0,0.0,0.0,0.0,,0.0,0.0,0.0,1.0,23.0,Odisha,Bhadrak
odisha,bhadrak,2022,0.0,0.0,,0.0,0.0,,0.0,0.0,0.0,0.0,0.0,0.0,,0.0,0.0,0.0,3.0,2.0,18.0,3.0,,,0.0,0.0,0.0,0.0,0.0,0.0,0.0,0.0,26.0,Odisha,Bhadrak
odisha,boudh,2017,,0.0,0.0,0.0,0.0,0.0,0.0,0.0,,0.0,0.0,0.0,0.0,0.0,0.0,0.0,0.0,,2.0,0.0,1.0,0.0,,0.0,0.0,0.0,,0.0,0.0,,3.0,Odisha,Boudh
odisha,boudh,2018,,0.0,0.0,0.0,0.0,0.0,0.0,0.0,0.0,0.0,0.0,0.0,0.0,0.0,0.0,0.0,,2.0,2.0,0.0,0.0,0.0,0.0,0.0,0.0,0.0,0.0,0.0,,0.0,4.0,Odisha,Boudh
odisha,boudh,2021,,0.0,0.0,0.0,2.0,,,0.0,0.0,0.0,0.0,0.0,0.0,0.0,0.0,0.0,0.0,0.0,2.0,0.0,0.0,0.0,0.0,0.0,0.0,0.0,0.0,0.0,0.0,3.0,5.0,Odisha,Boudh
odisha,boudh,2022,0.0,0.0,2.0,0.0,0.0,0.0,,0.0,0.0,0.0,,0.0,0.0,0.0,0.0,0.0,1.0,0.0,,0.0,1.0,0.0,0.0,0.0,0.0,0.0,0.0,,0.0,2.0,7.0,Odisha,Boudh
odisha,cuttack,2017,0.0,0.0,0.0,0.0,0.0,0.0,0.0,0.0,0.0,0.0,0.0,0.0,0.0,0.0,0.0,0.0,0.0,23.0,0.0,0.0,0.0,43.0,0.0,0.0,0.0,0.0,0.0,0.0,0.0,8.0,51.0,Odisha,Cuttack
odisha,cuttack,2018,0.0,0.0,0.0,0.0,0.0,0.0,0.0,0.0,0.0,0.0,0.0,0.0,0.0,0.0,0.0,0.0,1.0,11.0,32.0,0.0,0.0,60.0,0.0,0.0,0.0,0.0,0.0,0.0,0.0,0.0,108.0,Odisha,Cuttack
odisha,cuttack,2019,0.0,0.0,0.0,0.0,0.0,0.0,0.0,0.0,0.0,0.0,0.0,0.0,0.0,0.0,0.0,0.0,3.0,12.0,100.0,0.0,0.0,2.0,0.0,0.0,0.0,0.0,0.0,0.0,0.0,1.0,121.0,Odisha,Cuttack
odisha,cuttack,2020,0.0,0.0,0.0,0.0,15.0,0.0,0.0,0.0,0.0,0.0,0.0,0.0,0.0,3.0,0.0,0.0,23.0,28.0,99.0,0.0,0.0,41.0,0.0,0.0,0.0,0.0,0.0,0.0,0.0,18.0,209.0,Odisha,Cuttack
odisha,cuttack,2021,0.0,0.0,0.0,0.0,18.0,0.0,0.0,0.0,0.0,0.0,0.0,0.0,0.0,6.0,0.0,0.0,30.0,15.0,119.0,0.0,0.0,5.0,0.0,0.0,0.0,0.0,0.0,0.0,0.0,0.0,169.0,Odisha,Cuttack
odisha,cuttack,2022,0.0,5.0,0.0,0.0,0.0,0.0,0.0,0.0,0.0,0.0,0.0,0.0,0.0,1.0,0.0,0.0,5.0,21.0,4.0,0.0,14.0,11.0,0.0,0.0,0.0,0.0,0.0,0.0,0.0,5.0,60.0,Odisha,Cuttack
odisha,deogarh,2017,0.0,0.0,0.0,0.0,0.0,0.0,0.0,0.0,0.0,0.0,0.0,0.0,0.0,,0.0,0.0,0.0,,,0.0,0.0,0.0,0.0,0.0,0.0,0.0,0.0,2.0,0.0,0.0,,Odisha,Deogarh
odisha,deogarh,2018,0.0,0.0,0.0,,,0.0,0.0,0.0,0.0,,0.0,0.0,0.0,0.0,0.0,0.0,0.0,7.0,0.0,0.0,0.0,0.0,0.0,0.0,,0.0,0.0,0.0,0.0,0.0,7.0,Odisha,Deogarh
odisha,deogarh,2019,0.0,0.0,0.0,0.0,0.0,0.0,0.0,0.0,0.0,0.0,0.0,0.0,0.0,0.0,,0.0,0.0,0.0,0.0,0.0,0.0,0.0,0.0,0.0,0.0,0.0,0.0,0.0,0.0,0.0,0.0,Odisha,Deogarh
odisha,deogarh,2020,,0.0,0.0,0.0,0.0,0.0,0.0,0.0,0.0,0.0,0.0,0.0,0.0,0.0,0.0,0.0,0.0,1.0,6.0,,0.0,0.0,0.0,0.0,0.0,,0.0,0.0,0.0,1.0,8.0,Odisha,Deogarh
odisha,deogarh,2021,0.0,0.0,,0.0,,0.0,,0.0,0.0,0.0,0.0,0.0,0.0,0.0,0.0,0.0,6.0,2.0,1.0,0.0,0.0,,0.0,0.0,,,0.0,0.0,0.0,0.0,9.0,Odisha,Deogarh
odisha,deogarh,2022,0.0,0.0,0.0,0.0,,0.0,0.0,0.0,0.0,,0.0,0.0,0.0,0.0,0.0,0.0,,2.0,0.0,0.0,0.0,0.0,0.0,0.0,0.0,0.0,0.0,0.0,0.0,0.0,5.0,Odisha,Deogarh
odisha,dhenkanal,2017,0.0,0.0,0.0,0.0,0.0,0.0,0.0,0.0,0.0,0.0,0.0,,,0.0,0.0,0.0,,0.0,0.0,0.0,0.0,11.0,0.0,0.0,0.0,0.0,,0.0,0.0,0.0,11.0,Odisha,Dhenkanal
odisha,dhenkanal,2019,0.0,0.0,0.0,,0.0,0.0,0.0,0.0,0.0,0.0,0.0,0.0,0.0,,0.0,,2.0,3.0,6.0,0.0,0.0,0.0,0.0,0.0,,0.0,0.0,0.0,0.0,0.0,11.0,Odisha,Dhenkanal
odisha,dhenkanal,2020,0.0,,0.0,0.0,0.0,0.0,0.0,,0.0,0.0,0.0,0.0,0.0,0.0,0.0,0.0,0.0,1.0,7.0,0.0,2.0,0.0,0.0,0.0,0.0,0.0,,0.0,0.0,0.0,,Odisha,Dhenkanal
odisha,dhenkanal,2021,0.0,0.0,0.0,0.0,11.0,1.0,0.0,,0.0,0.0,0.0,0.0,0.0,0.0,0.0,0.0,2.0,0.0,8.0,0.0,0.0,0.0,3.0,0.0,0.0,0.0,0.0,0.0,0.0,0.0,13.0,Odisha,Dhenkanal
odisha,dhenkanal,2022,0.0,0.0,,0.0,0.0,0.0,0.0,0.0,0.0,0.0,0.0,0.0,0.0,1.0,0.0,0.0,6.0,0.0,27.0,0.0,0.0,0.0,,0.0,0.0,0.0,0.0,0.0,0.0,0.0,33.0,Odisha,Dhenkanal
odisha,gaanjam,2020,0.0,0.0,0.0,0.0,,0.0,0.0,0.0,0.0,0.0,0.0,0.0,0.0,0.0,0.0,,0.0,42.0,,0.0,0.0,0.0,0.0,0.0,0.0,0.0,0.0,0.0,0.0,0.0,42.0,Odisha,Gaanjam
odisha,gajapati,2017,0.0,,0.0,0.0,0.0,0.0,0.0,0.0,0.0,0.0,0.0,0.0,0.0,0.0,0.0,0.0,2.0,3.0,1.0,0.0,0.0,0.0,0.0,0.0,0.0,0.0,0.0,0.0,,2.0,8.0,Odisha,Gajapati
odisha,gajapati,2018,0.0,0.0,0.0,0.0,0.0,0.0,0.0,,0.0,,0.0,0.0,0.0,0.0,0.0,0.0,0.0,1.0,0.0,0.0,0.0,,0.0,0.0,0.0,,0.0,0.0,,1.0,2.0,Odisha,Gajapati
odisha,gajapati,2020,0.0,0.0,0.0,0.0,2.0,0.0,0.0,0.0,0.0,0.0,0.0,0.0,0.0,0.0,0.0,0.0,0.0,1.0,,0.0,0.0,0.0,,0.0,,0.0,0.0,0.0,0.0,0.0,17.0,Odisha,Gajapati
odisha,gajapati,2021,0.0,0.0,0.0,0.0,5.0,0.0,0.0,0.0,0.0,0.0,0.0,0.0,0.0,0.0,0.0,0.0,0.0,0.0,18.0,0.0,,0.0,0.0,0.0,0.0,0.0,0.0,0.0,0.0,0.0,18.0,Odisha,Gajapati
odisha,gajapati,2022,,0.0,5.0,,0.0,0.0,0.0,0.0,0.0,0.0,0.0,0.0,0.0,,0.0,0.0,0.0,0.0,16.0,0.0,0.0,0.0,0.0,0.0,0.0,0.0,0.0,0.0,0.0,0.0,16.0,Odisha,Gajapati
odisha,ganjam,2017,0.0,0.0,0.0,0.0,0.0,0.0,,0.0,0.0,0.0,0.0,0.0,,0.0,,0.0,0.0,12.0,3.0,,0.0,0.0,0.0,0.0,0.0,0.0,0.0,0.0,0.0,14.0,29.0,Odisha,Ganjam
odisha,ganjam,2019,0.0,0.0,0.0,0.0,0.0,0.0,0.0,0.0,0.0,0.0,0.0,,0.0,0.0,0.0,,1.0,,,0.0,0.0,0.0,0.0,0.0,0.0,0.0,0.0,0.0,0.0,1.0,57.0,Odisha,Ganjam
odisha,ganjam,2021,,0.0,,0.0,0.0,0.0,0.0,0.0,,,0.0,0.0,0.0,0.0,0.0,,0.0,46.0,0.0,,0.0,0.0,0.0,,,0.0,0.0,0.0,,0.0,46.0,Odisha,Ganjam
odisha,jagatsinghapur,2017,0.0,0.0,0.0,0.0,0.0,0.0,0.0,0.0,0.0,0.0,,0.0,0.0,0.0,0.0,0.0,0.0,0.0,0.0,0.0,0.0,14.0,0.0,0.0,0.0,0.0,0.0,,0.0,0.0,14.0,Odisha,Jagatsinghapur
odisha,jagatsinghapur,2018,,0.0,0.0,0.0,0.0,0.0,0.0,0.0,0.0,0.0,0.0,,0.0,0.0,1.0,4.0,0.0,0.0,0.0,0.0,0.0,6.0,0.0,4.0,0.0,,0.0,0.0,0.0,9.0,24.0,Odisha,Jagatsinghapur
odisha,jagatsinghapur,2019,0.0,0.0,0.0,,0.0,0.0,0.0,0.0,0.0,0.0,0.0,0.0,0.0,0.0,0.0,0.0,0.0,3.0,,0.0,0.0,0.0,0.0,0.0,0.0,0.0,0.0,0.0,,0.0,8.0,Odisha,Jagatsinghapur
odisha,jagatsinghapur,2020,0.0,0.0,0.0,0.0,1.0,0.0,0.0,0.0,0.0,0.0,0.0,0.0,0.0,0.0,0.0,0.0,2.0,11.0,5.0,0.0,0.0,0.0,0.0,0.0,0.0,0.0,0.0,0.0,0.0,4.0,22.0,Odisha,Jagatsinghapur
odisha,jagatsinghapur,2021,0.0,0.0,0.0,0.0,0.0,0.0,0.0,0.0,0.0,,0.0,0.0,0.0,0.0,0.0,0.0,7.0,4.0,14.0,0.0,0.0,0.0,0.0,0.0,,0.0,0.0,0.0,0.0,0.0,25.0,Odisha,Jagatsinghapur
odisha,jagatsinghapur,2022,0.0,0.0,,0.0,0.0,0.0,0.0,0.0,0.0,0.0,0.0,0.0,0.0,0.0,0.0,0.0,8.0,1.0,7.0,0.0,0.0,,0.0,0.0,0.0,0.0,0.0,0.0,0.0,0.0,22.0,Odisha,Jagatsinghapur
odisha,jajapur,2017,0.0,0.0,0.0,,0.0,0.0,0.0,0.0,0.0,0.0,0.0,0.0,,0.0,0.0,0.0,0.0,8.0,24.0,0.0,0.0,0.0,0.0,0.0,0.0,0.0,0.0,,0.0,0.0,46.0,Odisha,Jajapur
odisha,jajapur,2018,0.0,0.0,0.0,0.0,,0.0,0.0,0.0,0.0,0.0,0.0,0.0,0.0,0.0,0.0,0.0,0.0,32.0,16.0,0.0,0.0,0.0,,0.0,0.0,0.0,0.0,0.0,0.0,2.0,50.0,Odisha,Jajapur
odisha,jajapur,2019,0.0,0.0,,0.0,0.0,0.0,0.0,0.0,0.0,0.0,0.0,0.0,0.0,,,,5.0,39.0,39.0,0.0,0.0,0.0,0.0,0.0,0.0,0.0,0.0,0.0,0.0,,83.0,Odisha,Jajapur
odisha,jajapur,2020,0.0,0.0,0.0,0.0,14.0,0.0,0.0,,0.0,0.0,0.0,0.0,0.0,0.0,0.0,,15.0,,45.0,0.0,0.0,0.0,0.0,0.0,0.0,0.0,0.0,0.0,0.0,0.0,74.0,Odisha,Jajapur
odisha,jajapur,2021,0.0,,0.0,0.0,2.0,0.0,0.0,0.0,0.0,,0.0,0.0,0.0,0.0,0.0,0.0,14.0,0.0,36.0,0.0,0.0,,0.0,0.0,,,0.0,0.0,0.0,0.0,50.0,Odisha,Jajapur
odisha,jajapur,2022,,0.0,5.0,,0.0,,0.0,0.0,0.0,,0.0,0.0,0.0,0.0,0.0,,3.0,0.0,,0.0,13.0,0.0,,0.0,0.0,0.0,0.0,0.0,0.0,0.0,38.0,Odisha,Jajapur
odisha,jharsuguda,2017,0.0,0.0,,0.0,0.0,0.0,0.0,0.0,0.0,0.0,0.0,0.0,0.0,0.0,0.0,0.0,1.0,1.0,2.0,0.0,1.0,0.0,0.0,0.0,0.0,0.0,0.0,6.0,0.0,0.0,11.0,Odisha,Jharsuguda
odisha,jharsuguda,2018,0.0,0.0,0.0,0.0,0.0,0.0,0.0,,0.0,0.0,0.0,0.0,,0.0,0.0,0.0,0.0,4.0,5.0,0.0,0.0,0.0,0.0,0.0,0.0,0.0,0.0,0.0,0.0,0.0,9.0,Odisha,Jharsuguda
odisha,jharsuguda,2020,0.0,0.0,0.0,0.0,4.0,0.0,,0.0,0.0,0.0,,,0.0,0.0,0.0,0.0,1.0,31.0,8.0,0.0,0.0,0.0,0.0,0.0,0.0,0.0,0.0,0.0,0.0,0.0,40.0,Odisha,Jharsuguda
odisha,jharsuguda,2021,0.0,0.0,0.0,0.0,3.0,0.0,,0.0,0.0,0.0,,0.0,0.0,0.0,,0.0,,28.0,7.0,,0.0,,0.0,0.0,0.0,0.0,0.0,0.0,0.0,0.0,39.0,Odisha,Jharsuguda
odisha,kalahandi,2017,0.0,0.0,0.0,,0.0,,0.0,0.0,0.0,0.0,0.0,0.0,0.0,7.0,0.0,0.0,0.0,0.0,0.0,0.0,,0.0,0.0,0.0,0.0,0.0,0.0,0.0,0.0,0.0,,Odisha,Kalahandi
odisha,kalahandi,2018,0.0,0.0,0.0,0.0,0.0,0.0,0.0,0.0,0.0,0.0,0.0,0.0,0.0,0.0,0.0,0.0,0.0,0.0,0.0,0.0,0.0,0.0,0.0,0.0,0.0,0.0,0.0,0.0,0.0,0.0,0.0,Odisha,Kalahandi
odisha,kalahandi,2019,0.0,0.0,0.0,0.0,0.0,0.0,0.0,0.0,,0.0,0.0,0.0,0.0,8.0,0.0,0.0,1.0,9.0,7.0,0.0,0.0,0.0,,0.0,0.0,0.0,,0.0,0.0,0.0,17.0,Odisha,Kalahandi
odisha,kalahandi,2020,0.0,0.0,0.0,0.0,10.0,0.0,0.0,0.0,0.0,0.0,0.0,0.0,0.0,0.0,0.0,0.0,,1.0,11.0,0.0,0.0,0.0,,0.0,0.0,0.0,,0.0,0.0,10.0,23.0,Odisha,Kalahandi
odisha,kalahandi,2021,,,0.0,0.0,6.0,0.0,0.0,0.0,0.0,0.0,0.0,0.0,0.0,0.0,0.0,0.0,7.0,3.0,47.0,0.0,0.0,0.0,0.0,0.0,0.0,,0.0,0.0,0.0,4.0,61.0,Odisha,Kalahandi
odisha,kalahandi,2022,0.0,0.0,0.0,0.0,0.0,,0.0,0.0,0.0,0.0,0.0,0.0,0.0,6.0,0.0,0.0,2.0,1.0,8.0,10.0,0.0,0.0,0.0,,0.0,0.0,0.0,0.0,0.0,0.0,21.0,Odisha,Kalahandi
odisha,kandhamal,2017,,0.0,0.0,0.0,0.0,0.0,,0.0,0.0,0.0,0.0,0.0,0.0,0.0,0.0,0.0,0.0,5.0,2.0,0.0,0.0,1.0,0.0,0.0,0.0,,0.0,4.0,0.0,0.0,12.0,Odisha,Kandhamal
odisha,kandhamal,2018,,,0.0,0.0,0.0,0.0,0.0,0.0,0.0,0.0,0.0,0.0,,0.0,0.0,0.0,3.0,5.0,0.0,0.0,9.0,0.0,0.0,0.0,0.0,0.0,0.0,,0.0,0.0,17.0,Odisha,Kandhamal
odisha,kandhamal,2019,1.0,0.0,0.0,0.0,0.0,0.0,0.0,0.0,0.0,0.0,0.0,0.0,0.0,0.0,0.0,0.0,0.0,2.0,4.0,0.0,0.0,0.0,0.0,0.0,0.0,0.0,0.0,0.0,,0.0,6.0,Odisha,Kandhamal
odisha,kandhamal,2020,,0.0,0.0,0.0,0.0,0.0,0.0,0.0,,0.0,0.0,0.0,0.0,0.0,0.0,0.0,3.0,5.0,2.0,0.0,0.0,0.0,0.0,0.0,0.0,0.0,0.0,0.0,0.0,0.0,10.0,Odisha,Kandhamal
odisha,kandhamal,2021,,0.0,0.0,0.0,1.0,0.0,0.0,0.0,0.0,0.0,0.0,0.0,0.0,0.0,0.0,0.0,0.0,5.0,0.0,11.0,,0.0,0.0,0.0,0.0,0.0,,0.0,0.0,0.0,,Odisha,Kandhamal
odisha,kandhamal,2022,0.0,0.0,0.0,0.0,,0.0,0.0,0.0,0.0,0.0,0.0,0.0,0.0,0.0,,0.0,1.0,0.0,0.0,7.0,1.0,0.0,0.0,0.0,,0.0,0.0,0.0,0.0,0.0,9.0,Odisha,Kandhamal
odisha,kendrapara,2017,0.0,0.0,0.0,0.0,0.0,0.0,,0.0,0.0,0.0,0.0,0.0,,1.0,0.0,0.0,0.0,0.0,,0.0,0.0,17.0,0.0,0.0,0.0,0.0,0.0,0.0,0.0,0.0,17.0,Odisha,Kendrapara
odisha,kendrapara,2018,0.0,0.0,,0.0,0.0,0.0,0.0,0.0,0.0,0.0,0.0,0.0,0.0,2.0,0.0,,0.0,0.0,0.0,0.0,0.0,14.0,0.0,0.0,0.0,0.0,0.0,1.0,0.0,15.0,32.0,Odisha,Kendrapara
odisha,kendrapara,2019,0.0,0.0,0.0,0.0,0.0,0.0,0.0,0.0,0.0,0.0,0.0,0.0,,0.0,0.0,0.0,0.0,3.0,7.0,0.0,7.0,,0.0,0.0,0.0,,0.0,5.0,0.0,0.0,36.0,Odisha,Kendrapara
odisha,kendrapara,2020,0.0,0.0,,0.0,0.0,0.0,0.0,0.0,0.0,0.0,0.0,0.0,0.0,0.0,0.0,0.0,0.0,6.0,,0.0,14.0,0.0,0.0,0.0,0.0,,0.0,0.0,0.0,4.0,24.0,Odisha,Kendrapara
odisha,kendrapara,2021,0.0,0.0,0.0,0.0,8.0,0.0,0.0,0.0,0.0,0.0,0.0,0.0,0.0,1.0,0.0,0.0,,9.0,0.0,6.0,,0.0,0.0,0.0,0.0,0.0,0.0,0.0,0.0,0.0,15.0,Odisha,Kendrapara
odisha,kendrapara,2022,0.0,0.0,22.0,0.0,0.0,0.0,0.0,0.0,0.0,0.0,0.0,0.0,0.0,0.0,0.0,0.0,4.0,2.0,4.0,7.0,0.0,,0.0,0.0,0.0,0.0,0.0,0.0,0.0,0.0,17.0,Odisha,Kendrapara
odisha,kendujhar,2017,0.0,0.0,0.0,0.0,0.0,0.0,0.0,0.0,0.0,0.0,0.0,0.0,0.0,0.0,0.0,0.0,0.0,7.0,4.0,0.0,0.0,0.0,0.0,0.0,0.0,,0.0,0.0,0.0,,11.0,Odisha,Kendujhar
odisha,kendujhar,2018,0.0,,0.0,,0.0,0.0,0.0,0.0,0.0,0.0,0.0,0.0,0.0,0.0,0.0,0.0,0.0,3.0,6.0,0.0,,0.0,0.0,0.0,0.0,0.0,0.0,0.0,0.0,0.0,9.0,Odisha,Kendujhar
odisha,kendujhar,2019,0.0,0.0,0.0,,,0.0,,0.0,0.0,0.0,0.0,0.0,0.0,0.0,0.0,0.0,0.0,8.0,,0.0,0.0,0.0,0.0,0.0,0.0,0.0,0.0,0.0,0.0,0.0,19.0,Odisha,Kendujhar
odisha,kendujhar,2020,,,0.0,0.0,,0.0,0.0,0.0,0.0,0.0,,0.0,0.0,0.0,0.0,0.0,8.0,14.0,12.0,0.0,0.0,0.0,0.0,0.0,2.0,0.0,0.0,,0.0,0.0,,Odisha,Kendujhar
odisha,kendujhar,2021,0.0,0.0,0.0,,4.0,0.0,0.0,0.0,0.0,0.0,0.0,0.0,0.0,0.0,0.0,,0.0,0.0,17.0,0.0,0.0,0.0,0.0,0.0,0.0,0.0,0.0,0.0,0.0,0.0,17.0,Odisha,Kendujhar
odisha,kendujhar,2022,,0.0,8.0,0.0,0.0,0.0,0.0,0.0,,0.0,0.0,0.0,0.0,0.0,0.0,0.0,0.0,3.0,2.0,38.0,0.0,0.0,0.0,0.0,0.0,0.0,0.0,0.0,0.0,,43.0,Odisha,Kendujhar
odisha,khordha,2017,0.0,0.0,0.0,0.0,0.0,0.0,0.0,0.0,0.0,0.0,0.0,0.0,0.0,0.0,0.0,0.0,0.0,9.0,0.0,0.0,0.0,90.0,0.0,0.0,0.0,0.0,0.0,0.0,0.0,0.0,99.0,Odisha,Khordha
odisha,khordha,2018,0.0,0.0,0.0,0.0,0.0,0.0,0.0,0.0,0.0,0.0,0.0,0.0,0.0,0.0,0.0,1.0,4.0,5.0,21.0,0.0,0.0,45.0,0.0,0.0,0.0,0.0,0.0,0.0,0.0,5.0,83.0,Odisha,Khordha
odisha,khordha,2019,,0.0,0.0,0.0,0.0,0.0,0.0,0.0,0.0,0.0,0.0,0.0,0.0,0.0,0.0,0.0,5.0,8.0,49.0,0.0,0.0,1.0,0.0,0.0,0.0,0.0,0.0,0.0,0.0,37.0,100.0,Odisha,Khordha
odisha,khordha,2020,0.0,0.0,0.0,0.0,5.0,0.0,0.0,0.0,10.0,0.0,0.0,0.0,0.0,0.0,0.0,,14.0,29.0,7.0,0.0,0.0,4.0,0.0,0.0,0.0,0.0,0.0,0.0,0.0,21.0,75.0,Odisha,Khordha
odisha,khordha,2021,0.0,0.0,0.0,0.0,6.0,0.0,0.0,0.0,0.0,0.0,0.0,0.0,0.0,1.0,0.0,0.0,33.0,19.0,52.0,0.0,0.0,0.0,0.0,0.0,0.0,0.0,0.0,0.0,0.0,0.0,105.0,Odisha,Khordha
odisha,khordha,2022,0.0,0.0,1.0,0.0,0.0,,0.0,0.0,0.0,0.0,0.0,0.0,0.0,0.0,0.0,0.0,13.0,3.0,23.0,,0.0,20.0,0.0,0.0,0.0,0.0,0.0,0.0,0.0,13.0,72.0,Odisha,Khordha
odisha,koraput,2017,0.0,0.0,,0.0,0.0,0.0,0.0,0.0,,0.0,0.0,0.0,0.0,0.0,0.0,0.0,0.0,24.0,11.0,0.0,,,0.0,0.0,0.0,0.0,0.0,7.0,0.0,0.0,42.0,Odisha,Koraput
odisha,koraput,2018,0.0,0.0,0.0,0.0,0.0,0.0,0.0,0.0,0.0,,,0.0,0.0,0.0,0.0,0.0,1.0,9.0,2.0,0.0,0.0,0.0,,0.0,0.0,0.0,0.0,8.0,,0.0,20.0,Odisha,Koraput
odisha,koraput,2019,0.0,0.0,0.0,0.0,,,0.0,0.0,0.0,0.0,0.0,0.0,,0.0,0.0,0.0,1.0,25.0,,1.0,0.0,6.0,0.0,0.0,0.0,0.0,0.0,0.0,0.0,0.0,43.0,Odisha,Koraput
odisha,koraput,2020,0.0,0.0,0.0,0.0,8.0,0.0,0.0,0.0,,0.0,0.0,0.0,0.0,4.0,0.0,0.0,0.0,0.0,33.0,0.0,0.0,0.0,0.0,0.0,0.0,0.0,0.0,0.0,,0.0,33.0,Odisha,Koraput
odisha,koraput,2021,0.0,0.0,0.0,0.0,2.0,,0.0,0.0,,0.0,0.0,0.0,0.0,9.0,0.0,0.0,,0.0,36.0,0.0,0.0,0.0,0.0,0.0,0.0,0.0,0.0,0.0,0.0,9.0,45.0,Odisha,Koraput
odisha,koraput,2022,0.0,0.0,0.0,0.0,0.0,0.0,0.0,0.0,0.0,0.0,0.0,0.0,0.0,7.0,0.0,0.0,,0.0,3.0,0.0,0.0,37.0,0.0,0.0,0.0,0.0,0.0,0.0,0.0,0.0,42.0,Odisha,Koraput
odisha,malkangiri,2017,,0.0,0.0,,0.0,0.0,0.0,0.0,0.0,0.0,0.0,0.0,0.0,0.0,0.0,0.0,0.0,3.0,,0.0,0.0,0.0,0.0,0.0,0.0,,0.0,4.0,0.0,0.0,12.0,Odisha,Malkangiri
odisha,malkangiri,2018,0.0,0.0,0.0,,0.0,0.0,0.0,,0.0,0.0,0.0,0.0,0.0,0.0,0.0,0.0,0.0,2.0,4.0,0.0,0.0,1.0,0.0,0.0,0.0,0.0,0.0,0.0,0.0,0.0,7.0,Odisha,Malkangiri
odisha,malkangiri,2020,0.0,0.0,0.0,0.0,0.0,0.0,,0.0,,0.0,0.0,,0.0,0.0,0.0,0.0,,36.0,10.0,0.0,0.0,0.0,0.0,,0.0,0.0,0.0,0.0,0.0,0.0,48.0,Odisha,Malkangiri
odisha,malkangiri,2021,0.0,0.0,0.0,0.0,2.0,0.0,0.0,0.0,0.0,0.0,0.0,0.0,0.0,0.0,0.0,0.0,0.0,7.0,,0.0,,0.0,0.0,0.0,,,0.0,0.0,0.0,0.0,43.0,Odisha,Malkangiri
odisha,malkangiri,2022,0.0,0.0,8.0,0.0,0.0,0.0,0.0,0.0,0.0,0.0,0.0,0.0,0.0,0.0,0.0,0.0,,13.0,51.0,0.0,0.0,0.0,0.0,0.0,,0.0,0.0,0.0,0.0,,83.0,Odisha,Malkangiri
odisha,mayurbhanj,2017,0.0,0.0,0.0,0.0,0.0,0.0,0.0,,0.0,0.0,0.0,0.0,0.0,0.0,,0.0,2.0,6.0,5.0,0.0,2.0,0.0,0.0,0.0,0.0,0.0,0.0,0.0,0.0,10.0,25.0,Odisha,Mayurbhanj
odisha,mayurbhanj,2018,0.0,0.0,0.0,,0.0,0.0,0.0,0.0,0.0,0.0,0.0,0.0,0.0,2.0,5.0,0.0,,3.0,4.0,0.0,0.0,0.0,0.0,0.0,0.0,0.0,0.0,0.0,0.0,0.0,14.0,Odisha,Mayurbhanj
odisha,mayurbhanj,2019,0.0,0.0,0.0,0.0,0.0,0.0,0.0,0.0,0.0,0.0,,0.0,0.0,0.0,0.0,0.0,0.0,0.0,14.0,0.0,0.0,0.0,0.0,0.0,,0.0,0.0,0.0,0.0,0.0,,Odisha,Mayurbhanj
odisha,mayurbhanj,2020,0.0,0.0,0.0,0.0,5.0,0.0,0.0,0.0,0.0,,0.0,0.0,0.0,8.0,,0.0,0.0,0.0,58.0,0.0,4.0,0.0,0.0,0.0,0.0,,0.0,0.0,0.0,2.0,64.0,Odisha,Mayurbhanj
odisha,mayurbhanj,2021,0.0,0.0,0.0,0.0,12.0,0.0,0.0,0.0,0.0,0.0,0.0,0.0,0.0,0.0,0.0,0.0,4.0,1.0,69.0,0.0,,0.0,0.0,0.0,0.0,0.0,0.0,0.0,0.0,3.0,77.0,Odisha,Mayurbhanj
odisha,mayurbhanj,2022,0.0,0.0,2.0,,0.0,0.0,0.0,0.0,0.0,0.0,,0.0,0.0,3.0,0.0,0.0,0.0,0.0,,0.0,1.0,0.0,0.0,0.0,0.0,0.0,0.0,0.0,0.0,0.0,46.0,Odisha,Mayurbhanj
odisha,nabarangpur,2017,0.0,0.0,,0.0,0.0,0.0,0.0,0.0,0.0,0.0,0.0,,0.0,0.0,0.0,0.0,0.0,0.0,0.0,0.0,0.0,0.0,0.0,0.0,,0.0,0.0,0.0,,26.0,26.0,Odisha,Nabarangpur
odisha,nabarangpur,2018,0.0,0.0,0.0,0.0,1.0,2.0,0.0,0.0,1.0,0.0,,0.0,,1.0,,0.0,0.0,0.0,0.0,,0.0,3.0,0.0,0.0,0.0,0.0,0.0,0.0,0.0,0.0,3.0,Odisha,Nabarangpur
odisha,nabarangpur,2019,0.0,,0.0,0.0,0.0,0.0,0.0,0.0,2.0,0.0,0.0,0.0,0.0,0.0,0.0,0.0,0.0,0.0,13.0,0.0,0.0,0.0,0.0,0.0,0.0,0.0,0.0,0.0,0.0,0.0,13.0,Odisha,Nabarangpur
odisha,nabarangpur,2020,0.0,0.0,0.0,0.0,0.0,26.0,,0.0,0.0,0.0,0.0,,0.0,0.0,0.0,0.0,0.0,,2.0,,0.0,0.0,0.0,0.0,1.0,0.0,0.0,1.0,0.0,0.0,5.0,Odisha,Nabarangpur
odisha,nabarangpur,2021,0.0,0.0,0.0,0.0,0.0,0.0,0.0,0.0,0.0,0.0,0.0,0.0,0.0,0.0,0.0,0.0,0.0,0.0,0.0,30.0,0.0,,0.0,0.0,0.0,0.0,0.0,0.0,0.0,,30.0,Odisha,Nabarangpur
odisha,nabarangpur,2022,0.0,0.0,0.0,0.0,0.0,0.0,0.0,0.0,2.0,0.0,0.0,0.0,0.0,0.0,0.0,0.0,0.0,0.0,0.0,32.0,0.0,0.0,0.0,0.0,0.0,0.0,0.0,0.0,,0.0,32.0,Odisha,Nabarangpur
odisha,nayagarh,2017,3.0,0.0,,2.0,1.0,5.0,0.0,0.0,0.0,0.0,0.0,0.0,0.0,0.0,0.0,,0.0,0.0,0.0,0.0,0.0,0.0,0.0,0.0,0.0,0.0,0.0,0.0,0.0,0.0,0.0,Odisha,Nayagarh
odisha,nayagarh,2018,0.0,0.0,0.0,0.0,0.0,,,,0.0,0.0,0.0,0.0,0.0,0.0,0.0,,,,6.0,0.0,0.0,0.0,0.0,0.0,0.0,0.0,0.0,0.0,0.0,0.0,11.0,Odisha,Nayagarh
odisha,nayagarh,2019,0.0,0.0,0.0,0.0,0.0,0.0,0.0,0.0,0.0,0.0,0.0,0.0,0.0,0.0,0.0,0.0,1.0,4.0,8.0,0.0,0.0,0.0,0.0,0.0,0.0,0.0,0.0,0.0,0.0,0.0,13.0,Odisha,Nayagarh
odisha,nayagarh,2020,0.0,0.0,0.0,,,0.0,0.0,0.0,0.0,0.0,0.0,0.0,0.0,0.0,0.0,0.0,0.0,0.0,0.0,0.0,,0.0,0.0,0.0,0.0,0.0,0.0,0.0,0.0,7.0,7.0,Odisha,Nayagarh
odisha,nayagarh,2021,,0.0,0.0,0.0,1.0,0.0,0.0,0.0,0.0,0.0,0.0,0.0,0.0,0.0,0.0,0.0,0.0,0.0,0.0,8.0,0.0,0.0,0.0,0.0,0.0,0.0,0.0,0.0,0.0,0.0,8.0,Odisha,Nayagarh
odisha,nayagarh,2022,0.0,,0.0,0.0,0.0,,0.0,0.0,0.0,0.0,,0.0,0.0,0.0,0.0,0.0,3.0,0.0,,0.0,,,0.0,0.0,0.0,0.0,0.0,,0.0,0.0,6.0,Odisha,Nayagarh
odisha,nuapada,2017,0.0,0.0,0.0,0.0,0.0,0.0,0.0,,0.0,0.0,0.0,0.0,0.0,0.0,0.0,0.0,0.0,0.0,,0.0,0.0,0.0,0.0,,0.0,0.0,0.0,0.0,0.0,0.0,11.0,Odisha,Nuapada
odisha,nuapada,2018,0.0,0.0,0.0,0.0,0.0,0.0,0.0,0.0,0.0,0.0,0.0,,0.0,0.0,,0.0,0.0,1.0,6.0,0.0,0.0,0.0,0.0,0.0,0.0,0.0,0.0,,0.0,0.0,7.0,Odisha,Nuapada
odisha,nuapada,2019,0.0,0.0,,0.0,0.0,0.0,0.0,0.0,,0.0,,0.0,0.0,0.0,0.0,0.0,0.0,13.0,,0.0,,0.0,0.0,0.0,0.0,,0.0,0.0,0.0,,18.0,Odisha,Nuapada
odisha,nuapada,2020,0.0,0.0,0.0,,1.0,0.0,0.0,0.0,0.0,0.0,0.0,0.0,0.0,0.0,0.0,,0.0,2.0,12.0,0.0,0.0,0.0,,0.0,,0.0,0.0,,0.0,0.0,14.0,Odisha,Nuapada
odisha,nuapada,2021,0.0,0.0,0.0,0.0,3.0,0.0,0.0,0.0,0.0,0.0,0.0,0.0,,0.0,0.0,0.0,1.0,1.0,11.0,0.0,0.0,0.0,0.0,0.0,0.0,0.0,0.0,0.0,0.0,,13.0,Odisha,Nuapada
odisha,nuapada,2022,0.0,0.0,3.0,0.0,0.0,0.0,0.0,,,0.0,0.0,0.0,0.0,0.0,0.0,0.0,3.0,0.0,2.0,0.0,6.0,0.0,,0.0,0.0,0.0,0.0,0.0,,0.0,11.0,Odisha,Nuapada
odisha,puri,2017,0.0,0.0,0.0,0.0,0.0,0.0,0.0,0.0,0.0,0.0,0.0,0.0,0.0,0.0,0.0,0.0,0.0,4.0,1.0,0.0,0.0,0.0,0.0,0.0,0.0,0.0,,10.0,0.0,0.0,15.0,Odisha,Puri
odisha,puri,2018,0.0,0.0,0.0,0.0,0.0,0.0,0.0,0.0,,0.0,0.0,0.0,0.0,0.0,0.0,0.0,0.0,1.0,0.0,0.0,0.0,0.0,0.0,0.0,0.0,,0.0,0.0,0.0,0.0,1.0,Odisha,Puri
odisha,puri,2019,0.0,,0.0,0.0,0.0,0.0,,0.0,0.0,0.0,0.0,0.0,0.0,0.0,0.0,0.0,2.0,,16.0,0.0,,1.0,0.0,0.0,0.0,0.0,0.0,0.0,0.0,,32.0,Odisha,Puri
odisha,puri,2020,,0.0,0.0,,11.0,0.0,0.0,,0.0,0.0,0.0,0.0,0.0,,0.0,0.0,3.0,3.0,20.0,0.0,0.0,0.0,0.0,0.0,0.0,0.0,,,0.0,0.0,,Odisha,Puri
odisha,puri,2021,,0.0,0.0,0.0,9.0,0.0,0.0,,,0.0,0.0,0.0,0.0,0.0,0.0,0.0,,5.0,30.0,0.0,0.0,,0.0,0.0,0.0,0.0,0.0,0.0,0.0,0.0,39.0,Odisha,Puri
odisha,puri,2022,0.0,,0.0,0.0,12.0,,0.0,,2.0,0.0,0.0,0.0,0.0,0.0,0.0,0.0,2.0,1.0,23.0,,0.0,0.0,0.0,2.0,0.0,0.0,0.0,0.0,0.0,0.0,28.0,Odisha,Puri
odisha,rayagada,2017,0.0,0.0,0.0,0.0,0.0,9.0,0.0,0.0,0.0,0.0,0.0,0.0,0.0,0.0,0.0,0.0,0.0,0.0,0.0,0.0,0.0,0.0,0.0,0.0,0.0,0.0,0.0,0.0,0.0,0.0,,Odisha,Rayagada
odisha,rayagada,2018,0.0,0.0,,0.0,0.0,0.0,,0.0,0.0,,,,0.0,0.0,0.0,0.0,1.0,,5.0,0.0,0.0,0.0,0.0,0.0,0.0,0.0,0.0,0.0,0.0,0.0,,Odisha,Rayagada
odisha,rayagada,2019,0.0,0.0,0.0,0.0,,0.0,0.0,0.0,0.0,0.0,0.0,0.0,0.0,0.0,0.0,0.0,0.0,13.0,19.0,,0.0,0.0,0.0,0.0,0.0,0.0,0.0,0.0,0.0,0.0,32.0,Odisha,Rayagada
odisha,rayagada,2020,0.0,0.0,0.0,0.0,3.0,0.0,0.0,0.0,4.0,0.0,0.0,,0.0,0.0,0.0,0.0,6.0,30.0,9.0,,0.0,,0.0,,0.0,0.0,0.0,0.0,0.0,0.0,45.0,Odisha,Rayagada
odisha,rayagada,2021,0.0,0.0,0.0,0.0,3.0,,,0.0,,,0.0,0.0,0.0,0.0,,,8.0,,15.0,,0.0,0.0,0.0,0.0,0.0,0.0,0.0,0.0,,0.0,40.0,Odisha,Rayagada
odisha,rayagada,2022,0.0,0.0,0.0,0.0,0.0,0.0,0.0,0.0,0.0,0.0,0.0,0.0,0.0,,0.0,0.0,4.0,19.0,1.0,15.0,0.0,0.0,0.0,0.0,,0.0,0.0,,0.0,0.0,39.0,Odisha,Rayagada
odisha,sambalpur,2017,0.0,0.0,0.0,,0.0,0.0,0.0,0.0,0.0,0.0,0.0,0.0,0.0,0.0,0.0,0.0,0.0,10.0,15.0,0.0,0.0,0.0,0.0,,0.0,0.0,0.0,10.0,0.0,0.0,35.0,Odisha,Sambalpur
odisha,sambalpur,2018,0.0,0.0,0.0,,0.0,0.0,0.0,0.0,0.0,0.0,0.0,0.0,0.0,0.0,0.0,0.0,1.0,,22.0,0.0,0.0,1.0,0.0,0.0,0.0,,0.0,0.0,0.0,0.0,32.0,Odisha,Sambalpur
odisha,sambalpur,2019,0.0,0.0,,0.0,0.0,,3.0,0.0,,0.0,0.0,0.0,0.0,0.0,0.0,0.0,1.0,,27.0,0.0,0.0,,0.0,0.0,0.0,0.0,0.0,,0.0,5.0,41.0,Odisha,Sambalpur
odisha,sambalpur,2020,0.0,0.0,0.0,0.0,0.0,0.0,0.0,0.0,0.0,0.0,0.0,0.0,0.0,0.0,0.0,0.0,4.0,5.0,44.0,0.0,0.0,0.0,0.0,0.0,0.0,0.0,0.0,,0.0,0.0,53.0,Odisha,Sambalpur
odisha,sambalpur,2021,0.0,0.0,0.0,0.0,5.0,0.0,0.0,0.0,0.0,0.0,0.0,0.0,0.0,0.0,0.0,0.0,,2.0,0.0,73.0,0.0,0.0,0.0,0.0,0.0,0.0,0.0,0.0,,0.0,76.0,Odisha,Sambalpur
odisha,sambalpur,2022,0.0,0.0,12.0,0.0,0.0,0.0,0.0,0.0,0.0,0.0,0.0,0.0,0.0,15.0,0.0,0.0,6.0,1.0,0.0,40.0,0.0,0.0,,0.0,0.0,,0.0,0.0,0.0,,132.0,Odisha,Sambalpur
odisha,sonepur,2017,0.0,0.0,,0.0,,0.0,0.0,0.0,0.0,0.0,0.0,0.0,0.0,0.0,0.0,0.0,0.0,0.0,0.0,0.0,,1.0,0.0,0.0,,,0.0,0.0,0.0,0.0,1.0,Odisha,Sonepur
odisha,sonepur,2018,0.0,0.0,,0.0,,0.0,0.0,0.0,0.0,0.0,0.0,0.0,0.0,0.0,0.0,0.0,0.0,5.0,0.0,0.0,0.0,0.0,0.0,0.0,0.0,0.0,0.0,0.0,0.0,0.0,,Odisha,Sonepur
odisha,sonepur,2019,0.0,,0.0,0.0,0.0,0.0,0.0,0.0,0.0,0.0,0.0,0.0,0.0,0.0,0.0,0.0,,11.0,0.0,,0.0,,,0.0,0.0,0.0,0.0,0.0,,,12.0,Odisha,Sonepur
odisha,sonepur,2020,0.0,0.0,0.0,0.0,7.0,0.0,,0.0,0.0,0.0,,0.0,0.0,0.0,0.0,0.0,4.0,3.0,2.0,,0.0,0.0,0.0,0.0,0.0,0.0,0.0,0.0,0.0,1.0,10.0,Odisha,Sonepur
odisha,sonepur,2021,0.0,0.0,0.0,0.0,1.0,0.0,0.0,0.0,,0.0,0.0,0.0,0.0,,,0.0,5.0,0.0,1.0,0.0,,0.0,0.0,0.0,0.0,0.0,0.0,0.0,0.0,,7.0,Odisha,Sonepur
odisha,sonepur,2022,0.0,0.0,0.0,0.0,0.0,0.0,0.0,0.0,0.0,0.0,0.0,0.0,0.0,0.0,0.0,0.0,5.0,2.0,5.0,,0.0,0.0,0.0,,0.0,,0.0,0.0,0.0,0.0,12.0,Odisha,Sonepur
odisha,sundargarh,2017,0.0,0.0,0.0,0.0,0.0,0.0,0.0,0.0,0.0,0.0,0.0,0.0,0.0,0.0,0.0,3.0,0.0,9.0,26.0,0.0,1.0,0.0,0.0,0.0,0.0,0.0,0.0,7.0,13.0,11.0,88.0,Odisha,Sundargarh
odisha,sundargarh,2018,0.0,0.0,0.0,0.0,0.0,1.0,0.0,0.0,0.0,0.0,0.0,0.0,0.0,0.0,1.0,0.0,0.0,16.0,11.0,0.0,8.0,0.0,0.0,0.0,0.0,0.0,0.0,0.0,0.0,5.0,41.0,Odisha,Sundargarh
odisha,sundargarh,2019,0.0,0.0,0.0,0.0,0.0,0.0,0.0,0.0,0.0,0.0,0.0,0.0,0.0,1.0,0.0,0.0,2.0,18.0,26.0,0.0,21.0,0.0,0.0,0.0,0.0,0.0,0.0,0.0,0.0,15.0,82.0,Odisha,Sundargarh
odisha,sundargarh,2020,0.0,0.0,0.0,0.0,2.0,0.0,0.0,0.0,0.0,0.0,0.0,0.0,0.0,9.0,0.0,0.0,18.0,23.0,5.0,0.0,16.0,0.0,1.0,0.0,0.0,0.0,0.0,1.0,0.0,7.0,33.0,Odisha,Sundargarh
odisha,sundargarh,2021,0.0,0.0,0.0,0.0,4.0,1.0,0.0,0.0,0.0,0.0,0.0,0.0,0.0,1.0,0.0,1.0,5.0,11.0,16.0,0.0,0.0,11.0,0.0,0.0,0.0,0.0,0.0,0.0,0.0,5.0,65.0,Odisha,Sundargarh
odisha,sundargarh,2022,0.0,11.0,0.0,0.0,0.0,0.0,0.0,0.0,0.0,0.0,0.0,0.0,0.0,0.0,0.0,0.0,4.0,6.0,0.0,0.0,13.0,31.0,0.0,0.0,0.0,0.0,0.0,0.0,0.0,23.0,114.0,Odisha,Sundargarh
puducherry,karaikal,2017,0.0,,,0.0,0.0,0.0,0.0,,0.0,0.0,0.0,0.0,,0.0,0.0,,0.0,0.0,0.0,0.0,0.0,0.0,0.0,0.0,0.0,0.0,0.0,0.0,0.0,0.0,0.0,Puducherry,Karaikal
puducherry,karaikal,2018,0.0,0.0,0.0,0.0,0.0,0.0,0.0,0.0,0.0,0.0,0.0,0.0,0.0,,0.0,0.0,0.0,0.0,0.0,,0.0,0.0,,0.0,0.0,0.0,0.0,,0.0,0.0,,Puducherry,Karaikal
puducherry,karaikal,2019,0.0,0.0,0.0,0.0,,0.0,0.0,,0.0,,0.0,0.0,0.0,0.0,0.0,0.0,0.0,0.0,0.0,0.0,,,0.0,0.0,0.0,0.0,0.0,0.0,0.0,0.0,0.0,Puducherry,Karaikal
puducherry,karaikal,2020,,0.0,0.0,0.0,0.0,0.0,0.0,0.0,0.0,0.0,0.0,0.0,0.0,0.0,0.0,,0.0,0.0,0.0,0.0,0.0,0.0,0.0,0.0,,0.0,0.0,0.0,0.0,0.0,0.0,Puducherry,Karaikal
puducherry,karaikal,2021,0.0,,0.0,0.0,0.0,0.0,,0.0,0.0,0.0,0.0,0.0,0.0,0.0,0.0,0.0,0.0,0.0,0.0,0.0,0.0,0.0,0.0,0.0,,0.0,0.0,0.0,0.0,0.0,0.0,Puducherry,Karaikal
puducherry,karaikal,2022,0.0,0.0,0.0,0.0,0.0,0.0,0.0,0.0,0.0,0.0,0.0,0.0,0.0,0.0,0.0,0.0,0.0,0.0,,0.0,0.0,0.0,0.0,0.0,0.0,0.0,0.0,0.0,0.0,0.0,0.0,Puducherry,Karaikal
puducherry,pondicherry,2017,0.0,0.0,0.0,,0.0,1.0,0.0,0.0,4.0,,0.0,0.0,0.0,0.0,0.0,,0.0,0.0,0.0,0.0,0.0,0.0,,0.0,0.0,0.0,0.0,0.0,0.0,0.0,0.0,Puducherry,Pondicherry
puducherry,pondicherry,2018,0.0,0.0,0.0,0.0,0.0,0.0,0.0,,14.0,0.0,0.0,0.0,0.0,0.0,,,0.0,0.0,0.0,0.0,0.0,0.0,0.0,0.0,,,0.0,0.0,0.0,0.0,0.0,Puducherry,Pondicherry
puducherry,pondicherry,2019,0.0,0.0,0.0,0.0,,2.0,0.0,0.0,0.0,0.0,0.0,,0.0,0.0,0.0,,0.0,0.0,0.0,0.0,0.0,0.0,0.0,0.0,0.0,0.0,0.0,0.0,0.0,,0.0,Puducherry,Pondicherry
puducherry,pondicherry,2020,0.0,0.0,5.0,0.0,5.0,0.0,0.0,0.0,0.0,0.0,0.0,0.0,0.0,0.0,,0.0,,0.0,0.0,0.0,0.0,0.0,0.0,0.0,,0.0,0.0,0.0,0.0,0.0,0.0,Puducherry,Pondicherry
puducherry,pondicherry,2021,0.0,,0.0,0.0,,0.0,0.0,0.0,0.0,0.0,0.0,0.0,0.0,0.0,0.0,,0.0,0.0,0.0,0.0,0.0,0.0,0.0,0.0,0.0,0.0,0.0,0.0,0.0,0.0,0.0,Puducherry,Pondicherry
punjab,amritsar,2017,0.0,0.0,1.0,0.0,0.0,0.0,0.0,0.0,0.0,0.0,,0.0,0.0,0.0,0.0,0.0,0.0,0.0,0.0,0.0,0.0,0.0,0.0,0.0,0.0,0.0,0.0,0.0,1.0,0.0,1.0,Punjab,Amritsar
punjab,amritsar,2018,0.0,0.0,0.0,0.0,0.0,0.0,0.0,0.0,1.0,0.0,0.0,0.0,0.0,0.0,0.0,0.0,0.0,0.0,0.0,0.0,0.0,0.0,0.0,0.0,1.0,0.0,0.0,1.0,0.0,0.0,,Punjab,Amritsar
punjab,amritsar,2019,0.0,0.0,0.0,0.0,1.0,0.0,0.0,0.0,0.0,0.0,0.0,0.0,0.0,0.0,0.0,0.0,0.0,0.0,0.0,0.0,1.0,7.0,0.0,0.0,0.0,0.0,0.0,0.0,0.0,4.0,12.0,Punjab,Amritsar
punjab,amritsar,2020,0.0,0.0,0.0,0.0,3.0,0.0,1.0,0.0,0.0,0.0,0.0,0.0,0.0,0.0,1.0,0.0,0.0,0.0,0.0,0.0,0.0,0.0,0.0,0.0,0.0,0.0,0.0,0.0,0.0,7.0,53.0,Punjab,Amritsar
punjab,amritsar,2021,0.0,0.0,1.0,0.0,1.0,1.0,0.0,0.0,0.0,0.0,0.0,0.0,0.0,14.0,0.0,0.0,0.0,0.0,0.0,0.0,0.0,66.0,0.0,0.0,0.0,0.0,0.0,1.0,0.0,3.0,79.0,Punjab,Amritsar
punjab,amritsar,2022,0.0,0.0,0.0,0.0,2.0,0.0,0.0,0.0,0.0,0.0,0.0,0.0,0.0,0.0,1.0,0.0,0.0,0.0,0.0,0.0,0.0,61.0,0.0,0.0,1.0,0.0,0.0,3.0,0.0,2.0,0.0,Punjab,Amritsar
punjab,barnala,2017,0.0,0.0,0.0,0.0,0.0,1.0,0.0,0.0,0.0,0.0,0.0,0.0,0.0,0.0,0.0,0.0,0.0,0.0,0.0,0.0,0.0,0.0,0.0,0.0,0.0,0.0,0.0,0.0,0.0,0.0,0.0,Punjab,Barnala
punjab,barnala,2018,,0.0,,0.0,0.0,0.0,0.0,0.0,1.0,0.0,0.0,0.0,0.0,0.0,0.0,,0.0,0.0,0.0,0.0,0.0,,0.0,0.0,0.0,0.0,,,0.0,0.0,0.0,Punjab,Barnala
punjab,barnala,2019,0.0,0.0,0.0,0.0,0.0,0.0,,0.0,2.0,0.0,0.0,0.0,0.0,0.0,2.0,0.0,0.0,0.0,0.0,0.0,0.0,0.0,0.0,0.0,0.0,0.0,0.0,0.0,0.0,,2.0,Punjab,Barnala
punjab,barnala,2020,,0.0,,0.0,,,0.0,0.0,1.0,0.0,0.0,0.0,0.0,0.0,,0.0,0.0,0.0,0.0,0.0,0.0,0.0,0.0,,0.0,0.0,0.0,0.0,0.0,0.0,,Punjab,Barnala
punjab,barnala,2021,0.0,0.0,,0.0,5.0,0.0,0.0,0.0,1.0,0.0,0.0,0.0,0.0,0.0,0.0,0.0,0.0,0.0,0.0,0.0,0.0,0.0,0.0,0.0,0.0,0.0,0.0,0.0,0.0,0.0,0.0,Punjab,Barnala
punjab,barnala,2022,0.0,0.0,3.0,0.0,2.0,,0.0,0.0,,0.0,0.0,0.0,0.0,0.0,0.0,,0.0,0.0,0.0,0.0,0.0,0.0,0.0,0.0,0.0,0.0,0.0,0.0,0.0,0.0,0.0,Punjab,Barnala
punjab,bathinda,2017,0.0,0.0,,0.0,0.0,0.0,0.0,0.0,0.0,0.0,0.0,,0.0,5.0,0.0,0.0,0.0,0.0,0.0,0.0,0.0,,0.0,0.0,0.0,0.0,,0.0,0.0,0.0,0.0,Punjab,Bathinda
punjab,bathinda,2018,0.0,0.0,0.0,0.0,0.0,0.0,0.0,0.0,0.0,0.0,0.0,0.0,0.0,6.0,1.0,0.0,0.0,0.0,0.0,0.0,0.0,1.0,0.0,0.0,0.0,0.0,0.0,,0.0,4.0,7.0,Punjab,Bathinda
punjab,bathinda,2019,0.0,0.0,,,,0.0,0.0,0.0,,0.0,0.0,0.0,0.0,4.0,,0.0,0.0,0.0,,0.0,0.0,0.0,0.0,0.0,0.0,,0.0,0.0,0.0,0.0,0.0,Punjab,Bathinda
punjab,bathinda,2020,0.0,0.0,,0.0,0.0,0.0,0.0,0.0,0.0,0.0,0.0,0.0,0.0,3.0,0.0,0.0,0.0,0.0,0.0,0.0,0.0,0.0,0.0,0.0,0.0,0.0,0.0,0.0,,,0.0,Punjab,Bathinda
punjab,bathinda,2021,0.0,0.0,0.0,0.0,0.0,1.0,0.0,0.0,0.0,0.0,0.0,0.0,0.0,0.0,0.0,0.0,0.0,0.0,0.0,0.0,0.0,0.0,,0.0,,0.0,0.0,0.0,0.0,,3.0,Punjab,Bathinda
punjab,faazilka,2021,0.0,0.0,0.0,0.0,0.0,0.0,0.0,0.0,0.0,0.0,0.0,0.0,0.0,8.0,0.0,0.0,0.0,0.0,0.0,0.0,,1.0,0.0,0.0,0.0,0.0,0.0,0.0,0.0,,1.0,Punjab,Faazilka
punjab,faridkot,2017,0.0,0.0,0.0,0.0,0.0,1.0,0.0,0.0,0.0,0.0,0.0,,0.0,0.0,0.0,0.0,0.0,0.0,0.0,0.0,0.0,0.0,,0.0,0.0,0.0,0.0,,0.0,0.0,0.0,Punjab,Faridkot
punjab,faridkot,2018,0.0,0.0,0.0,0.0,0.0,,,0.0,0.0,0.0,0.0,0.0,0.0,0.0,0.0,0.0,0.0,0.0,0.0,0.0,0.0,0.0,0.0,0.0,0.0,0.0,0.0,0.0,0.0,1.0,1.0,Punjab,Faridkot
punjab,faridkot,2019,0.0,0.0,,0.0,1.0,,0.0,0.0,0.0,0.0,0.0,0.0,0.0,0.0,,0.0,,0.0,0.0,,,0.0,0.0,0.0,0.0,0.0,,0.0,0.0,0.0,0.0,Punjab,Faridkot
punjab,faridkot,2020,,0.0,,0.0,0.0,0.0,0.0,0.0,,0.0,0.0,0.0,0.0,0.0,0.0,0.0,0.0,0.0,0.0,0.0,0.0,0.0,0.0,0.0,0.0,1.0,0.0,0.0,0.0,0.0,1.0,Punjab,Faridkot
punjab,faridkot,2022,0.0,0.0,,0.0,1.0,0.0,1.0,0.0,2.0,0.0,0.0,0.0,0.0,0.0,,0.0,0.0,0.0,0.0,0.0,0.0,0.0,0.0,0.0,0.0,0.0,0.0,0.0,,0.0,1.0,Punjab,Faridkot
punjab,fatehgarh sahib,2017,0.0,0.0,0.0,0.0,0.0,0.0,0.0,0.0,0.0,0.0,0.0,0.0,0.0,0.0,0.0,0.0,,0.0,0.0,0.0,0.0,0.0,0.0,0.0,,0.0,0.0,0.0,0.0,0.0,0.0,Punjab,Fatehgarh Sahib
punjab,fatehgarh sahib,2018,0.0,0.0,0.0,0.0,0.0,0.0,,0.0,,0.0,0.0,0.0,,0.0,1.0,0.0,0.0,0.0,0.0,0.0,0.0,0.0,0.0,0.0,,0.0,0.0,0.0,,5.0,6.0,Punjab,Fatehgarh Sahib
punjab,fatehgarh sahib,2019,0.0,0.0,,0.0,0.0,0.0,0.0,0.0,0.0,,0.0,0.0,0.0,0.0,,0.0,0.0,0.0,0.0,0.0,0.0,0.0,0.0,0.0,0.0,0.0,0.0,,0.0,0.0,0.0,Punjab,Fatehgarh Sahib
punjab,fatehgarh sahib,2020,0.0,0.0,0.0,0.0,0.0,0.0,0.0,0.0,0.0,0.0,0.0,0.0,0.0,0.0,0.0,0.0,0.0,0.0,0.0,0.0,0.0,0.0,0.0,0.0,0.0,0.0,0.0,0.0,0.0,2.0,2.0,Punjab,Fatehgarh Sahib
punjab,fatehgarh sahib,2021,0.0,0.0,0.0,0.0,0.0,0.0,0.0,0.0,0.0,0.0,0.0,,0.0,0.0,0.0,0.0,0.0,,0.0,0.0,0.0,0.0,0.0,0.0,3.0,0.0,0.0,1.0,0.0,0.0,4.0,Punjab,Fatehgarh Sahib
punjab,fatehgarh sahib,2022,0.0,0.0,0.0,0.0,0.0,0.0,,0.0,0.0,0.0,0.0,0.0,0.0,0.0,1.0,0.0,0.0,0.0,0.0,0.0,0.0,7.0,1.0,,0.0,0.0,0.0,1.0,0.0,,10.0,Punjab,Fatehgarh Sahib
punjab,fazilka,2017,0.0,0.0,0.0,0.0,0.0,0.0,0.0,0.0,0.0,0.0,0.0,0.0,0.0,4.0,2.0,0.0,,0.0,0.0,0.0,0.0,0.0,0.0,0.0,0.0,1.0,0.0,0.0,0.0,,3.0,Punjab,Fazilka
punjab,fazilka,2018,0.0,0.0,,0.0,0.0,0.0,0.0,,0.0,,0.0,,0.0,6.0,1.0,,0.0,0.0,,0.0,0.0,0.0,,,,0.0,0.0,0.0,0.0,0.0,1.0,Punjab,Fazilka
punjab,fazilka,2019,0.0,0.0,0.0,0.0,0.0,0.0,0.0,0.0,0.0,0.0,0.0,0.0,0.0,4.0,,0.0,0.0,0.0,,0.0,0.0,0.0,0.0,0.0,0.0,0.0,0.0,0.0,0.0,0.0,1.0,Punjab,Fazilka
punjab,fazilka,2020,0.0,0.0,0.0,0.0,0.0,,0.0,0.0,0.0,0.0,0.0,0.0,0.0,11.0,0.0,0.0,0.0,0.0,0.0,0.0,0.0,,0.0,0.0,0.0,,0.0,0.0,0.0,0.0,1.0,Punjab,Fazilka
punjab,fazilka,2022,0.0,0.0,0.0,0.0,0.0,0.0,0.0,0.0,0.0,0.0,0.0,0.0,,8.0,0.0,0.0,0.0,1.0,1.0,,0.0,2.0,0.0,0.0,0.0,,0.0,0.0,0.0,3.0,7.0,Punjab,Fazilka
punjab,ferozepur,2017,0.0,,0.0,0.0,0.0,2.0,0.0,0.0,0.0,0.0,0.0,0.0,0.0,0.0,0.0,,0.0,0.0,0.0,0.0,0.0,0.0,0.0,0.0,0.0,0.0,0.0,0.0,0.0,0.0,0.0,Punjab,Ferozepur
punjab,ferozepur,2018,0.0,0.0,0.0,0.0,0.0,0.0,,0.0,0.0,0.0,0.0,0.0,0.0,,0.0,0.0,0.0,0.0,0.0,0.0,0.0,0.0,0.0,0.0,0.0,,0.0,,0.0,2.0,2.0,Punjab,Ferozepur
punjab,ferozepur,2019,0.0,0.0,0.0,0.0,,0.0,,0.0,0.0,0.0,0.0,,,1.0,0.0,0.0,,0.0,0.0,0.0,0.0,0.0,0.0,0.0,0.0,0.0,0.0,0.0,0.0,0.0,0.0,Punjab,Ferozepur
punjab,ferozepur,2020,0.0,0.0,,0.0,0.0,0.0,0.0,,0.0,,0.0,0.0,0.0,2.0,0.0,0.0,0.0,,0.0,0.0,0.0,0.0,0.0,0.0,0.0,0.0,0.0,0.0,0.0,,0.0,Punjab,Ferozepur
punjab,ferozepur,2021,0.0,0.0,,0.0,0.0,,0.0,0.0,,0.0,0.0,0.0,0.0,3.0,0.0,0.0,0.0,0.0,0.0,0.0,0.0,0.0,0.0,0.0,,0.0,0.0,0.0,0.0,6.0,6.0,Punjab,Ferozepur
punjab,ferozepur,2022,0.0,0.0,0.0,0.0,0.0,0.0,0.0,0.0,0.0,0.0,0.0,0.0,0.0,0.0,0.0,0.0,0.0,0.0,0.0,,0.0,5.0,0.0,0.0,0.0,0.0,0.0,0.0,0.0,3.0,8.0,Punjab,Ferozepur
punjab,gurdaspur,2017,0.0,,0.0,0.0,0.0,0.0,0.0,0.0,0.0,0.0,0.0,0.0,0.0,0.0,0.0,0.0,0.0,0.0,0.0,0.0,0.0,0.0,0.0,0.0,0.0,0.0,0.0,0.0,0.0,0.0,0.0,Punjab,Gurdaspur
punjab,gurdaspur,2018,0.0,0.0,0.0,0.0,1.0,2.0,0.0,0.0,4.0,0.0,0.0,0.0,0.0,0.0,1.0,0.0,0.0,0.0,0.0,0.0,0.0,,0.0,0.0,0.0,0.0,0.0,0.0,0.0,2.0,3.0,Punjab,Gurdaspur
punjab,gurdaspur,2019,0.0,0.0,0.0,0.0,0.0,2.0,0.0,0.0,0.0,0.0,0.0,0.0,0.0,0.0,0.0,0.0,0.0,0.0,0.0,0.0,0.0,0.0,0.0,0.0,0.0,0.0,0.0,0.0,0.0,1.0,1.0,Punjab,Gurdaspur
punjab,gurdaspur,2020,0.0,0.0,0.0,0.0,1.0,4.0,0.0,0.0,1.0,0.0,0.0,0.0,0.0,0.0,1.0,0.0,0.0,0.0,0.0,0.0,0.0,0.0,0.0,0.0,0.0,0.0,0.0,0.0,0.0,0.0,1.0,Punjab,Gurdaspur
punjab,gurdaspur,2021,0.0,0.0,0.0,0.0,1.0,0.0,0.0,0.0,0.0,0.0,0.0,0.0,0.0,0.0,0.0,0.0,,0.0,0.0,0.0,,0.0,0.0,0.0,0.0,0.0,0.0,0.0,0.0,,0.0,Punjab,Gurdaspur
punjab,gurdaspur,2022,0.0,0.0,3.0,1.0,0.0,2.0,0.0,0.0,2.0,0.0,0.0,0.0,0.0,0.0,0.0,0.0,0.0,0.0,0.0,0.0,0.0,16.0,1.0,0.0,0.0,0.0,0.0,1.0,0.0,2.0,23.0,Punjab,Gurdaspur
punjab,hoshiarpur,2017,0.0,,0.0,0.0,1.0,,0.0,,,0.0,0.0,0.0,0.0,0.0,0.0,0.0,0.0,0.0,0.0,0.0,0.0,0.0,,0.0,,0.0,0.0,0.0,0.0,0.0,2.0,Punjab,Hoshiarpur
punjab,hoshiarpur,2018,0.0,1.0,0.0,0.0,0.0,0.0,0.0,0.0,,0.0,0.0,0.0,,0.0,0.0,0.0,0.0,0.0,0.0,0.0,0.0,0.0,0.0,0.0,0.0,0.0,,0.0,0.0,0.0,0.0,Punjab,Hoshiarpur
punjab,hoshiarpur,2019,0.0,0.0,0.0,0.0,0.0,0.0,0.0,,,0.0,0.0,,0.0,1.0,,0.0,0.0,1.0,1.0,0.0,0.0,,0.0,0.0,0.0,0.0,0.0,0.0,0.0,0.0,2.0,Punjab,Hoshiarpur
punjab,hoshiarpur,2020,,,0.0,0.0,0.0,0.0,0.0,0.0,0.0,0.0,0.0,0.0,0.0,0.0,0.0,0.0,,0.0,0.0,,0.0,0.0,0.0,0.0,0.0,0.0,0.0,,0.0,0.0,0.0,Punjab,Hoshiarpur
punjab,hoshiarpur,2021,0.0,0.0,0.0,0.0,0.0,0.0,0.0,0.0,0.0,0.0,0.0,0.0,0.0,1.0,0.0,0.0,0.0,0.0,0.0,0.0,0.0,0.0,0.0,0.0,0.0,0.0,,0.0,0.0,0.0,0.0,Punjab,Hoshiarpur
punjab,jalandhar,2017,0.0,0.0,6.0,0.0,2.0,0.0,0.0,0.0,0.0,0.0,0.0,0.0,0.0,0.0,0.0,0.0,1.0,1.0,0.0,0.0,0.0,4.0,0.0,0.0,,0.0,0.0,0.0,0.0,0.0,5.0,Punjab,Jalandhar
punjab,jalandhar,2018,0.0,0.0,3.0,0.0,0.0,0.0,1.0,0.0,0.0,0.0,0.0,0.0,0.0,0.0,4.0,0.0,0.0,1.0,2.0,0.0,0.0,1.0,0.0,0.0,0.0,0.0,0.0,1.0,0.0,,14.0,Punjab,Jalandhar
punjab,jalandhar,2019,0.0,0.0,0.0,1.0,1.0,1.0,0.0,0.0,0.0,0.0,0.0,0.0,0.0,0.0,1.0,0.0,0.0,0.0,0.0,0.0,0.0,7.0,0.0,0.0,0.0,0.0,0.0,0.0,0.0,6.0,14.0,Punjab,Jalandhar
punjab,jalandhar,2020,0.0,0.0,2.0,0.0,1.0,0.0,0.0,0.0,0.0,0.0,0.0,0.0,0.0,0.0,3.0,0.0,0.0,0.0,0.0,0.0,0.0,7.0,0.0,0.0,0.0,0.0,0.0,2.0,0.0,11.0,23.0,Punjab,Jalandhar
punjab,jalandhar,2021,1.0,0.0,0.0,0.0,0.0,4.0,0.0,0.0,0.0,0.0,0.0,0.0,0.0,0.0,6.0,0.0,0.0,1.0,0.0,0.0,1.0,31.0,0.0,0.0,0.0,0.0,0.0,2.0,0.0,9.0,68.0,Punjab,Jalandhar
punjab,jalandhar,2022,0.0,0.0,2.0,0.0,4.0,44.0,0.0,0.0,0.0,0.0,0.0,0.0,0.0,0.0,6.0,0.0,0.0,0.0,0.0,0.0,0.0,36.0,0.0,,0.0,0.0,0.0,2.0,0.0,4.0,54.0,Punjab,Jalandhar
punjab,kaapurthala,2022,,0.0,0.0,0.0,0.0,0.0,0.0,0.0,1.0,0.0,0.0,0.0,0.0,12.0,3.0,0.0,0.0,0.0,0.0,0.0,0.0,0.0,0.0,0.0,0.0,0.0,0.0,0.0,0.0,0.0,3.0,Punjab,Kaapurthala
punjab,kapurthala,2017,0.0,0.0,,0.0,0.0,0.0,,0.0,0.0,0.0,0.0,0.0,0.0,0.0,,0.0,1.0,0.0,1.0,0.0,0.0,0.0,0.0,0.0,4.0,0.0,0.0,,0.0,4.0,12.0,Punjab,Kapurthala
punjab,kapurthala,2018,0.0,0.0,,,1.0,2.0,0.0,0.0,0.0,0.0,0.0,,0.0,6.0,0.0,0.0,0.0,0.0,0.0,0.0,0.0,0.0,0.0,0.0,0.0,0.0,0.0,0.0,0.0,0.0,0.0,Punjab,Kapurthala
punjab,kapurthala,2019,0.0,0.0,,0.0,,0.0,0.0,0.0,0.0,0.0,0.0,0.0,0.0,1.0,0.0,0.0,0.0,,0.0,0.0,0.0,0.0,0.0,0.0,0.0,,0.0,0.0,0.0,0.0,0.0,Punjab,Kapurthala
punjab,kapurthala,2020,0.0,0.0,0.0,0.0,0.0,4.0,0.0,0.0,0.0,0.0,0.0,0.0,0.0,1.0,1.0,0.0,0.0,0.0,0.0,0.0,0.0,0.0,0.0,0.0,0.0,0.0,,0.0,0.0,,1.0,Punjab,Kapurthala
punjab,kapurthala,2021,0.0,,0.0,0.0,0.0,0.0,0.0,0.0,4.0,,0.0,0.0,,3.0,2.0,0.0,0.0,0.0,0.0,0.0,0.0,0.0,0.0,0.0,0.0,0.0,0.0,0.0,0.0,0.0,2.0,Punjab,Kapurthala
punjab,ludhiana,2017,0.0,0.0,0.0,0.0,1.0,0.0,0.0,0.0,0.0,0.0,0.0,0.0,0.0,3.0,5.0,1.0,0.0,0.0,0.0,0.0,0.0,14.0,0.0,0.0,2.0,0.0,0.0,0.0,0.0,9.0,33.0,Punjab,Ludhiana
punjab,ludhiana,2018,0.0,0.0,0.0,0.0,0.0,0.0,0.0,0.0,0.0,0.0,0.0,0.0,0.0,0.0,2.0,0.0,0.0,,0.0,0.0,1.0,5.0,0.0,0.0,0.0,0.0,0.0,7.0,0.0,6.0,21.0,Punjab,Ludhiana
punjab,ludhiana,2019,1.0,0.0,1.0,0.0,0.0,0.0,0.0,0.0,0.0,0.0,0.0,0.0,0.0,0.0,6.0,0.0,0.0,0.0,0.0,0.0,1.0,0.0,0.0,0.0,0.0,0.0,0.0,4.0,0.0,7.0,37.0,Punjab,Ludhiana
punjab,ludhiana,2020,0.0,0.0,0.0,0.0,0.0,0.0,0.0,0.0,0.0,0.0,0.0,0.0,0.0,2.0,0.0,1.0,1.0,1.0,0.0,0.0,1.0,12.0,0.0,0.0,0.0,0.0,0.0,3.0,0.0,2.0,2.0,Punjab,Ludhiana
punjab,ludhiana,2021,0.0,0.0,0.0,0.0,0.0,0.0,0.0,0.0,3.0,0.0,0.0,0.0,0.0,0.0,3.0,0.0,0.0,0.0,0.0,0.0,0.0,11.0,0.0,0.0,1.0,0.0,0.0,4.0,0.0,17.0,33.0,Punjab,Ludhiana
punjab,ludhiana,2022,0.0,0.0,0.0,0.0,3.0,0.0,0.0,0.0,0.0,0.0,0.0,0.0,0.0,0.0,4.0,1.0,0.0,0.0,0.0,0.0,3.0,39.0,0.0,0.0,0.0,0.0,0.0,4.0,0.0,28.0,79.0,Punjab,Ludhiana
punjab,malerkotla,2022,0.0,0.0,0.0,0.0,0.0,0.0,0.0,0.0,3.0,0.0,0.0,0.0,0.0,0.0,0.0,0.0,0.0,0.0,0.0,0.0,,0.0,0.0,0.0,0.0,0.0,0.0,0.0,0.0,0.0,,Punjab,Malerkotla
punjab,mansa,2017,0.0,0.0,0.0,0.0,0.0,0.0,0.0,0.0,0.0,0.0,0.0,0.0,0.0,0.0,0.0,,0.0,0.0,0.0,0.0,0.0,0.0,0.0,0.0,0.0,0.0,0.0,0.0,0.0,4.0,4.0,Punjab,Mansa
punjab,mansa,2018,0.0,0.0,0.0,0.0,0.0,0.0,0.0,0.0,0.0,0.0,0.0,0.0,0.0,0.0,,0.0,0.0,0.0,0.0,,0.0,0.0,0.0,0.0,0.0,0.0,0.0,0.0,0.0,1.0,1.0,Punjab,Mansa
punjab,mansa,2019,0.0,0.0,0.0,0.0,0.0,0.0,0.0,0.0,0.0,,0.0,0.0,,1.0,,0.0,0.0,,0.0,,3.0,0.0,0.0,0.0,0.0,0.0,0.0,0.0,0.0,7.0,10.0,Punjab,Mansa
punjab,mansa,2020,0.0,0.0,0.0,0.0,0.0,0.0,0.0,0.0,0.0,0.0,0.0,0.0,0.0,,0.0,0.0,0.0,0.0,0.0,0.0,0.0,2.0,0.0,,0.0,0.0,0.0,0.0,0.0,6.0,8.0,Punjab,Mansa
punjab,mansa,2021,,,0.0,0.0,0.0,0.0,0.0,0.0,0.0,0.0,0.0,0.0,0.0,3.0,0.0,,0.0,0.0,0.0,0.0,0.0,0.0,0.0,0.0,0.0,0.0,,1.0,0.0,7.0,8.0,Punjab,Mansa
punjab,mansa,2022,0.0,0.0,0.0,0.0,0.0,0.0,0.0,0.0,0.0,0.0,0.0,0.0,0.0,1.0,,0.0,0.0,0.0,0.0,0.0,1.0,0.0,0.0,0.0,0.0,0.0,0.0,0.0,0.0,0.0,1.0,Punjab,Mansa
punjab,moga,2017,0.0,0.0,0.0,0.0,0.0,0.0,0.0,,1.0,0.0,0.0,0.0,0.0,,0.0,0.0,,0.0,0.0,0.0,0.0,0.0,0.0,0.0,0.0,0.0,0.0,1.0,,1.0,2.0,Punjab,Moga
punjab,moga,2018,0.0,0.0,0.0,0.0,1.0,1.0,1.0,,3.0,0.0,0.0,0.0,0.0,0.0,1.0,0.0,0.0,0.0,,0.0,0.0,0.0,0.0,,0.0,0.0,,0.0,,3.0,4.0,Punjab,Moga
punjab,moga,2019,0.0,0.0,,0.0,4.0,0.0,0.0,0.0,0.0,0.0,,0.0,0.0,0.0,0.0,0.0,0.0,0.0,0.0,0.0,0.0,,0.0,0.0,0.0,0.0,0.0,1.0,0.0,,,Punjab,Moga
punjab,moga,2021,0.0,0.0,0.0,0.0,2.0,0.0,0.0,1.0,,0.0,0.0,0.0,0.0,,0.0,0.0,0.0,0.0,1.0,0.0,0.0,2.0,0.0,0.0,0.0,0.0,,2.0,0.0,0.0,,Punjab,Moga
punjab,moga,2022,0.0,1.0,0.0,0.0,,0.0,,0.0,0.0,0.0,0.0,0.0,0.0,0.0,0.0,0.0,0.0,,7.0,0.0,0.0,1.0,0.0,0.0,0.0,1.0,0.0,0.0,0.0,0.0,10.0,Punjab,Moga
punjab,paatiala,2017,0.0,0.0,0.0,0.0,0.0,0.0,0.0,0.0,6.0,0.0,0.0,0.0,0.0,0.0,0.0,0.0,0.0,0.0,0.0,0.0,,0.0,0.0,0.0,,0.0,0.0,0.0,0.0,0.0,0.0,Punjab,Paatiala
punjab,pathankot,2017,0.0,0.0,0.0,0.0,1.0,0.0,0.0,0.0,1.0,0.0,0.0,,0.0,0.0,,0.0,0.0,0.0,0.0,0.0,0.0,0.0,0.0,,0.0,0.0,0.0,0.0,1.0,0.0,,Punjab,Pathankot
punjab,pathankot,2018,0.0,0.0,1.0,0.0,,5.0,0.0,,0.0,0.0,0.0,0.0,,0.0,0.0,0.0,0.0,0.0,0.0,0.0,0.0,0.0,0.0,0.0,0.0,0.0,0.0,0.0,0.0,1.0,1.0,Punjab,Pathankot
punjab,pathankot,2019,0.0,0.0,0.0,0.0,1.0,0.0,0.0,0.0,1.0,0.0,0.0,0.0,0.0,0.0,0.0,0.0,,0.0,,,0.0,,0.0,0.0,0.0,0.0,0.0,,0.0,0.0,0.0,Punjab,Pathankot
punjab,pathankot,2020,0.0,0.0,2.0,0.0,0.0,12.0,0.0,0.0,0.0,,0.0,0.0,0.0,,0.0,0.0,0.0,0.0,0.0,0.0,0.0,0.0,0.0,0.0,0.0,0.0,0.0,0.0,0.0,,0.0,Punjab,Pathankot
punjab,pathankot,2021,0.0,0.0,0.0,0.0,0.0,12.0,0.0,0.0,0.0,0.0,,0.0,0.0,0.0,0.0,0.0,0.0,0.0,0.0,0.0,0.0,0.0,0.0,0.0,0.0,0.0,0.0,0.0,0.0,0.0,0.0,Punjab,Pathankot
punjab,pathankot,2022,0.0,0.0,0.0,0.0,0.0,16.0,0.0,0.0,1.0,0.0,0.0,0.0,0.0,0.0,0.0,0.0,0.0,0.0,0.0,0.0,0.0,0.0,0.0,0.0,0.0,0.0,0.0,0.0,,0.0,,Punjab,Pathankot
punjab,patiala,2017,0.0,,0.0,0.0,0.0,0.0,0.0,0.0,0.0,0.0,0.0,0.0,,0.0,0.0,0.0,0.0,0.0,0.0,0.0,0.0,0.0,0.0,0.0,0.0,0.0,0.0,0.0,,1.0,1.0,Punjab,Patiala
punjab,patiala,2018,0.0,0.0,0.0,0.0,0.0,3.0,0.0,0.0,0.0,0.0,0.0,0.0,0.0,0.0,0.0,0.0,0.0,0.0,0.0,0.0,0.0,0.0,0.0,0.0,0.0,0.0,0.0,0.0,0.0,0.0,0.0,Punjab,Patiala
punjab,patiala,2019,0.0,0.0,0.0,0.0,1.0,0.0,0.0,0.0,0.0,0.0,0.0,0.0,0.0,0.0,0.0,0.0,0.0,0.0,0.0,0.0,0.0,0.0,0.0,0.0,0.0,0.0,0.0,0.0,0.0,0.0,0.0,Punjab,Patiala
punjab,patiala,2020,0.0,,0.0,,0.0,0.0,,0.0,0.0,0.0,0.0,0.0,0.0,0.0,0.0,,,,0.0,0.0,0.0,0.0,,0.0,0.0,0.0,0.0,0.0,0.0,0.0,0.0,Punjab,Patiala
punjab,patiala,2021,0.0,0.0,0.0,0.0,0.0,0.0,1.0,0.0,9.0,0.0,0.0,0.0,0.0,0.0,1.0,0.0,0.0,0.0,0.0,0.0,2.0,2.0,0.0,0.0,0.0,0.0,0.0,0.0,0.0,2.0,7.0,Punjab,Patiala
punjab,patiala,2022,0.0,0.0,0.0,0.0,1.0,0.0,1.0,0.0,4.0,0.0,0.0,0.0,0.0,0.0,0.0,0.0,0.0,0.0,3.0,0.0,1.0,0.0,0.0,0.0,1.0,0.0,0.0,0.0,0.0,0.0,5.0,Punjab,Patiala
punjab,rupnagar,2017,0.0,,0.0,0.0,0.0,0.0,0.0,0.0,0.0,0.0,,0.0,0.0,0.0,0.0,0.0,,0.0,0.0,0.0,0.0,0.0,0.0,0.0,0.0,0.0,0.0,,0.0,0.0,0.0,Punjab,Rupnagar
punjab,rupnagar,2018,0.0,0.0,0.0,0.0,0.0,1.0,0.0,,0.0,0.0,0.0,0.0,0.0,0.0,3.0,0.0,0.0,0.0,0.0,0.0,0.0,1.0,1.0,0.0,0.0,0.0,0.0,0.0,0.0,3.0,8.0,Punjab,Rupnagar
punjab,rupnagar,2019,0.0,0.0,0.0,,0.0,0.0,0.0,0.0,0.0,0.0,0.0,,,0.0,0.0,0.0,0.0,0.0,0.0,0.0,0.0,0.0,0.0,0.0,,,,,,0.0,0.0,Punjab,Rupnagar
punjab,rupnagar,2020,0.0,0.0,0.0,0.0,0.0,0.0,0.0,0.0,0.0,0.0,0.0,0.0,0.0,0.0,0.0,0.0,0.0,,0.0,0.0,0.0,0.0,0.0,0.0,0.0,0.0,0.0,0.0,0.0,,0.0,Punjab,Rupnagar
punjab,rupnagar,2021,0.0,0.0,0.0,0.0,0.0,0.0,0.0,0.0,0.0,0.0,0.0,0.0,,0.0,2.0,0.0,0.0,0.0,1.0,0.0,0.0,2.0,0.0,,,0.0,0.0,0.0,0.0,6.0,11.0,Punjab,Rupnagar
punjab,rupnagar,2022,0.0,0.0,0.0,0.0,0.0,0.0,0.0,0.0,0.0,0.0,,0.0,0.0,0.0,0.0,0.0,0.0,0.0,0.0,0.0,0.0,0.0,0.0,0.0,0.0,0.0,,0.0,0.0,0.0,,Punjab,Rupnagar
punjab,s.a.s nagar,2017,0.0,0.0,0.0,0.0,0.0,0.0,0.0,0.0,0.0,0.0,0.0,0.0,0.0,0.0,0.0,0.0,0.0,0.0,0.0,0.0,0.0,0.0,0.0,0.0,0.0,0.0,0.0,0.0,0.0,0.0,0.0,Punjab,S.A.S Nagar
punjab,s.a.s nagar,2018,0.0,0.0,0.0,0.0,0.0,0.0,0.0,0.0,0.0,0.0,0.0,0.0,0.0,0.0,0.0,0.0,0.0,0.0,0.0,0.0,0.0,0.0,0.0,0.0,0.0,0.0,0.0,1.0,0.0,0.0,1.0,Punjab,S.A.S Nagar
punjab,s.a.s nagar,2019,0.0,0.0,0.0,0.0,0.0,0.0,0.0,0.0,0.0,0.0,0.0,0.0,0.0,0.0,0.0,0.0,0.0,0.0,0.0,0.0,0.0,0.0,0.0,0.0,0.0,0.0,0.0,0.0,0.0,0.0,0.0,Punjab,S.A.S Nagar
punjab,s.a.s nagar,2020,0.0,0.0,0.0,0.0,0.0,0.0,0.0,0.0,0.0,0.0,0.0,0.0,0.0,0.0,0.0,0.0,0.0,0.0,0.0,0.0,0.0,0.0,0.0,0.0,0.0,0.0,0.0,0.0,0.0,2.0,2.0,Punjab,S.A.S Nagar
punjab,s.a.s nagar,2021,0.0,0.0,0.0,0.0,0.0,0.0,0.0,0.0,0.0,0.0,0.0,0.0,0.0,0.0,0.0,0.0,0.0,0.0,0.0,0.0,0.0,0.0,0.0,0.0,0.0,0.0,0.0,0.0,0.0,0.0,0.0,Punjab,S.A.S Nagar
punjab,s.a.s nagar,2022,0.0,0.0,0.0,0.0,0.0,0.0,0.0,0.0,0.0,0.0,0.0,0.0,0.0,0.0,0.0,0.0,0.0,0.0,0.0,0.0,0.0,0.0,0.0,0.0,0.0,0.0,0.0,0.0,0.0,0.0,0.0,Punjab,S.A.S Nagar
punjab,sangrur,2017,0.0,0.0,0.0,0.0,0.0,0.0,0.0,0.0,8.0,0.0,0.0,0.0,0.0,0.0,0.0,0.0,0.0,0.0,0.0,0.0,0.0,0.0,0.0,0.0,0.0,0.0,0.0,0.0,,0.0,0.0,Punjab,Sangrur
punjab,sangrur,2018,,0.0,0.0,0.0,0.0,0.0,0.0,0.0,7.0,0.0,0.0,0.0,0.0,0.0,0.0,0.0,0.0,0.0,0.0,0.0,0.0,1.0,0.0,0.0,,0.0,0.0,0.0,0.0,,6.0,Punjab,Sangrur
punjab,sangrur,2019,0.0,0.0,0.0,0.0,0.0,,,0.0,8.0,0.0,0.0,,0.0,0.0,0.0,0.0,0.0,10.0,0.0,0.0,0.0,0.0,0.0,0.0,0.0,0.0,0.0,0.0,0.0,,12.0,Punjab,Sangrur
punjab,sangrur,2020,0.0,0.0,0.0,0.0,0.0,,0.0,0.0,41.0,0.0,0.0,0.0,0.0,,0.0,0.0,0.0,0.0,0.0,0.0,0.0,0.0,0.0,0.0,0.0,0.0,0.0,0.0,0.0,0.0,0.0,Punjab,Sangrur
punjab,sangrur,2021,0.0,,0.0,0.0,0.0,0.0,0.0,0.0,,0.0,,0.0,0.0,0.0,0.0,0.0,0.0,0.0,0.0,0.0,0.0,0.0,0.0,0.0,0.0,0.0,0.0,0.0,0.0,,0.0,Punjab,Sangrur
punjab,sangrur,2022,0.0,0.0,,0.0,0.0,0.0,0.0,0.0,22.0,0.0,0.0,0.0,0.0,0.0,0.0,,0.0,,0.0,0.0,0.0,0.0,0.0,0.0,0.0,0.0,0.0,0.0,0.0,0.0,0.0,Punjab,Sangrur
punjab,sas nagar,2017,1.0,0.0,0.0,0.0,2.0,5.0,0.0,0.0,0.0,0.0,0.0,0.0,0.0,0.0,0.0,0.0,0.0,0.0,0.0,0.0,0.0,0.0,0.0,0.0,0.0,0.0,0.0,0.0,0.0,0.0,2.0,Punjab,Sas Nagar
punjab,sas nagar,2018,0.0,,0.0,1.0,0.0,4.0,0.0,0.0,0.0,0.0,0.0,0.0,0.0,4.0,0.0,0.0,0.0,0.0,0.0,0.0,0.0,0.0,0.0,0.0,0.0,0.0,,,0.0,0.0,0.0,Punjab,Sas Nagar
punjab,sas nagar,2019,0.0,0.0,0.0,0.0,1.0,0.0,0.0,1.0,0.0,0.0,0.0,0.0,0.0,0.0,2.0,1.0,1.0,3.0,8.0,0.0,1.0,3.0,2.0,1.0,1.0,0.0,0.0,4.0,0.0,1.0,28.0,Punjab,Sas Nagar
punjab,sas nagar,2020,2.0,0.0,4.0,0.0,0.0,2.0,0.0,0.0,0.0,0.0,0.0,0.0,0.0,0.0,3.0,0.0,0.0,0.0,0.0,0.0,0.0,0.0,0.0,0.0,0.0,0.0,0.0,0.0,0.0,0.0,3.0,Punjab,Sas Nagar
punjab,sas nagar,2021,0.0,0.0,6.0,0.0,9.0,0.0,0.0,0.0,0.0,0.0,0.0,0.0,0.0,0.0,8.0,0.0,0.0,0.0,0.0,0.0,13.0,0.0,1.0,1.0,0.0,0.0,0.0,0.0,0.0,8.0,0.0,Punjab,Sas Nagar
punjab,sas nagar,2022,0.0,0.0,3.0,0.0,11.0,5.0,4.0,0.0,0.0,0.0,0.0,0.0,0.0,0.0,5.0,0.0,2.0,3.0,2.0,1.0,13.0,0.0,2.0,1.0,0.0,0.0,0.0,0.0,0.0,1.0,0.0,Punjab,Sas Nagar
punjab,shahid bhagat singh nagar,2017,0.0,0.0,,0.0,0.0,0.0,0.0,0.0,0.0,0.0,0.0,0.0,0.0,0.0,0.0,0.0,0.0,0.0,0.0,0.0,,0.0,0.0,,0.0,0.0,0.0,0.0,0.0,0.0,0.0,Punjab,Shahid Bhagat Singh Nagar
punjab,shahid bhagat singh nagar,2018,0.0,0.0,0.0,0.0,0.0,0.0,0.0,0.0,0.0,0.0,0.0,0.0,0.0,0.0,1.0,0.0,0.0,0.0,,0.0,0.0,1.0,0.0,0.0,0.0,0.0,0.0,,0.0,0.0,,Punjab,Shahid Bhagat Singh Nagar
punjab,shahid bhagat singh nagar,2019,0.0,0.0,0.0,0.0,,,0.0,0.0,0.0,0.0,0.0,0.0,0.0,0.0,,0.0,0.0,0.0,0.0,0.0,,0.0,0.0,0.0,0.0,,,0.0,,0.0,,Punjab,Shahid Bhagat Singh Nagar
punjab,shahid bhagat singh nagar,2020,0.0,0.0,0.0,,0.0,,0.0,0.0,,0.0,0.0,0.0,,0.0,3.0,0.0,0.0,1.0,1.0,1.0,0.0,0.0,0.0,0.0,,0.0,0.0,,0.0,5.0,,Punjab,Shahid Bhagat Singh Nagar
punjab,shahid bhagat singh nagar,2021,,0.0,0.0,0.0,0.0,0.0,0.0,0.0,0.0,0.0,0.0,0.0,0.0,0.0,0.0,,1.0,0.0,3.0,0.0,0.0,,0.0,,0.0,0.0,0.0,4.0,0.0,,11.0,Punjab,Shahid Bhagat Singh Nagar
punjab,shahid bhagat singh nagar,2022,0.0,0.0,0.0,0.0,0.0,0.0,0.0,0.0,0.0,0.0,0.0,0.0,0.0,0.0,0.0,0.0,0.0,0.0,0.0,0.0,0.0,,0.0,0.0,,0.0,0.0,0.0,0.0,11.0,13.0,Punjab,Shahid Bhagat Singh Nagar
punjab,sri muktsaar sahib,2019,0.0,0.0,0.0,0.0,0.0,0.0,0.0,0.0,0.0,,,0.0,0.0,0.0,1.0,0.0,1.0,0.0,0.0,0.0,3.0,0.0,1.0,0.0,0.0,0.0,,1.0,0.0,0.0,7.0,Punjab,Sri Muktsaar Sahib
punjab,sri muktsar sahib,2017,0.0,0.0,,0.0,0.0,0.0,0.0,0.0,0.0,,0.0,0.0,0.0,0.0,0.0,0.0,,0.0,0.0,0.0,0.0,0.0,0.0,0.0,0.0,0.0,0.0,,0.0,0.0,0.0,Punjab,Sri Muktsar Sahib
punjab,sri muktsar sahib,2018,0.0,0.0,0.0,0.0,0.0,0.0,0.0,0.0,,0.0,,0.0,0.0,0.0,1.0,0.0,0.0,0.0,0.0,0.0,0.0,1.0,0.0,0.0,0.0,0.0,0.0,0.0,0.0,5.0,7.0,Punjab,Sri Muktsar Sahib
punjab,sri muktsar sahib,2020,0.0,0.0,0.0,,0.0,0.0,0.0,0.0,0.0,0.0,0.0,,0.0,2.0,0.0,0.0,0.0,0.0,0.0,0.0,3.0,0.0,2.0,0.0,0.0,0.0,0.0,,0.0,4.0,9.0,Punjab,Sri Muktsar Sahib
punjab,sri muktsar sahib,2021,0.0,0.0,0.0,0.0,0.0,0.0,0.0,0.0,1.0,0.0,0.0,0.0,,0.0,1.0,0.0,0.0,0.0,0.0,0.0,4.0,0.0,0.0,0.0,0.0,0.0,0.0,0.0,,6.0,11.0,Punjab,Sri Muktsar Sahib
punjab,sri muktsar sahib,2022,0.0,,0.0,0.0,0.0,0.0,0.0,0.0,0.0,0.0,0.0,0.0,0.0,0.0,1.0,,0.0,0.0,0.0,0.0,5.0,,0.0,0.0,0.0,0.0,0.0,1.0,0.0,4.0,11.0,Punjab,Sri Muktsar Sahib
punjab,tarn taran,2017,0.0,0.0,0.0,0.0,0.0,0.0,0.0,0.0,0.0,0.0,0.0,0.0,,0.0,0.0,0.0,0.0,0.0,0.0,0.0,0.0,0.0,0.0,0.0,0.0,0.0,0.0,0.0,0.0,0.0,0.0,Punjab,Tarn Taran
punjab,tarn taran,2018,0.0,0.0,0.0,0.0,0.0,0.0,0.0,,0.0,0.0,0.0,0.0,0.0,0.0,0.0,0.0,0.0,0.0,0.0,0.0,0.0,1.0,0.0,0.0,0.0,0.0,0.0,0.0,,1.0,2.0,Punjab,Tarn Taran
punjab,tarn taran,2019,0.0,0.0,0.0,1.0,0.0,3.0,0.0,0.0,0.0,0.0,0.0,0.0,0.0,0.0,0.0,,0.0,,,,0.0,,,0.0,0.0,0.0,0.0,0.0,0.0,0.0,2.0,Punjab,Tarn Taran
punjab,tarn taran,2020,0.0,0.0,5.0,0.0,0.0,0.0,1.0,0.0,,0.0,0.0,0.0,0.0,0.0,0.0,0.0,0.0,0.0,0.0,0.0,0.0,0.0,0.0,,0.0,0.0,0.0,0.0,0.0,,0.0,Punjab,Tarn Taran
punjab,tarn taran,2021,0.0,0.0,1.0,,0.0,0.0,0.0,,,0.0,0.0,0.0,0.0,0.0,0.0,0.0,0.0,0.0,0.0,0.0,0.0,0.0,0.0,0.0,0.0,0.0,0.0,0.0,0.0,0.0,0.0,Punjab,Tarn Taran
punjab,tarn taran,2022,0.0,0.0,1.0,0.0,,0.0,1.0,0.0,,0.0,0.0,0.0,0.0,0.0,0.0,0.0,1.0,0.0,2.0,0.0,0.0,0.0,0.0,0.0,0.0,0.0,0.0,0.0,0.0,1.0,4.0,Punjab,Tarn Taran
rajasthan,ajmer,2017,0.0,1.0,2.0,0.0,5.0,0.0,0.0,0.0,0.0,0.0,0.0,0.0,0.0,0.0,1.0,0.0,0.0,2.0,1.0,2.0,4.0,1.0,0.0,0.0,0.0,0.0,0.0,0.0,0.0,1.0,,Rajasthan,Ajmer
rajasthan,ajmer,2018,0.0,0.0,1.0,0.0,0.0,3.0,0.0,0.0,0.0,0.0,0.0,0.0,0.0,3.0,1.0,0.0,0.0,0.0,0.0,0.0,2.0,9.0,0.0,0.0,0.0,0.0,0.0,1.0,0.0,9.0,22.0,Rajasthan,Ajmer
rajasthan,ajmer,2019,,1.0,3.0,1.0,3.0,7.0,2.0,0.0,10.0,0.0,0.0,0.0,0.0,0.0,0.0,0.0,0.0,3.0,25.0,9.0,0.0,5.0,0.0,0.0,0.0,0.0,0.0,2.0,0.0,22.0,68.0,Rajasthan,Ajmer
rajasthan,ajmer,2020,1.0,0.0,1.0,0.0,6.0,3.0,1.0,0.0,1.0,0.0,0.0,0.0,0.0,0.0,3.0,0.0,4.0,0.0,2.0,7.0,6.0,2.0,1.0,0.0,0.0,0.0,0.0,8.0,3.0,45.0,81.0,Rajasthan,Ajmer
rajasthan,ajmer,2021,0.0,0.0,1.0,0.0,1.0,0.0,1.0,0.0,1.0,0.0,0.0,0.0,0.0,0.0,3.0,2.0,0.0,2.0,5.0,5.0,7.0,0.0,2.0,3.0,0.0,0.0,0.0,2.0,0.0,44.0,2.0,Rajasthan,Ajmer
rajasthan,ajmer,2022,0.0,0.0,0.0,2.0,0.0,9.0,0.0,0.0,0.0,0.0,0.0,0.0,0.0,0.0,6.0,0.0,0.0,0.0,3.0,0.0,5.0,15.0,1.0,0.0,0.0,0.0,0.0,14.0,0.0,25.0,69.0,Rajasthan,Ajmer
rajasthan,alwaar,2017,0.0,0.0,,2.0,0.0,0.0,0.0,0.0,0.0,0.0,,0.0,0.0,0.0,0.0,0.0,0.0,0.0,0.0,0.0,0.0,,0.0,0.0,0.0,0.0,0.0,0.0,0.0,0.0,0.0,Rajasthan,Alwaar
rajasthan,alwar,2018,0.0,0.0,0.0,6.0,0.0,13.0,0.0,0.0,0.0,0.0,0.0,,0.0,,,,0.0,0.0,0.0,0.0,,0.0,0.0,,0.0,0.0,0.0,0.0,0.0,,19.0,Rajasthan,Alwar
rajasthan,alwar,2019,0.0,0.0,6.0,0.0,7.0,59.0,0.0,0.0,0.0,0.0,0.0,0.0,0.0,0.0,0.0,0.0,0.0,0.0,0.0,,,0.0,0.0,0.0,0.0,0.0,0.0,0.0,,0.0,7.0,Rajasthan,Alwar
rajasthan,alwar,2020,0.0,0.0,0.0,0.0,,25.0,0.0,,0.0,0.0,0.0,,,0.0,,0.0,0.0,23.0,0.0,24.0,0.0,0.0,,0.0,0.0,0.0,0.0,0.0,0.0,0.0,,Rajasthan,Alwar
rajasthan,alwar,2021,0.0,0.0,,0.0,3.0,37.0,0.0,0.0,0.0,0.0,0.0,0.0,0.0,0.0,0.0,0.0,0.0,,25.0,0.0,0.0,0.0,0.0,0.0,,0.0,0.0,0.0,0.0,0.0,64.0,Rajasthan,Alwar
rajasthan,alwar,2022,,0.0,0.0,0.0,0.0,42.0,0.0,0.0,,0.0,0.0,0.0,0.0,0.0,0.0,,0.0,53.0,42.0,0.0,,0.0,0.0,0.0,0.0,0.0,0.0,,0.0,0.0,95.0,Rajasthan,Alwar
rajasthan,banswara,2017,0.0,0.0,,0.0,0.0,0.0,0.0,0.0,0.0,0.0,0.0,0.0,0.0,,0.0,0.0,0.0,,0.0,0.0,0.0,0.0,0.0,0.0,0.0,0.0,0.0,0.0,0.0,3.0,4.0,Rajasthan,Banswara
rajasthan,banswara,2019,0.0,0.0,0.0,0.0,0.0,0.0,0.0,0.0,0.0,0.0,0.0,0.0,0.0,0.0,0.0,0.0,0.0,0.0,1.0,0.0,0.0,0.0,0.0,0.0,0.0,0.0,0.0,0.0,0.0,2.0,3.0,Rajasthan,Banswara
rajasthan,banswara,2020,0.0,0.0,0.0,0.0,0.0,0.0,,0.0,0.0,0.0,,0.0,0.0,0.0,0.0,0.0,0.0,0.0,0.0,0.0,0.0,0.0,,0.0,0.0,0.0,,,,1.0,1.0,Rajasthan,Banswara
rajasthan,banswara,2021,0.0,,,0.0,0.0,0.0,0.0,0.0,0.0,0.0,0.0,0.0,0.0,0.0,,0.0,0.0,0.0,0.0,0.0,0.0,2.0,0.0,,0.0,0.0,0.0,0.0,0.0,7.0,9.0,Rajasthan,Banswara
rajasthan,banswara,2022,0.0,0.0,0.0,0.0,0.0,0.0,0.0,0.0,0.0,0.0,0.0,0.0,0.0,1.0,0.0,0.0,0.0,0.0,0.0,0.0,0.0,1.0,0.0,0.0,0.0,0.0,0.0,0.0,0.0,10.0,11.0,Rajasthan,Banswara
rajasthan,baran,2019,0.0,0.0,0.0,0.0,0.0,1.0,0.0,0.0,0.0,0.0,0.0,0.0,0.0,0.0,0.0,0.0,0.0,0.0,1.0,0.0,0.0,0.0,,,0.0,0.0,0.0,0.0,0.0,0.0,1.0,Rajasthan,Baran
rajasthan,baran,2020,0.0,0.0,0.0,0.0,0.0,0.0,0.0,0.0,0.0,0.0,0.0,0.0,,0.0,0.0,0.0,0.0,0.0,0.0,0.0,0.0,3.0,,0.0,0.0,0.0,0.0,0.0,0.0,2.0,5.0,Rajasthan,Baran
rajasthan,baran,2021,0.0,0.0,0.0,0.0,1.0,1.0,1.0,1.0,0.0,0.0,0.0,0.0,0.0,0.0,7.0,0.0,0.0,0.0,0.0,0.0,2.0,0.0,0.0,0.0,0.0,,0.0,3.0,2.0,2.0,16.0,Rajasthan,Baran
rajasthan,baran,2022,0.0,0.0,0.0,0.0,0.0,0.0,0.0,0.0,0.0,0.0,0.0,1.0,0.0,0.0,,0.0,,,0.0,0.0,2.0,0.0,0.0,0.0,2.0,0.0,0.0,0.0,0.0,0.0,8.0,Rajasthan,Baran
rajasthan,barmer,2017,0.0,0.0,0.0,,0.0,,0.0,0.0,0.0,0.0,0.0,,0.0,0.0,0.0,0.0,0.0,0.0,0.0,0.0,0.0,8.0,0.0,0.0,0.0,0.0,,0.0,0.0,6.0,14.0,Rajasthan,Barmer
rajasthan,barmer,2018,0.0,0.0,0.0,0.0,0.0,0.0,0.0,0.0,,0.0,0.0,0.0,0.0,0.0,,0.0,0.0,0.0,0.0,0.0,0.0,5.0,0.0,0.0,0.0,0.0,0.0,1.0,0.0,0.0,6.0,Rajasthan,Barmer
rajasthan,barmer,2019,0.0,0.0,0.0,,0.0,,0.0,0.0,0.0,0.0,0.0,0.0,0.0,0.0,0.0,0.0,0.0,0.0,12.0,,,5.0,0.0,0.0,0.0,0.0,0.0,,0.0,16.0,39.0,Rajasthan,Barmer
rajasthan,barmer,2020,0.0,0.0,,0.0,0.0,0.0,0.0,0.0,,0.0,0.0,0.0,0.0,0.0,,0.0,0.0,0.0,0.0,0.0,0.0,3.0,0.0,0.0,0.0,0.0,0.0,3.0,0.0,35.0,41.0,Rajasthan,Barmer
rajasthan,barmer,2021,0.0,,0.0,0.0,0.0,0.0,0.0,0.0,0.0,0.0,0.0,0.0,0.0,0.0,0.0,0.0,0.0,0.0,0.0,,0.0,9.0,0.0,0.0,0.0,,,5.0,0.0,52.0,66.0,Rajasthan,Barmer
rajasthan,barmer,2022,0.0,0.0,0.0,0.0,0.0,0.0,0.0,0.0,9.0,,0.0,,0.0,0.0,0.0,0.0,0.0,0.0,0.0,0.0,0.0,5.0,0.0,0.0,0.0,0.0,0.0,0.0,0.0,70.0,75.0,Rajasthan,Barmer
rajasthan,bharatpur,2017,,0.0,0.0,0.0,0.0,2.0,0.0,0.0,4.0,0.0,0.0,0.0,0.0,6.0,,0.0,0.0,0.0,0.0,0.0,4.0,0.0,0.0,,0.0,0.0,0.0,2.0,0.0,0.0,6.0,Rajasthan,Bharatpur
rajasthan,bharatpur,2018,0.0,,,0.0,2.0,0.0,0.0,,0.0,0.0,0.0,0.0,0.0,5.0,0.0,0.0,0.0,0.0,0.0,0.0,0.0,0.0,0.0,0.0,0.0,0.0,0.0,0.0,0.0,,0.0,Rajasthan,Bharatpur
rajasthan,bharatpur,2019,0.0,0.0,0.0,1.0,7.0,5.0,0.0,0.0,0.0,0.0,0.0,0.0,0.0,4.0,0.0,0.0,0.0,0.0,0.0,0.0,,0.0,0.0,0.0,0.0,0.0,0.0,0.0,0.0,0.0,0.0,Rajasthan,Bharatpur
rajasthan,bharatpur,2020,0.0,0.0,0.0,0.0,9.0,,0.0,0.0,0.0,0.0,0.0,0.0,0.0,9.0,0.0,0.0,0.0,0.0,,0.0,0.0,0.0,0.0,0.0,0.0,0.0,0.0,0.0,0.0,0.0,0.0,Rajasthan,Bharatpur
rajasthan,bharatpur,2021,0.0,0.0,0.0,2.0,13.0,7.0,1.0,0.0,2.0,0.0,0.0,0.0,,17.0,0.0,0.0,,0.0,0.0,0.0,,16.0,,0.0,0.0,,0.0,0.0,,,,Rajasthan,Bharatpur
rajasthan,bhilwara,2017,0.0,0.0,22.0,0.0,0.0,0.0,,0.0,0.0,0.0,0.0,0.0,0.0,0.0,0.0,0.0,0.0,,2.0,0.0,1.0,0.0,0.0,0.0,0.0,,0.0,,,7.0,16.0,Rajasthan,Bhilwara
rajasthan,bhilwara,2018,0.0,0.0,0.0,0.0,1.0,0.0,1.0,0.0,0.0,0.0,,0.0,0.0,13.0,0.0,0.0,0.0,0.0,,0.0,0.0,0.0,0.0,0.0,0.0,0.0,0.0,0.0,0.0,0.0,0.0,Rajasthan,Bhilwara
rajasthan,bhilwara,2019,0.0,0.0,,0.0,,0.0,0.0,0.0,8.0,0.0,0.0,,0.0,21.0,0.0,0.0,0.0,0.0,0.0,0.0,0.0,0.0,0.0,0.0,0.0,0.0,0.0,0.0,0.0,0.0,0.0,Rajasthan,Bhilwara
rajasthan,bhilwara,2020,0.0,0.0,,0.0,1.0,0.0,0.0,0.0,0.0,0.0,0.0,0.0,0.0,0.0,,0.0,2.0,0.0,2.0,0.0,3.0,0.0,,0.0,0.0,0.0,0.0,2.0,0.0,10.0,22.0,Rajasthan,Bhilwara
rajasthan,bhilwara,2021,0.0,0.0,1.0,0.0,,1.0,0.0,0.0,0.0,,0.0,0.0,0.0,3.0,5.0,0.0,0.0,0.0,5.0,1.0,0.0,10.0,0.0,0.0,0.0,0.0,0.0,8.0,0.0,6.0,35.0,Rajasthan,Bhilwara
rajasthan,bhilwara,2022,0.0,0.0,0.0,0.0,0.0,0.0,,0.0,1.0,0.0,0.0,0.0,0.0,0.0,18.0,0.0,0.0,0.0,,0.0,10.0,5.0,,0.0,0.0,0.0,0.0,3.0,,38.0,80.0,Rajasthan,Bhilwara
rajasthan,bikaaner,2021,0.0,0.0,0.0,0.0,0.0,0.0,0.0,0.0,0.0,0.0,,0.0,0.0,13.0,0.0,0.0,0.0,0.0,0.0,0.0,0.0,,0.0,,0.0,0.0,0.0,0.0,0.0,0.0,0.0,Rajasthan,Bikaaner
rajasthan,bikaner,2017,0.0,0.0,0.0,0.0,0.0,0.0,0.0,,0.0,0.0,0.0,0.0,0.0,18.0,0.0,0.0,0.0,0.0,0.0,0.0,0.0,0.0,0.0,0.0,0.0,0.0,,0.0,0.0,,0.0,Rajasthan,Bikaner
rajasthan,bikaner,2018,0.0,0.0,,0.0,0.0,0.0,0.0,0.0,0.0,0.0,0.0,0.0,0.0,15.0,0.0,0.0,0.0,0.0,0.0,,0.0,0.0,0.0,0.0,0.0,0.0,0.0,0.0,0.0,0.0,0.0,Rajasthan,Bikaner
rajasthan,bikaner,2019,0.0,0.0,0.0,0.0,0.0,0.0,0.0,0.0,0.0,,0.0,0.0,0.0,,0.0,0.0,,,0.0,0.0,0.0,0.0,0.0,0.0,,0.0,0.0,,,0.0,0.0,Rajasthan,Bikaner
rajasthan,bikaner,2020,0.0,0.0,,0.0,0.0,0.0,,,0.0,0.0,0.0,0.0,0.0,,0.0,0.0,,0.0,,0.0,0.0,0.0,,0.0,0.0,0.0,,0.0,,0.0,0.0,Rajasthan,Bikaner
rajasthan,bikaner,2022,0.0,0.0,0.0,,0.0,,0.0,,0.0,0.0,0.0,0.0,0.0,32.0,0.0,0.0,0.0,0.0,0.0,0.0,0.0,0.0,0.0,0.0,0.0,0.0,0.0,0.0,0.0,0.0,0.0,Rajasthan,Bikaner
rajasthan,bundi,2017,0.0,0.0,0.0,0.0,0.0,,0.0,0.0,1.0,0.0,,0.0,0.0,,0.0,0.0,0.0,0.0,0.0,0.0,0.0,0.0,0.0,0.0,,0.0,0.0,0.0,0.0,0.0,0.0,Rajasthan,Bundi
rajasthan,bundi,2018,0.0,0.0,0.0,0.0,,0.0,0.0,0.0,0.0,0.0,0.0,0.0,0.0,0.0,0.0,0.0,0.0,0.0,0.0,0.0,7.0,0.0,0.0,0.0,0.0,0.0,0.0,0.0,0.0,0.0,7.0,Rajasthan,Bundi
rajasthan,bundi,2019,0.0,0.0,,0.0,0.0,0.0,0.0,0.0,0.0,0.0,0.0,0.0,0.0,0.0,0.0,0.0,0.0,0.0,7.0,0.0,8.0,0.0,0.0,0.0,0.0,0.0,0.0,0.0,0.0,0.0,15.0,Rajasthan,Bundi
rajasthan,bundi,2020,0.0,0.0,0.0,0.0,0.0,0.0,0.0,,1.0,0.0,0.0,0.0,0.0,,0.0,0.0,0.0,0.0,0.0,0.0,4.0,0.0,0.0,0.0,0.0,0.0,,0.0,0.0,3.0,7.0,Rajasthan,Bundi
rajasthan,bundi,2021,0.0,0.0,0.0,0.0,0.0,0.0,0.0,0.0,,0.0,0.0,0.0,0.0,0.0,0.0,0.0,0.0,0.0,0.0,0.0,4.0,,,0.0,,0.0,0.0,0.0,0.0,0.0,,Rajasthan,Bundi
rajasthan,bundi,2022,0.0,0.0,0.0,0.0,0.0,0.0,0.0,0.0,0.0,0.0,0.0,,0.0,0.0,0.0,,0.0,0.0,0.0,0.0,0.0,0.0,0.0,0.0,0.0,0.0,0.0,0.0,0.0,2.0,2.0,Rajasthan,Bundi
rajasthan,chittorgarh,2017,0.0,0.0,0.0,0.0,0.0,0.0,0.0,0.0,,,,0.0,0.0,3.0,0.0,0.0,,0.0,0.0,0.0,0.0,0.0,0.0,0.0,0.0,0.0,0.0,0.0,,,0.0,Rajasthan,Chittorgarh
rajasthan,chittorgarh,2018,0.0,0.0,0.0,,,0.0,0.0,0.0,0.0,0.0,0.0,0.0,0.0,2.0,0.0,0.0,0.0,0.0,0.0,0.0,0.0,0.0,0.0,0.0,0.0,0.0,0.0,0.0,0.0,0.0,0.0,Rajasthan,Chittorgarh
rajasthan,chittorgarh,2019,0.0,0.0,0.0,0.0,0.0,0.0,1.0,0.0,0.0,0.0,0.0,,0.0,5.0,,0.0,0.0,0.0,0.0,0.0,,0.0,0.0,0.0,0.0,0.0,0.0,0.0,,0.0,0.0,Rajasthan,Chittorgarh
rajasthan,chittorgarh,2020,0.0,0.0,0.0,0.0,0.0,0.0,0.0,0.0,0.0,,,0.0,0.0,2.0,0.0,0.0,0.0,0.0,0.0,0.0,0.0,0.0,0.0,0.0,0.0,,0.0,0.0,0.0,0.0,0.0,Rajasthan,Chittorgarh
rajasthan,chittorgarh,2021,,0.0,0.0,0.0,0.0,0.0,,0.0,,0.0,0.0,0.0,,1.0,0.0,0.0,0.0,0.0,0.0,0.0,0.0,4.0,0.0,0.0,0.0,0.0,0.0,0.0,0.0,0.0,4.0,Rajasthan,Chittorgarh
rajasthan,chittorgarh,2022,0.0,0.0,,0.0,0.0,0.0,0.0,0.0,0.0,0.0,0.0,0.0,,2.0,0.0,0.0,0.0,0.0,0.0,0.0,0.0,5.0,0.0,,0.0,0.0,,0.0,0.0,0.0,5.0,Rajasthan,Chittorgarh
rajasthan,churu,2017,0.0,0.0,0.0,,0.0,0.0,0.0,0.0,0.0,0.0,0.0,0.0,0.0,6.0,0.0,0.0,0.0,0.0,,0.0,0.0,0.0,,0.0,0.0,0.0,0.0,0.0,0.0,0.0,0.0,Rajasthan,Churu
rajasthan,churu,2018,0.0,,0.0,0.0,0.0,0.0,0.0,0.0,0.0,0.0,0.0,0.0,0.0,12.0,0.0,,0.0,0.0,0.0,0.0,0.0,,0.0,0.0,0.0,0.0,0.0,0.0,0.0,0.0,0.0,Rajasthan,Churu
rajasthan,churu,2019,0.0,,0.0,0.0,0.0,0.0,0.0,0.0,0.0,0.0,0.0,0.0,0.0,18.0,,0.0,0.0,0.0,0.0,,0.0,,0.0,0.0,0.0,0.0,0.0,0.0,0.0,0.0,0.0,Rajasthan,Churu
rajasthan,churu,2020,0.0,0.0,,0.0,0.0,0.0,0.0,0.0,0.0,0.0,0.0,0.0,0.0,7.0,0.0,0.0,0.0,,0.0,0.0,,0.0,0.0,0.0,0.0,0.0,0.0,0.0,0.0,0.0,0.0,Rajasthan,Churu
rajasthan,churu,2021,0.0,0.0,0.0,0.0,0.0,3.0,0.0,0.0,0.0,0.0,0.0,0.0,0.0,0.0,0.0,0.0,0.0,0.0,0.0,,0.0,0.0,0.0,0.0,0.0,0.0,0.0,0.0,0.0,0.0,,Rajasthan,Churu
rajasthan,churu,2022,0.0,,0.0,0.0,0.0,0.0,0.0,0.0,0.0,0.0,0.0,0.0,0.0,14.0,0.0,0.0,0.0,0.0,0.0,0.0,0.0,0.0,0.0,0.0,0.0,0.0,0.0,0.0,0.0,0.0,0.0,Rajasthan,Churu
rajasthan,dausa,2017,0.0,,0.0,0.0,0.0,0.0,0.0,,0.0,0.0,0.0,,0.0,0.0,0.0,0.0,0.0,0.0,,,0.0,47.0,0.0,0.0,0.0,0.0,0.0,0.0,0.0,0.0,47.0,Rajasthan,Dausa
rajasthan,dausa,2018,0.0,0.0,0.0,0.0,0.0,1.0,,0.0,0.0,0.0,0.0,0.0,0.0,0.0,0.0,0.0,0.0,0.0,0.0,0.0,0.0,32.0,0.0,0.0,0.0,0.0,0.0,0.0,0.0,,32.0,Rajasthan,Dausa
rajasthan,dausa,2019,0.0,0.0,0.0,0.0,0.0,3.0,0.0,0.0,0.0,,0.0,,,0.0,0.0,0.0,,0.0,0.0,0.0,0.0,,0.0,0.0,0.0,0.0,0.0,,,0.0,31.0,Rajasthan,Dausa
rajasthan,dausa,2020,0.0,0.0,,0.0,0.0,0.0,0.0,0.0,6.0,0.0,0.0,0.0,0.0,0.0,3.0,0.0,1.0,2.0,,1.0,5.0,10.0,0.0,0.0,0.0,0.0,0.0,1.0,0.0,20.0,48.0,Rajasthan,Dausa
rajasthan,dausa,2021,0.0,,0.0,0.0,0.0,0.0,0.0,,0.0,0.0,0.0,0.0,0.0,0.0,0.0,0.0,0.0,0.0,14.0,1.0,5.0,0.0,0.0,0.0,0.0,0.0,0.0,0.0,0.0,21.0,,Rajasthan,Dausa
rajasthan,dausa,2022,,0.0,0.0,0.0,,0.0,0.0,0.0,,0.0,0.0,,0.0,1.0,5.0,0.0,3.0,0.0,18.0,5.0,0.0,0.0,0.0,0.0,0.0,0.0,0.0,0.0,0.0,13.0,44.0,Rajasthan,Dausa
rajasthan,dholpur,2017,0.0,,0.0,0.0,,0.0,0.0,0.0,0.0,0.0,0.0,0.0,0.0,,0.0,,0.0,,0.0,0.0,0.0,0.0,0.0,0.0,0.0,,0.0,0.0,0.0,0.0,0.0,Rajasthan,Dholpur
rajasthan,dholpur,2018,,0.0,1.0,0.0,0.0,0.0,0.0,0.0,0.0,0.0,0.0,0.0,,0.0,0.0,,0.0,0.0,0.0,0.0,0.0,0.0,0.0,,0.0,0.0,0.0,0.0,0.0,,0.0,Rajasthan,Dholpur
rajasthan,dholpur,2019,0.0,0.0,0.0,0.0,1.0,0.0,0.0,,0.0,0.0,0.0,0.0,,0.0,0.0,,,0.0,14.0,0.0,0.0,0.0,0.0,0.0,0.0,0.0,0.0,,0.0,0.0,14.0,Rajasthan,Dholpur
rajasthan,dholpur,2020,0.0,0.0,0.0,0.0,1.0,0.0,0.0,0.0,0.0,0.0,0.0,0.0,0.0,0.0,,0.0,0.0,0.0,,0.0,,11.0,0.0,0.0,0.0,0.0,0.0,0.0,0.0,0.0,11.0,Rajasthan,Dholpur
rajasthan,dholpur,2021,0.0,0.0,0.0,0.0,0.0,0.0,0.0,0.0,,0.0,0.0,0.0,,0.0,1.0,0.0,0.0,0.0,0.0,0.0,0.0,2.0,,,0.0,0.0,0.0,0.0,,1.0,4.0,Rajasthan,Dholpur
rajasthan,dholpur,2022,0.0,0.0,0.0,0.0,0.0,0.0,1.0,0.0,0.0,0.0,0.0,0.0,0.0,1.0,0.0,,0.0,,0.0,0.0,44.0,0.0,0.0,0.0,,0.0,0.0,0.0,0.0,0.0,44.0,Rajasthan,Dholpur
rajasthan,dungarpur,2017,0.0,,0.0,0.0,0.0,0.0,0.0,,0.0,0.0,0.0,0.0,0.0,2.0,0.0,,0.0,0.0,0.0,0.0,0.0,0.0,0.0,0.0,0.0,0.0,0.0,0.0,0.0,0.0,0.0,Rajasthan,Dungarpur
rajasthan,dungarpur,2018,0.0,0.0,0.0,0.0,,0.0,0.0,0.0,0.0,0.0,0.0,0.0,0.0,4.0,0.0,0.0,0.0,0.0,0.0,0.0,0.0,0.0,0.0,0.0,0.0,0.0,0.0,0.0,0.0,0.0,0.0,Rajasthan,Dungarpur
rajasthan,dungarpur,2019,0.0,0.0,0.0,0.0,0.0,0.0,0.0,0.0,0.0,,0.0,0.0,0.0,5.0,0.0,0.0,0.0,0.0,0.0,0.0,0.0,0.0,0.0,0.0,0.0,0.0,0.0,,0.0,0.0,0.0,Rajasthan,Dungarpur
rajasthan,dungarpur,2020,0.0,0.0,0.0,,0.0,,0.0,0.0,0.0,0.0,0.0,0.0,0.0,0.0,0.0,,0.0,,0.0,0.0,0.0,0.0,0.0,0.0,0.0,0.0,0.0,0.0,0.0,,0.0,Rajasthan,Dungarpur
rajasthan,dungarpur,2021,0.0,0.0,0.0,0.0,0.0,0.0,0.0,0.0,0.0,0.0,0.0,0.0,0.0,,0.0,0.0,0.0,0.0,0.0,0.0,0.0,0.0,0.0,0.0,0.0,0.0,0.0,,0.0,0.0,0.0,Rajasthan,Dungarpur
rajasthan,dungarpur,2022,0.0,,0.0,0.0,0.0,0.0,0.0,0.0,0.0,0.0,,0.0,0.0,,0.0,0.0,0.0,0.0,0.0,0.0,0.0,0.0,0.0,0.0,0.0,0.0,0.0,0.0,0.0,,0.0,Rajasthan,Dungarpur
rajasthan,ganganagar,2017,2.0,0.0,0.0,0.0,0.0,0.0,0.0,0.0,,0.0,0.0,,0.0,1.0,1.0,1.0,2.0,0.0,0.0,0.0,1.0,2.0,0.0,0.0,,0.0,0.0,0.0,,2.0,9.0,Rajasthan,Ganganagar
rajasthan,ganganagar,2019,2.0,1.0,0.0,0.0,3.0,12.0,0.0,0.0,2.0,0.0,0.0,,,1.0,0.0,0.0,0.0,0.0,0.0,3.0,6.0,9.0,2.0,0.0,0.0,0.0,0.0,0.0,0.0,7.0,27.0,Rajasthan,Ganganagar
rajasthan,ganganagar,2020,0.0,,,,1.0,0.0,,0.0,0.0,1.0,0.0,0.0,0.0,1.0,0.0,,0.0,,4.0,0.0,0.0,3.0,0.0,,0.0,0.0,0.0,1.0,0.0,23.0,31.0,Rajasthan,Ganganagar
rajasthan,ganganagar,2021,0.0,0.0,7.0,0.0,3.0,3.0,0.0,1.0,0.0,0.0,0.0,0.0,0.0,,0.0,0.0,0.0,0.0,4.0,0.0,0.0,,0.0,0.0,0.0,,,0.0,0.0,10.0,14.0,Rajasthan,Ganganagar
rajasthan,ganganagar,2022,,0.0,1.0,,0.0,0.0,0.0,0.0,6.0,0.0,,0.0,0.0,0.0,3.0,0.0,0.0,0.0,0.0,0.0,1.0,5.0,0.0,0.0,2.0,0.0,0.0,3.0,0.0,5.0,19.0,Rajasthan,Ganganagar
rajasthan,hanumangarh,2017,,0.0,0.0,,0.0,1.0,0.0,0.0,0.0,0.0,0.0,0.0,,4.0,0.0,0.0,0.0,0.0,0.0,0.0,0.0,1.0,,0.0,0.0,0.0,0.0,,0.0,3.0,4.0,Rajasthan,Hanumangarh
rajasthan,hanumangarh,2018,0.0,,0.0,0.0,0.0,1.0,0.0,0.0,0.0,0.0,,0.0,0.0,4.0,,0.0,,3.0,0.0,0.0,,0.0,0.0,,0.0,0.0,0.0,1.0,0.0,1.0,7.0,Rajasthan,Hanumangarh
rajasthan,hanumangarh,2019,0.0,0.0,0.0,5.0,0.0,3.0,1.0,0.0,0.0,0.0,0.0,0.0,0.0,0.0,0.0,0.0,0.0,0.0,0.0,0.0,0.0,,0.0,0.0,0.0,0.0,0.0,0.0,0.0,0.0,0.0,Rajasthan,Hanumangarh
rajasthan,hanumangarh,2020,0.0,0.0,3.0,2.0,2.0,2.0,1.0,0.0,0.0,,0.0,0.0,0.0,1.0,0.0,0.0,0.0,0.0,0.0,1.0,0.0,0.0,0.0,0.0,0.0,0.0,0.0,,0.0,0.0,1.0,Rajasthan,Hanumangarh
rajasthan,hanumangarh,2021,0.0,0.0,0.0,,0.0,,0.0,,,0.0,0.0,,0.0,0.0,0.0,0.0,0.0,,,0.0,0.0,0.0,0.0,0.0,0.0,0.0,0.0,0.0,0.0,0.0,0.0,Rajasthan,Hanumangarh
rajasthan,hanumangarh,2022,0.0,0.0,0.0,0.0,1.0,0.0,,0.0,24.0,0.0,0.0,,0.0,0.0,0.0,1.0,0.0,0.0,0.0,,0.0,,0.0,0.0,0.0,0.0,0.0,,0.0,4.0,12.0,Rajasthan,Hanumangarh
rajasthan,jaaipur,2017,0.0,,1.0,0.0,41.0,0.0,0.0,0.0,0.0,0.0,0.0,0.0,0.0,147.0,0.0,0.0,0.0,0.0,0.0,0.0,0.0,0.0,0.0,0.0,0.0,,0.0,0.0,0.0,0.0,0.0,Rajasthan,Jaaipur
rajasthan,jaipur,2017,0.0,0.0,17.0,22.0,71.0,115.0,0.0,0.0,0.0,0.0,0.0,0.0,0.0,266.0,0.0,2.0,15.0,8.0,10.0,13.0,4.0,30.0,0.0,0.0,1.0,0.0,0.0,0.0,0.0,4.0,88.0,Rajasthan,Jaipur
rajasthan,jaipur,2018,1.0,1.0,10.0,11.0,173.0,145.0,2.0,0.0,7.0,0.0,0.0,0.0,0.0,116.0,0.0,0.0,0.0,0.0,2.0,0.0,3.0,3.0,0.0,0.0,0.0,0.0,0.0,0.0,0.0,5.0,14.0,Rajasthan,Jaipur
rajasthan,jaipur,2019,3.0,1.0,2.0,1.0,148.0,115.0,2.0,0.0,1.0,0.0,0.0,0.0,0.0,262.0,2.0,2.0,2.0,18.0,32.0,3.0,20.0,24.0,0.0,0.0,0.0,0.0,0.0,0.0,0.0,18.0,128.0,Rajasthan,Jaipur
rajasthan,jaipur,2020,0.0,6.0,2.0,0.0,42.0,62.0,5.0,1.0,5.0,0.0,0.0,0.0,0.0,118.0,0.0,0.0,0.0,0.0,0.0,0.0,44.0,8.0,0.0,0.0,0.0,0.0,0.0,4.0,1.0,17.0,69.0,Rajasthan,Jaipur
rajasthan,jaipur,2021,1.0,0.0,1.0,0.0,50.0,69.0,3.0,1.0,0.0,0.0,0.0,0.0,0.0,91.0,6.0,0.0,0.0,0.0,37.0,0.0,7.0,30.0,0.0,0.0,1.0,0.0,0.0,2.0,3.0,3.0,89.0,Rajasthan,Jaipur
rajasthan,jaipur,2022,0.0,1.0,11.0,0.0,26.0,62.0,1.0,0.0,1.0,0.0,0.0,0.0,0.0,95.0,7.0,0.0,0.0,0.0,19.0,2.0,6.0,63.0,0.0,0.0,0.0,0.0,0.0,3.0,1.0,18.0,104.0,Rajasthan,Jaipur
rajasthan,jaisalmer,2017,0.0,0.0,0.0,0.0,,0.0,0.0,0.0,0.0,0.0,0.0,0.0,,0.0,1.0,0.0,0.0,0.0,0.0,0.0,0.0,8.0,0.0,0.0,0.0,,0.0,0.0,,5.0,14.0,Rajasthan,Jaisalmer
rajasthan,jaisalmer,2018,0.0,0.0,0.0,0.0,2.0,2.0,0.0,0.0,0.0,0.0,0.0,,0.0,0.0,1.0,0.0,0.0,0.0,0.0,0.0,0.0,3.0,0.0,0.0,0.0,0.0,0.0,,0.0,0.0,4.0,Rajasthan,Jaisalmer
rajasthan,jaisalmer,2019,0.0,0.0,0.0,0.0,0.0,0.0,0.0,0.0,0.0,0.0,,0.0,,0.0,2.0,0.0,,0.0,0.0,0.0,0.0,12.0,0.0,0.0,0.0,0.0,0.0,,3.0,11.0,28.0,Rajasthan,Jaisalmer
rajasthan,jaisalmer,2020,0.0,0.0,,0.0,0.0,,,0.0,0.0,0.0,0.0,0.0,0.0,0.0,2.0,0.0,0.0,0.0,0.0,0.0,0.0,5.0,1.0,,0.0,0.0,0.0,0.0,1.0,12.0,,Rajasthan,Jaisalmer
rajasthan,jaisalmer,2021,0.0,0.0,0.0,0.0,0.0,1.0,,,0.0,0.0,0.0,0.0,,0.0,1.0,0.0,0.0,0.0,1.0,0.0,0.0,0.0,0.0,,0.0,0.0,0.0,0.0,0.0,4.0,6.0,Rajasthan,Jaisalmer
rajasthan,jaisalmer,2022,0.0,0.0,0.0,0.0,0.0,0.0,0.0,0.0,1.0,0.0,0.0,0.0,,0.0,3.0,0.0,0.0,,1.0,0.0,,,0.0,0.0,0.0,0.0,0.0,0.0,,11.0,15.0,Rajasthan,Jaisalmer
rajasthan,jalore,2017,0.0,0.0,0.0,0.0,0.0,0.0,,0.0,0.0,0.0,0.0,0.0,,7.0,0.0,0.0,0.0,,0.0,0.0,0.0,0.0,0.0,0.0,,0.0,0.0,0.0,0.0,0.0,0.0,Rajasthan,Jalore
rajasthan,jalore,2018,0.0,0.0,0.0,,0.0,,0.0,0.0,0.0,0.0,0.0,0.0,0.0,7.0,0.0,0.0,0.0,0.0,0.0,0.0,0.0,0.0,0.0,0.0,0.0,0.0,0.0,0.0,0.0,0.0,0.0,Rajasthan,Jalore
rajasthan,jalore,2019,0.0,0.0,0.0,0.0,0.0,,0.0,0.0,0.0,,0.0,0.0,0.0,11.0,0.0,0.0,,0.0,0.0,0.0,0.0,0.0,0.0,0.0,0.0,0.0,0.0,0.0,,0.0,0.0,Rajasthan,Jalore
rajasthan,jalore,2020,0.0,0.0,0.0,0.0,0.0,0.0,0.0,0.0,0.0,0.0,0.0,0.0,0.0,0.0,0.0,0.0,0.0,0.0,0.0,4.0,0.0,0.0,,0.0,0.0,0.0,0.0,0.0,0.0,0.0,4.0,Rajasthan,Jalore
rajasthan,jalore,2021,0.0,0.0,0.0,0.0,0.0,0.0,0.0,0.0,0.0,0.0,0.0,0.0,0.0,0.0,,0.0,0.0,0.0,0.0,0.0,0.0,1.0,,0.0,0.0,,0.0,0.0,0.0,,1.0,Rajasthan,Jalore
rajasthan,jalore,2022,0.0,0.0,0.0,0.0,0.0,0.0,0.0,0.0,0.0,0.0,0.0,0.0,0.0,0.0,0.0,0.0,0.0,0.0,0.0,0.0,0.0,0.0,0.0,0.0,0.0,0.0,,0.0,0.0,,0.0,Rajasthan,Jalore
rajasthan,jhalawar,2017,0.0,0.0,0.0,0.0,0.0,0.0,0.0,0.0,0.0,,,0.0,0.0,,0.0,,0.0,0.0,0.0,0.0,0.0,0.0,0.0,0.0,0.0,0.0,0.0,0.0,0.0,3.0,3.0,Rajasthan,Jhalawar
rajasthan,jhalawar,2018,0.0,0.0,0.0,0.0,0.0,1.0,0.0,0.0,0.0,0.0,0.0,0.0,0.0,0.0,0.0,0.0,0.0,0.0,1.0,0.0,0.0,0.0,0.0,0.0,,0.0,0.0,0.0,0.0,0.0,1.0,Rajasthan,Jhalawar
rajasthan,jhalawar,2019,0.0,0.0,0.0,0.0,1.0,0.0,0.0,0.0,0.0,0.0,,0.0,0.0,1.0,0.0,0.0,0.0,1.0,0.0,0.0,2.0,0.0,0.0,0.0,,0.0,0.0,0.0,,0.0,3.0,Rajasthan,Jhalawar
rajasthan,jhalawar,2020,0.0,0.0,0.0,0.0,0.0,0.0,1.0,0.0,0.0,,0.0,0.0,0.0,0.0,,0.0,,0.0,0.0,1.0,0.0,0.0,0.0,0.0,0.0,0.0,0.0,0.0,0.0,7.0,,Rajasthan,Jhalawar
rajasthan,jhalawar,2021,0.0,0.0,0.0,0.0,0.0,0.0,0.0,0.0,0.0,0.0,0.0,0.0,0.0,0.0,0.0,0.0,,0.0,1.0,0.0,,1.0,0.0,0.0,0.0,,0.0,0.0,,9.0,12.0,Rajasthan,Jhalawar
rajasthan,jhalawar,2022,0.0,0.0,0.0,0.0,0.0,0.0,,0.0,0.0,0.0,0.0,0.0,0.0,,10.0,0.0,0.0,0.0,6.0,0.0,9.0,0.0,0.0,0.0,0.0,0.0,0.0,0.0,0.0,0.0,,Rajasthan,Jhalawar
rajasthan,jhunjhunu,2017,0.0,0.0,0.0,0.0,5.0,0.0,0.0,0.0,0.0,0.0,0.0,0.0,0.0,0.0,0.0,0.0,0.0,0.0,0.0,0.0,0.0,0.0,0.0,0.0,0.0,,0.0,0.0,0.0,3.0,3.0,Rajasthan,Jhunjhunu
rajasthan,jhunjhunu,2018,0.0,0.0,0.0,0.0,0.0,1.0,0.0,0.0,0.0,0.0,,0.0,0.0,0.0,0.0,,0.0,0.0,0.0,0.0,4.0,0.0,0.0,0.0,0.0,0.0,0.0,0.0,0.0,0.0,4.0,Rajasthan,Jhunjhunu
rajasthan,jhunjhunu,2019,0.0,0.0,0.0,0.0,0.0,0.0,0.0,0.0,0.0,,0.0,0.0,0.0,0.0,0.0,0.0,2.0,0.0,3.0,8.0,9.0,0.0,0.0,0.0,,0.0,0.0,0.0,0.0,0.0,34.0,Rajasthan,Jhunjhunu
rajasthan,jhunjhunu,2020,0.0,0.0,0.0,0.0,0.0,0.0,0.0,0.0,0.0,0.0,0.0,0.0,0.0,0.0,,0.0,0.0,2.0,4.0,6.0,0.0,0.0,0.0,0.0,5.0,0.0,0.0,0.0,2.0,6.0,25.0,Rajasthan,Jhunjhunu
rajasthan,jhunjhunu,2021,0.0,0.0,0.0,,0.0,2.0,0.0,,0.0,0.0,0.0,0.0,0.0,0.0,0.0,0.0,0.0,1.0,5.0,0.0,0.0,0.0,0.0,,1.0,,0.0,0.0,0.0,10.0,17.0,Rajasthan,Jhunjhunu
rajasthan,jhunjhunu,2022,0.0,0.0,0.0,0.0,6.0,0.0,0.0,0.0,,0.0,0.0,0.0,0.0,0.0,0.0,0.0,0.0,0.0,0.0,0.0,4.0,0.0,0.0,0.0,0.0,0.0,0.0,0.0,,6.0,10.0,Rajasthan,Jhunjhunu
rajasthan,jodhpur,2017,0.0,0.0,9.0,8.0,0.0,0.0,0.0,0.0,0.0,0.0,0.0,0.0,0.0,11.0,0.0,0.0,0.0,0.0,0.0,0.0,0.0,29.0,5.0,0.0,0.0,0.0,0.0,0.0,0.0,23.0,33.0,Rajasthan,Jodhpur
rajasthan,jodhpur,2018,0.0,0.0,0.0,8.0,3.0,1.0,0.0,0.0,0.0,0.0,0.0,0.0,0.0,8.0,4.0,0.0,0.0,4.0,2.0,9.0,2.0,35.0,1.0,0.0,0.0,0.0,0.0,0.0,0.0,34.0,91.0,Rajasthan,Jodhpur
rajasthan,jodhpur,2019,0.0,0.0,0.0,0.0,12.0,0.0,6.0,0.0,5.0,0.0,0.0,0.0,0.0,2.0,0.0,1.0,1.0,5.0,8.0,6.0,0.0,64.0,8.0,0.0,0.0,0.0,0.0,4.0,0.0,31.0,135.0,Rajasthan,Jodhpur
rajasthan,jodhpur,2020,0.0,0.0,0.0,4.0,10.0,3.0,3.0,0.0,3.0,0.0,0.0,0.0,0.0,19.0,0.0,0.0,4.0,28.0,17.0,1.0,11.0,19.0,0.0,0.0,0.0,0.0,0.0,0.0,0.0,34.0,114.0,Rajasthan,Jodhpur
rajasthan,jodhpur,2021,0.0,0.0,0.0,5.0,0.0,2.0,0.0,0.0,2.0,0.0,0.0,0.0,0.0,12.0,5.0,0.0,2.0,4.0,10.0,31.0,2.0,42.0,2.0,0.0,0.0,0.0,0.0,5.0,0.0,34.0,137.0,Rajasthan,Jodhpur
rajasthan,jodhpur,2022,0.0,0.0,0.0,0.0,2.0,0.0,2.0,0.0,0.0,0.0,0.0,0.0,0.0,2.0,3.0,0.0,0.0,0.0,0.0,4.0,0.0,51.0,0.0,2.0,0.0,0.0,0.0,5.0,0.0,27.0,105.0,Rajasthan,Jodhpur
rajasthan,karauli,2017,,0.0,,0.0,0.0,0.0,0.0,0.0,0.0,0.0,0.0,0.0,0.0,2.0,,0.0,0.0,0.0,0.0,0.0,0.0,0.0,0.0,,0.0,0.0,0.0,0.0,0.0,0.0,0.0,Rajasthan,Karauli
rajasthan,karauli,2018,0.0,0.0,0.0,0.0,0.0,0.0,0.0,0.0,0.0,0.0,0.0,0.0,0.0,11.0,0.0,0.0,0.0,0.0,0.0,0.0,0.0,0.0,0.0,0.0,0.0,0.0,0.0,0.0,0.0,0.0,0.0,Rajasthan,Karauli
rajasthan,karauli,2019,0.0,0.0,0.0,0.0,0.0,0.0,0.0,0.0,0.0,0.0,0.0,0.0,0.0,13.0,0.0,0.0,0.0,0.0,0.0,0.0,0.0,0.0,0.0,0.0,0.0,0.0,,0.0,0.0,0.0,0.0,Rajasthan,Karauli
rajasthan,karauli,2020,0.0,0.0,0.0,0.0,,5.0,0.0,1.0,0.0,0.0,0.0,0.0,0.0,2.0,0.0,0.0,0.0,0.0,0.0,0.0,0.0,0.0,0.0,0.0,0.0,0.0,0.0,0.0,0.0,1.0,1.0,Rajasthan,Karauli
rajasthan,karauli,2021,0.0,1.0,0.0,,0.0,,0.0,0.0,0.0,0.0,0.0,0.0,0.0,16.0,0.0,0.0,0.0,0.0,0.0,,0.0,0.0,0.0,,0.0,0.0,0.0,0.0,0.0,0.0,0.0,Rajasthan,Karauli
rajasthan,karauli,2022,0.0,,3.0,0.0,5.0,,1.0,0.0,0.0,0.0,0.0,0.0,0.0,,0.0,,,0.0,0.0,0.0,0.0,0.0,0.0,0.0,0.0,0.0,,0.0,0.0,0.0,0.0,Rajasthan,Karauli
rajasthan,khairthal-tijara,2019,,0.0,0.0,7.0,0.0,8.0,,0.0,0.0,0.0,0.0,0.0,,,0.0,0.0,0.0,0.0,0.0,0.0,4.0,0.0,,0.0,0.0,0.0,0.0,0.0,0.0,0.0,4.0,Rajasthan,Khairthal-Tijara
rajasthan,khairthal-tijara,2020,0.0,0.0,0.0,2.0,0.0,15.0,0.0,1.0,,0.0,0.0,0.0,0.0,0.0,,0.0,1.0,1.0,15.0,0.0,31.0,0.0,,0.0,0.0,0.0,,,0.0,0.0,48.0,Rajasthan,Khairthal-Tijara
rajasthan,khairthal-tijara,2021,0.0,0.0,0.0,0.0,0.0,15.0,0.0,0.0,0.0,0.0,0.0,0.0,0.0,0.0,0.0,,1.0,1.0,5.0,2.0,4.0,0.0,0.0,0.0,0.0,0.0,0.0,,0.0,0.0,13.0,Rajasthan,Khairthal-Tijara
rajasthan,khairthal-tijara,2022,,0.0,0.0,0.0,0.0,10.0,0.0,0.0,0.0,0.0,0.0,0.0,0.0,0.0,0.0,0.0,1.0,,4.0,2.0,18.0,0.0,0.0,0.0,0.0,0.0,0.0,0.0,0.0,0.0,,Rajasthan,Khairthal-Tijara
rajasthan,kota,2017,0.0,0.0,4.0,0.0,1.0,0.0,0.0,0.0,0.0,0.0,0.0,0.0,0.0,6.0,1.0,0.0,0.0,1.0,5.0,1.0,0.0,0.0,0.0,0.0,0.0,0.0,0.0,0.0,0.0,7.0,15.0,Rajasthan,Kota
rajasthan,kota,2018,0.0,0.0,1.0,1.0,3.0,1.0,0.0,0.0,1.0,0.0,0.0,0.0,0.0,1.0,2.0,0.0,1.0,0.0,2.0,0.0,0.0,3.0,0.0,0.0,1.0,0.0,0.0,0.0,0.0,4.0,14.0,Rajasthan,Kota
rajasthan,kota,2019,0.0,0.0,2.0,1.0,1.0,2.0,0.0,0.0,0.0,0.0,0.0,0.0,0.0,1.0,4.0,0.0,1.0,0.0,0.0,0.0,2.0,4.0,0.0,0.0,0.0,0.0,0.0,0.0,1.0,7.0,20.0,Rajasthan,Kota
rajasthan,kota,2020,0.0,0.0,1.0,3.0,0.0,0.0,,0.0,1.0,0.0,0.0,0.0,0.0,3.0,1.0,0.0,0.0,0.0,0.0,0.0,0.0,5.0,2.0,0.0,0.0,0.0,0.0,5.0,0.0,4.0,3.0,Rajasthan,Kota
rajasthan,kota,2021,0.0,0.0,1.0,0.0,1.0,1.0,0.0,,0.0,0.0,0.0,0.0,0.0,0.0,2.0,1.0,0.0,4.0,3.0,0.0,5.0,1.0,0.0,0.0,0.0,0.0,0.0,5.0,0.0,8.0,29.0,Rajasthan,Kota
rajasthan,kota,2022,0.0,0.0,0.0,0.0,0.0,0.0,0.0,0.0,0.0,0.0,0.0,0.0,0.0,0.0,3.0,0.0,0.0,0.0,0.0,0.0,0.0,2.0,0.0,,0.0,0.0,0.0,0.0,0.0,25.0,35.0,Rajasthan,Kota
rajasthan,nagaur,2017,0.0,0.0,0.0,,1.0,0.0,1.0,0.0,0.0,0.0,0.0,,0.0,1.0,0.0,0.0,0.0,0.0,0.0,0.0,0.0,0.0,0.0,0.0,0.0,0.0,0.0,0.0,0.0,0.0,0.0,Rajasthan,Nagaur
rajasthan,nagaur,2018,0.0,0.0,1.0,0.0,,3.0,1.0,0.0,0.0,0.0,0.0,,0.0,1.0,0.0,0.0,0.0,0.0,0.0,0.0,0.0,0.0,0.0,0.0,0.0,0.0,,0.0,0.0,5.0,,Rajasthan,Nagaur
rajasthan,nagaur,2019,0.0,,2.0,0.0,6.0,1.0,0.0,0.0,0.0,0.0,0.0,0.0,0.0,,0.0,0.0,0.0,0.0,4.0,0.0,0.0,,0.0,0.0,0.0,0.0,0.0,,0.0,0.0,4.0,Rajasthan,Nagaur
rajasthan,nagaur,2020,0.0,,0.0,0.0,2.0,,,0.0,0.0,0.0,0.0,,0.0,,0.0,0.0,0.0,0.0,0.0,0.0,0.0,0.0,0.0,0.0,0.0,0.0,0.0,0.0,0.0,0.0,0.0,Rajasthan,Nagaur
rajasthan,nagaur,2021,0.0,0.0,0.0,0.0,0.0,14.0,0.0,0.0,1.0,,0.0,0.0,0.0,2.0,0.0,0.0,0.0,0.0,0.0,0.0,0.0,0.0,0.0,0.0,0.0,0.0,,0.0,0.0,0.0,0.0,Rajasthan,Nagaur
rajasthan,nagaur,2022,0.0,0.0,,0.0,10.0,13.0,1.0,0.0,0.0,0.0,0.0,0.0,0.0,0.0,8.0,0.0,,0.0,3.0,1.0,0.0,0.0,1.0,0.0,0.0,,0.0,5.0,0.0,,34.0,Rajasthan,Nagaur
rajasthan,pali,2017,0.0,0.0,0.0,0.0,2.0,0.0,0.0,0.0,0.0,0.0,,0.0,,0.0,0.0,0.0,,,0.0,0.0,0.0,0.0,,0.0,0.0,0.0,0.0,0.0,0.0,0.0,,Rajasthan,Pali
rajasthan,pali,2018,0.0,0.0,0.0,0.0,2.0,0.0,0.0,0.0,0.0,0.0,0.0,0.0,0.0,0.0,,0.0,0.0,0.0,0.0,0.0,0.0,,0.0,0.0,0.0,0.0,0.0,0.0,0.0,,0.0,Rajasthan,Pali
rajasthan,pali,2019,0.0,0.0,0.0,0.0,0.0,0.0,0.0,0.0,0.0,0.0,0.0,0.0,,0.0,0.0,0.0,0.0,,19.0,0.0,5.0,0.0,0.0,0.0,0.0,0.0,0.0,0.0,,6.0,30.0,Rajasthan,Pali
rajasthan,pali,2020,0.0,0.0,0.0,0.0,0.0,0.0,0.0,0.0,0.0,0.0,0.0,0.0,0.0,1.0,0.0,0.0,0.0,,0.0,0.0,0.0,0.0,0.0,0.0,,,0.0,,0.0,0.0,0.0,Rajasthan,Pali
rajasthan,pali,2021,,,0.0,0.0,0.0,,0.0,0.0,0.0,0.0,0.0,,0.0,0.0,0.0,0.0,0.0,0.0,0.0,,0.0,3.0,0.0,,0.0,0.0,0.0,,0.0,0.0,,Rajasthan,Pali
rajasthan,pali,2022,0.0,0.0,0.0,0.0,,0.0,0.0,0.0,0.0,0.0,0.0,0.0,0.0,0.0,0.0,0.0,0.0,0.0,0.0,0.0,0.0,3.0,0.0,0.0,0.0,0.0,0.0,0.0,,0.0,3.0,Rajasthan,Pali
rajasthan,praatapgarh,2021,0.0,0.0,0.0,0.0,0.0,0.0,0.0,0.0,0.0,0.0,0.0,0.0,0.0,0.0,0.0,0.0,0.0,0.0,0.0,0.0,0.0,,0.0,0.0,0.0,0.0,0.0,0.0,0.0,,6.0,Rajasthan,Praatapgarh
rajasthan,pratapgarh,2018,0.0,0.0,0.0,0.0,1.0,0.0,0.0,0.0,0.0,0.0,0.0,0.0,0.0,0.0,0.0,0.0,0.0,0.0,0.0,0.0,,0.0,0.0,,0.0,0.0,,0.0,0.0,0.0,,Rajasthan,Pratapgarh
rajasthan,pratapgarh,2019,1.0,,0.0,0.0,0.0,0.0,0.0,0.0,0.0,0.0,,0.0,0.0,0.0,0.0,0.0,0.0,0.0,0.0,0.0,0.0,0.0,0.0,0.0,0.0,0.0,0.0,0.0,0.0,1.0,,Rajasthan,Pratapgarh
rajasthan,pratapgarh,2020,,0.0,,0.0,0.0,0.0,0.0,0.0,0.0,0.0,0.0,0.0,0.0,0.0,,,0.0,,,0.0,0.0,0.0,0.0,0.0,0.0,0.0,,0.0,0.0,4.0,4.0,Rajasthan,Pratapgarh
rajasthan,pratapgarh,2022,,0.0,0.0,0.0,0.0,0.0,0.0,0.0,1.0,0.0,0.0,0.0,0.0,2.0,0.0,0.0,0.0,0.0,0.0,,0.0,18.0,,0.0,0.0,0.0,0.0,0.0,0.0,,18.0,Rajasthan,Pratapgarh
rajasthan,rajsamand,2017,0.0,0.0,0.0,0.0,0.0,,,0.0,0.0,0.0,0.0,0.0,0.0,0.0,0.0,0.0,0.0,0.0,0.0,0.0,,0.0,0.0,0.0,0.0,0.0,0.0,0.0,0.0,0.0,0.0,Rajasthan,Rajsamand
rajasthan,rajsamand,2018,0.0,0.0,0.0,0.0,0.0,0.0,1.0,0.0,5.0,0.0,0.0,0.0,0.0,0.0,0.0,0.0,0.0,,0.0,,0.0,0.0,0.0,0.0,0.0,0.0,0.0,0.0,0.0,,0.0,Rajasthan,Rajsamand
rajasthan,rajsamand,2019,0.0,0.0,,0.0,1.0,0.0,4.0,0.0,0.0,0.0,0.0,0.0,0.0,,0.0,0.0,,0.0,0.0,0.0,0.0,7.0,0.0,0.0,0.0,0.0,0.0,0.0,0.0,0.0,,Rajasthan,Rajsamand
rajasthan,rajsamand,2020,0.0,,0.0,,1.0,0.0,0.0,0.0,0.0,0.0,0.0,,,0.0,0.0,0.0,,0.0,0.0,0.0,0.0,1.0,0.0,0.0,,0.0,0.0,1.0,0.0,0.0,,Rajasthan,Rajsamand
rajasthan,rajsamand,2021,0.0,,0.0,0.0,0.0,,1.0,0.0,0.0,,0.0,0.0,0.0,,0.0,0.0,0.0,,,2.0,2.0,0.0,0.0,0.0,0.0,0.0,0.0,0.0,0.0,3.0,7.0,Rajasthan,Rajsamand
rajasthan,rajsamand,2022,0.0,0.0,,0.0,1.0,2.0,,0.0,2.0,0.0,0.0,0.0,0.0,0.0,0.0,0.0,0.0,0.0,0.0,,1.0,4.0,,1.0,,0.0,0.0,1.0,0.0,0.0,7.0,Rajasthan,Rajsamand
rajasthan,sawai madhopur,2017,0.0,0.0,,2.0,,0.0,0.0,0.0,0.0,0.0,0.0,0.0,0.0,9.0,3.0,0.0,0.0,0.0,0.0,0.0,0.0,14.0,0.0,,0.0,0.0,0.0,2.0,0.0,6.0,25.0,Rajasthan,Sawai Madhopur
rajasthan,sawai madhopur,2018,0.0,0.0,0.0,0.0,0.0,0.0,0.0,0.0,0.0,0.0,0.0,0.0,0.0,14.0,1.0,0.0,0.0,0.0,0.0,0.0,,17.0,2.0,0.0,0.0,0.0,0.0,0.0,0.0,16.0,37.0,Rajasthan,Sawai Madhopur
rajasthan,sawai madhopur,2019,0.0,0.0,0.0,0.0,0.0,0.0,,0.0,0.0,0.0,0.0,0.0,,23.0,0.0,1.0,0.0,0.0,0.0,,0.0,11.0,,0.0,0.0,0.0,0.0,0.0,0.0,,24.0,Rajasthan,Sawai Madhopur
rajasthan,sawai madhopur,2020,0.0,0.0,0.0,0.0,0.0,0.0,0.0,,0.0,0.0,0.0,0.0,0.0,3.0,0.0,0.0,,0.0,,0.0,,4.0,,0.0,0.0,0.0,0.0,0.0,0.0,15.0,20.0,Rajasthan,Sawai Madhopur
rajasthan,sawai madhopur,2021,0.0,0.0,0.0,,0.0,7.0,0.0,0.0,0.0,0.0,,0.0,0.0,3.0,,0.0,0.0,0.0,0.0,0.0,0.0,10.0,1.0,0.0,0.0,,0.0,0.0,0.0,15.0,26.0,Rajasthan,Sawai Madhopur
rajasthan,sawai madhopur,2022,0.0,0.0,0.0,0.0,0.0,9.0,0.0,,0.0,0.0,0.0,0.0,0.0,4.0,,0.0,0.0,,0.0,,0.0,22.0,2.0,0.0,0.0,0.0,0.0,,0.0,10.0,34.0,Rajasthan,Sawai Madhopur
rajasthan,sikar,2017,0.0,0.0,2.0,0.0,0.0,0.0,0.0,,0.0,0.0,0.0,0.0,,0.0,5.0,0.0,12.0,0.0,0.0,0.0,0.0,0.0,0.0,0.0,0.0,0.0,0.0,0.0,0.0,6.0,23.0,Rajasthan,Sikar
rajasthan,sikar,2018,0.0,0.0,0.0,0.0,2.0,0.0,0.0,0.0,0.0,0.0,0.0,0.0,0.0,0.0,20.0,,10.0,0.0,0.0,,0.0,0.0,0.0,0.0,0.0,0.0,0.0,1.0,0.0,3.0,34.0,Rajasthan,Sikar
rajasthan,sikar,2019,0.0,,0.0,0.0,16.0,0.0,0.0,0.0,0.0,0.0,0.0,0.0,,0.0,0.0,0.0,0.0,46.0,0.0,0.0,0.0,0.0,,0.0,0.0,0.0,0.0,0.0,0.0,0.0,46.0,Rajasthan,Sikar
rajasthan,sikar,2020,0.0,0.0,0.0,0.0,0.0,,0.0,0.0,0.0,0.0,0.0,0.0,0.0,5.0,0.0,0.0,,61.0,0.0,0.0,0.0,22.0,0.0,0.0,0.0,0.0,,0.0,0.0,0.0,83.0,Rajasthan,Sikar
rajasthan,sikar,2021,0.0,0.0,0.0,0.0,5.0,0.0,0.0,0.0,,0.0,0.0,0.0,0.0,0.0,25.0,0.0,17.0,25.0,33.0,31.0,9.0,0.0,0.0,0.0,3.0,0.0,0.0,15.0,2.0,0.0,160.0,Rajasthan,Sikar
rajasthan,sikar,2022,,0.0,0.0,0.0,,,0.0,0.0,0.0,,0.0,0.0,0.0,3.0,4.0,0.0,0.0,0.0,7.0,0.0,0.0,,0.0,0.0,29.0,0.0,0.0,0.0,2.0,,44.0,Rajasthan,Sikar
rajasthan,sirohi,2017,0.0,0.0,0.0,0.0,0.0,0.0,,0.0,0.0,0.0,0.0,,0.0,0.0,,0.0,0.0,0.0,0.0,0.0,0.0,0.0,0.0,0.0,0.0,0.0,0.0,0.0,0.0,0.0,0.0,Rajasthan,Sirohi
rajasthan,sirohi,2018,0.0,0.0,0.0,0.0,0.0,0.0,0.0,0.0,0.0,0.0,0.0,0.0,0.0,0.0,0.0,0.0,0.0,0.0,0.0,0.0,,0.0,0.0,0.0,,0.0,0.0,0.0,0.0,1.0,1.0,Rajasthan,Sirohi
rajasthan,sirohi,2019,0.0,1.0,0.0,0.0,0.0,,1.0,0.0,1.0,0.0,0.0,0.0,0.0,0.0,0.0,0.0,0.0,0.0,0.0,0.0,14.0,0.0,0.0,,0.0,0.0,0.0,0.0,,0.0,,Rajasthan,Sirohi
rajasthan,sirohi,2020,,0.0,0.0,0.0,0.0,1.0,0.0,0.0,0.0,,0.0,0.0,,0.0,0.0,0.0,0.0,0.0,0.0,0.0,,0.0,0.0,0.0,0.0,0.0,0.0,0.0,0.0,,13.0,Rajasthan,Sirohi
rajasthan,sirohi,2021,0.0,0.0,0.0,0.0,0.0,0.0,,0.0,0.0,0.0,,0.0,0.0,0.0,1.0,1.0,0.0,0.0,0.0,3.0,3.0,,0.0,0.0,0.0,0.0,0.0,3.0,0.0,11.0,,Rajasthan,Sirohi
rajasthan,tonk,2017,,,0.0,0.0,0.0,5.0,0.0,0.0,0.0,,0.0,0.0,0.0,0.0,0.0,0.0,0.0,0.0,0.0,0.0,0.0,7.0,0.0,0.0,0.0,0.0,0.0,0.0,0.0,0.0,7.0,Rajasthan,Tonk
rajasthan,tonk,2018,0.0,0.0,0.0,0.0,0.0,10.0,,0.0,0.0,0.0,,0.0,0.0,0.0,0.0,0.0,0.0,0.0,0.0,,0.0,0.0,0.0,,0.0,0.0,0.0,0.0,0.0,0.0,0.0,Rajasthan,Tonk
rajasthan,tonk,2019,0.0,0.0,0.0,0.0,,47.0,,0.0,0.0,0.0,,0.0,,0.0,0.0,,0.0,0.0,0.0,0.0,0.0,,0.0,0.0,0.0,0.0,0.0,0.0,0.0,0.0,,Rajasthan,Tonk
rajasthan,tonk,2020,0.0,0.0,0.0,0.0,0.0,26.0,0.0,,0.0,0.0,0.0,0.0,0.0,0.0,0.0,,0.0,0.0,0.0,0.0,5.0,0.0,,0.0,0.0,0.0,0.0,0.0,0.0,0.0,5.0,Rajasthan,Tonk
rajasthan,tonk,2021,,0.0,0.0,0.0,0.0,15.0,0.0,0.0,,0.0,0.0,0.0,0.0,0.0,0.0,0.0,0.0,,,0.0,0.0,4.0,0.0,0.0,0.0,0.0,0.0,0.0,0.0,0.0,4.0,Rajasthan,Tonk
rajasthan,tonk,2022,0.0,0.0,0.0,0.0,,3.0,1.0,0.0,,0.0,0.0,0.0,0.0,,0.0,0.0,,0.0,0.0,0.0,0.0,3.0,0.0,0.0,0.0,0.0,0.0,0.0,,0.0,3.0,Rajasthan,Tonk
rajasthan,udaipur,2017,,0.0,0.0,0.0,3.0,0.0,0.0,0.0,0.0,0.0,0.0,0.0,0.0,3.0,0.0,0.0,0.0,0.0,0.0,0.0,0.0,0.0,0.0,0.0,0.0,0.0,0.0,0.0,0.0,0.0,0.0,Rajasthan,Udaipur
rajasthan,udaipur,2018,0.0,0.0,0.0,0.0,0.0,0.0,0.0,0.0,0.0,0.0,,0.0,0.0,,0.0,0.0,0.0,0.0,0.0,0.0,0.0,0.0,0.0,0.0,0.0,0.0,,0.0,0.0,0.0,0.0,Rajasthan,Udaipur
rajasthan,udaipur,2019,0.0,0.0,0.0,0.0,0.0,0.0,0.0,0.0,1.0,0.0,0.0,0.0,0.0,,0.0,0.0,,0.0,0.0,0.0,0.0,0.0,0.0,0.0,0.0,0.0,0.0,0.0,0.0,0.0,0.0,Rajasthan,Udaipur
rajasthan,udaipur,2020,,0.0,3.0,0.0,2.0,0.0,0.0,0.0,,0.0,0.0,0.0,0.0,,0.0,0.0,0.0,0.0,0.0,0.0,0.0,0.0,,0.0,0.0,0.0,0.0,0.0,0.0,0.0,0.0,Rajasthan,Udaipur
rajasthan,udaipur,2021,0.0,0.0,1.0,0.0,1.0,2.0,0.0,0.0,3.0,,0.0,0.0,0.0,2.0,0.0,0.0,0.0,0.0,0.0,0.0,0.0,0.0,0.0,0.0,0.0,0.0,0.0,0.0,0.0,0.0,0.0,Rajasthan,Udaipur
sikkim,gangtok,2017,0.0,,0.0,0.0,0.0,0.0,0.0,0.0,0.0,0.0,0.0,0.0,0.0,0.0,,0.0,0.0,0.0,0.0,0.0,0.0,,0.0,0.0,0.0,,0.0,0.0,0.0,0.0,0.0,Sikkim,Gangtok
sikkim,gangtok,2018,,,0.0,0.0,0.0,0.0,0.0,0.0,0.0,0.0,,0.0,0.0,0.0,0.0,0.0,0.0,0.0,0.0,0.0,0.0,0.0,0.0,0.0,0.0,0.0,0.0,0.0,0.0,0.0,0.0,Sikkim,Gangtok
sikkim,gangtok,2019,0.0,0.0,0.0,0.0,0.0,0.0,0.0,0.0,0.0,0.0,,0.0,0.0,0.0,,0.0,0.0,0.0,0.0,0.0,0.0,0.0,0.0,0.0,0.0,0.0,0.0,0.0,0.0,0.0,0.0,Sikkim,Gangtok
sikkim,gangtok,2020,0.0,0.0,0.0,0.0,0.0,0.0,0.0,0.0,0.0,0.0,0.0,0.0,0.0,0.0,0.0,0.0,0.0,0.0,0.0,0.0,0.0,0.0,0.0,0.0,0.0,,0.0,0.0,0.0,0.0,0.0,Sikkim,Gangtok
sikkim,gangtok,2021,0.0,0.0,0.0,0.0,0.0,0.0,0.0,0.0,0.0,0.0,0.0,0.0,0.0,0.0,0.0,0.0,0.0,0.0,0.0,0.0,0.0,0.0,0.0,0.0,0.0,0.0,0.0,0.0,0.0,0.0,0.0,Sikkim,Gangtok
sikkim,gangtok,2022,0.0,0.0,1.0,,1.0,16.0,4.0,0.0,0.0,0.0,0.0,0.0,,0.0,0.0,0.0,,0.0,0.0,0.0,0.0,,0.0,0.0,0.0,0.0,0.0,0.0,0.0,0.0,0.0,Sikkim,Gangtok
sikkim,gyalshing,2017,0.0,0.0,0.0,0.0,0.0,0.0,0.0,0.0,0.0,0.0,0.0,0.0,,0.0,0.0,0.0,0.0,0.0,0.0,0.0,0.0,0.0,0.0,0.0,0.0,0.0,0.0,0.0,0.0,0.0,0.0,Sikkim,Gyalshing
sikkim,gyalshing,2018,0.0,0.0,0.0,0.0,0.0,0.0,0.0,,0.0,0.0,0.0,,0.0,0.0,0.0,0.0,,0.0,,0.0,0.0,0.0,0.0,0.0,0.0,0.0,0.0,0.0,0.0,0.0,0.0,Sikkim,Gyalshing
sikkim,gyalshing,2019,0.0,0.0,0.0,0.0,0.0,0.0,0.0,0.0,,0.0,0.0,0.0,,0.0,0.0,0.0,0.0,0.0,,0.0,0.0,0.0,0.0,0.0,0.0,,0.0,0.0,,0.0,0.0,Sikkim,Gyalshing
sikkim,gyalshing,2020,0.0,0.0,0.0,0.0,0.0,0.0,,0.0,0.0,0.0,0.0,0.0,0.0,0.0,0.0,,0.0,0.0,0.0,0.0,0.0,0.0,0.0,0.0,0.0,,0.0,0.0,0.0,0.0,0.0,Sikkim,Gyalshing
sikkim,gyalshing,2021,0.0,0.0,0.0,0.0,0.0,0.0,0.0,0.0,0.0,0.0,0.0,,0.0,0.0,0.0,0.0,0.0,0.0,0.0,0.0,0.0,0.0,0.0,0.0,0.0,0.0,0.0,0.0,0.0,0.0,0.0,Sikkim,Gyalshing
sikkim,gyalshing,2022,0.0,0.0,0.0,0.0,0.0,0.0,0.0,,0.0,0.0,0.0,0.0,0.0,0.0,0.0,0.0,0.0,,0.0,0.0,0.0,0.0,0.0,0.0,0.0,0.0,0.0,0.0,0.0,0.0,,Sikkim,Gyalshing
sikkim,mangan,2017,0.0,0.0,0.0,0.0,0.0,0.0,0.0,0.0,0.0,0.0,0.0,0.0,0.0,0.0,0.0,,,0.0,0.0,,,0.0,0.0,0.0,,0.0,0.0,0.0,0.0,0.0,,Sikkim,Mangan
sikkim,mangan,2019,0.0,0.0,0.0,0.0,0.0,,,0.0,0.0,0.0,0.0,0.0,0.0,0.0,0.0,0.0,0.0,0.0,0.0,0.0,0.0,0.0,0.0,0.0,0.0,0.0,0.0,0.0,0.0,0.0,0.0,Sikkim,Mangan
sikkim,mangan,2020,0.0,0.0,0.0,0.0,0.0,0.0,0.0,,0.0,0.0,0.0,0.0,,0.0,0.0,0.0,,0.0,0.0,0.0,0.0,0.0,,0.0,0.0,,0.0,0.0,,0.0,0.0,Sikkim,Mangan
sikkim,mangan,2021,0.0,0.0,0.0,0.0,,0.0,0.0,0.0,0.0,0.0,,0.0,0.0,0.0,0.0,0.0,0.0,0.0,0.0,0.0,0.0,0.0,0.0,0.0,0.0,0.0,0.0,0.0,0.0,,0.0,Sikkim,Mangan
sikkim,mangan,2022,0.0,0.0,0.0,0.0,,0.0,0.0,0.0,0.0,0.0,0.0,,0.0,0.0,0.0,,0.0,0.0,0.0,0.0,0.0,0.0,0.0,0.0,,0.0,0.0,0.0,0.0,0.0,0.0,Sikkim,Mangan
sikkim,namchi,2017,0.0,0.0,,0.0,,,0.0,0.0,0.0,0.0,0.0,0.0,0.0,0.0,0.0,0.0,0.0,0.0,0.0,0.0,0.0,,0.0,0.0,,0.0,0.0,0.0,,0.0,,Sikkim,Namchi
sikkim,namchi,2018,,0.0,,0.0,,0.0,0.0,,0.0,0.0,0.0,0.0,,0.0,0.0,0.0,0.0,0.0,0.0,0.0,0.0,,0.0,0.0,0.0,,,0.0,0.0,0.0,,Sikkim,Namchi
sikkim,namchi,2019,0.0,,0.0,0.0,,0.0,0.0,0.0,0.0,0.0,0.0,0.0,0.0,0.0,0.0,0.0,0.0,0.0,0.0,0.0,0.0,0.0,0.0,0.0,,0.0,0.0,0.0,0.0,0.0,0.0,Sikkim,Namchi
sikkim,namchi,2020,0.0,0.0,0.0,0.0,0.0,0.0,0.0,0.0,0.0,0.0,0.0,0.0,0.0,0.0,0.0,0.0,0.0,0.0,0.0,0.0,0.0,0.0,0.0,0.0,0.0,0.0,0.0,0.0,0.0,0.0,0.0,Sikkim,Namchi
sikkim,namchi,2021,0.0,0.0,0.0,,0.0,0.0,,0.0,,0.0,0.0,0.0,0.0,0.0,0.0,0.0,0.0,0.0,0.0,0.0,0.0,0.0,0.0,0.0,0.0,0.0,0.0,0.0,0.0,0.0,0.0,Sikkim,Namchi
sikkim,pakyong,2022,0.0,0.0,0.0,,0.0,0.0,,0.0,0.0,0.0,0.0,0.0,0.0,,0.0,0.0,,0.0,0.0,0.0,0.0,0.0,0.0,0.0,0.0,0.0,0.0,0.0,0.0,0.0,0.0,Sikkim,Pakyong
sikkim,soreng,2022,0.0,0.0,0.0,0.0,,0.0,0.0,0.0,0.0,0.0,0.0,0.0,,0.0,0.0,0.0,0.0,0.0,0.0,0.0,0.0,,0.0,0.0,0.0,0.0,,0.0,0.0,0.0,0.0,Sikkim,Soreng
tamil nadu,ariyalur,2017,,0.0,0.0,0.0,0.0,0.0,,0.0,0.0,,,0.0,0.0,0.0,0.0,0.0,0.0,0.0,0.0,0.0,0.0,0.0,0.0,0.0,0.0,0.0,0.0,0.0,0.0,,0.0,Tamil Nadu,Ariyalur
tamil nadu,ariyalur,2018,,,0.0,0.0,0.0,0.0,0.0,0.0,0.0,0.0,0.0,0.0,0.0,0.0,0.0,0.0,0.0,,0.0,0.0,,,0.0,0.0,0.0,0.0,0.0,0.0,0.0,0.0,0.0,Tamil Nadu,Ariyalur
tamil nadu,ariyalur,2019,0.0,0.0,0.0,0.0,0.0,0.0,0.0,0.0,0.0,0.0,0.0,0.0,0.0,0.0,0.0,0.0,0.0,0.0,0.0,0.0,0.0,0.0,0.0,0.0,,0.0,0.0,0.0,0.0,0.0,0.0,Tamil Nadu,Ariyalur
tamil nadu,ariyalur,2020,0.0,0.0,0.0,0.0,0.0,0.0,,0.0,,0.0,0.0,0.0,0.0,0.0,0.0,,,0.0,0.0,0.0,0.0,0.0,0.0,0.0,0.0,0.0,0.0,0.0,5.0,0.0,5.0,Tamil Nadu,Ariyalur
tamil nadu,ariyalur,2021,0.0,0.0,0.0,0.0,1.0,10.0,0.0,0.0,0.0,,0.0,0.0,0.0,0.0,0.0,0.0,0.0,0.0,0.0,0.0,0.0,0.0,,0.0,0.0,0.0,0.0,0.0,1.0,0.0,1.0,Tamil Nadu,Ariyalur
tamil nadu,ariyalur,2022,0.0,0.0,0.0,0.0,0.0,0.0,0.0,0.0,,,0.0,0.0,0.0,0.0,0.0,0.0,0.0,0.0,,0.0,0.0,10.0,0.0,0.0,0.0,0.0,0.0,0.0,0.0,0.0,10.0,Tamil Nadu,Ariyalur
tamil nadu,chengalpattu,2020,,0.0,0.0,,0.0,0.0,,0.0,0.0,0.0,0.0,0.0,0.0,0.0,0.0,0.0,0.0,0.0,,0.0,0.0,0.0,0.0,0.0,0.0,0.0,,0.0,0.0,0.0,,Tamil Nadu,Chengalpattu
tamil nadu,chengalpattu,2021,0.0,0.0,0.0,0.0,0.0,0.0,0.0,,0.0,,0.0,,0.0,,0.0,,,0.0,0.0,0.0,0.0,1.0,0.0,0.0,0.0,0.0,0.0,0.0,0.0,0.0,1.0,Tamil Nadu,Chengalpattu
tamil nadu,chengalpattu,2022,0.0,0.0,3.0,0.0,1.0,39.0,0.0,0.0,6.0,0.0,0.0,0.0,0.0,2.0,0.0,0.0,0.0,0.0,0.0,0.0,0.0,0.0,0.0,0.0,0.0,0.0,0.0,0.0,,0.0,0.0,Tamil Nadu,Chengalpattu
tamil nadu,chennaai,2022,1.0,0.0,8.0,,7.0,25.0,4.0,0.0,0.0,0.0,0.0,0.0,0.0,1.0,2.0,0.0,6.0,5.0,7.0,16.0,0.0,106.0,3.0,1.0,,0.0,0.0,3.0,,7.0,172.0,Tamil Nadu,Chennaai
tamil nadu,chennai,2017,0.0,6.0,0.0,1.0,10.0,18.0,0.0,0.0,3.0,0.0,0.0,0.0,0.0,0.0,1.0,0.0,0.0,0.0,2.0,0.0,1.0,2.0,2.0,0.0,0.0,0.0,0.0,0.0,0.0,5.0,13.0,Tamil Nadu,Chennai
tamil nadu,chennai,2018,0.0,0.0,1.0,1.0,0.0,0.0,0.0,0.0,0.0,0.0,0.0,0.0,0.0,0.0,0.0,0.0,0.0,0.0,0.0,0.0,0.0,2.0,3.0,0.0,0.0,0.0,0.0,0.0,1.0,0.0,6.0,Tamil Nadu,Chennai
tamil nadu,chennai,2019,1.0,12.0,6.0,0.0,14.0,11.0,1.0,0.0,0.0,0.0,0.0,0.0,0.0,0.0,3.0,1.0,0.0,0.0,1.0,1.0,6.0,1.0,2.0,6.0,0.0,0.0,0.0,0.0,15.0,4.0,42.0,Tamil Nadu,Chennai
tamil nadu,chennai,2020,0.0,8.0,6.0,2.0,12.0,26.0,0.0,0.0,0.0,0.0,0.0,0.0,0.0,0.0,0.0,0.0,0.0,0.0,0.0,0.0,1.0,56.0,4.0,1.0,0.0,0.0,0.0,7.0,15.0,11.0,97.0,Tamil Nadu,Chennai
tamil nadu,chennai,2021,0.0,2.0,5.0,0.0,3.0,20.0,3.0,0.0,0.0,0.0,0.0,0.0,0.0,3.0,0.0,0.0,0.0,0.0,0.0,0.0,4.0,0.0,0.0,0.0,0.0,0.0,0.0,1.0,0.0,1.0,6.0,Tamil Nadu,Chennai
tamil nadu,chennai,2022,0.0,0.0,1.0,0.0,0.0,0.0,0.0,0.0,0.0,0.0,0.0,0.0,0.0,0.0,0.0,0.0,0.0,0.0,0.0,0.0,0.0,0.0,0.0,0.0,0.0,0.0,0.0,0.0,1.0,0.0,4.0,Tamil Nadu,Chennai
tamil nadu,coimbatore,2017,0.0,0.0,0.0,0.0,0.0,0.0,0.0,0.0,0.0,0.0,0.0,0.0,0.0,0.0,0.0,0.0,0.0,1.0,2.0,0.0,0.0,13.0,0.0,0.0,0.0,0.0,0.0,0.0,0.0,2.0,18.0,Tamil Nadu,Coimbatore
tamil nadu,coimbatore,2018,0.0,0.0,2.0,0.0,0.0,6.0,0.0,0.0,0.0,0.0,0.0,0.0,0.0,0.0,0.0,0.0,0.0,0.0,0.0,0.0,0.0,0.0,0.0,0.0,0.0,0.0,0.0,0.0,0.0,3.0,9.0,Tamil Nadu,Coimbatore
tamil nadu,coimbatore,2019,0.0,0.0,0.0,0.0,0.0,0.0,1.0,0.0,1.0,0.0,0.0,0.0,1.0,0.0,1.0,0.0,0.0,0.0,2.0,0.0,0.0,0.0,0.0,0.0,0.0,0.0,0.0,1.0,0.0,0.0,0.0,Tamil Nadu,Coimbatore
tamil nadu,coimbatore,2020,0.0,0.0,1.0,0.0,1.0,0.0,0.0,0.0,0.0,0.0,0.0,0.0,0.0,0.0,0.0,0.0,0.0,1.0,0.0,0.0,0.0,2.0,0.0,0.0,0.0,0.0,0.0,0.0,0.0,0.0,3.0,Tamil Nadu,Coimbatore
tamil nadu,coimbatore,2021,0.0,0.0,0.0,0.0,2.0,24.0,0.0,0.0,0.0,0.0,0.0,0.0,0.0,0.0,1.0,0.0,3.0,12.0,15.0,0.0,0.0,9.0,0.0,0.0,0.0,0.0,0.0,0.0,0.0,0.0,43.0,Tamil Nadu,Coimbatore
tamil nadu,coimbatore,2022,0.0,0.0,0.0,0.0,0.0,34.0,0.0,0.0,4.0,0.0,0.0,0.0,0.0,0.0,2.0,0.0,0.0,6.0,39.0,0.0,4.0,17.0,0.0,0.0,0.0,0.0,0.0,1.0,0.0,0.0,8.0,Tamil Nadu,Coimbatore
tamil nadu,cuddalore,2017,0.0,,0.0,0.0,0.0,0.0,,0.0,0.0,0.0,0.0,0.0,0.0,,0.0,0.0,0.0,0.0,0.0,,,0.0,0.0,,0.0,0.0,0.0,,0.0,0.0,0.0,Tamil Nadu,Cuddalore
tamil nadu,cuddalore,2018,0.0,0.0,0.0,0.0,0.0,0.0,0.0,0.0,0.0,0.0,0.0,0.0,0.0,0.0,0.0,0.0,0.0,0.0,0.0,0.0,0.0,0.0,0.0,0.0,0.0,0.0,0.0,0.0,0.0,,0.0,Tamil Nadu,Cuddalore
tamil nadu,cuddalore,2019,0.0,0.0,0.0,,0.0,0.0,0.0,0.0,0.0,,0.0,0.0,0.0,,0.0,0.0,0.0,0.0,0.0,0.0,0.0,0.0,0.0,0.0,0.0,0.0,0.0,0.0,0.0,0.0,0.0,Tamil Nadu,Cuddalore
tamil nadu,cuddalore,2020,0.0,0.0,0.0,0.0,0.0,0.0,0.0,0.0,0.0,0.0,0.0,0.0,0.0,0.0,0.0,0.0,0.0,0.0,0.0,0.0,0.0,,0.0,,0.0,0.0,0.0,0.0,0.0,0.0,0.0,Tamil Nadu,Cuddalore
tamil nadu,cuddalore,2021,0.0,,,,0.0,44.0,0.0,0.0,,0.0,0.0,0.0,0.0,0.0,0.0,0.0,0.0,0.0,0.0,0.0,0.0,1.0,0.0,0.0,0.0,0.0,,0.0,0.0,,1.0,Tamil Nadu,Cuddalore
tamil nadu,cuddalore,2022,0.0,0.0,0.0,0.0,0.0,51.0,0.0,,,,0.0,0.0,0.0,0.0,,0.0,0.0,,0.0,0.0,,0.0,0.0,0.0,,0.0,0.0,,0.0,,,Tamil Nadu,Cuddalore
tamil nadu,dharmapuri,2017,1.0,0.0,0.0,0.0,0.0,0.0,0.0,0.0,,0.0,0.0,0.0,0.0,,0.0,0.0,0.0,,0.0,0.0,,0.0,0.0,0.0,0.0,0.0,0.0,0.0,0.0,0.0,0.0,Tamil Nadu,Dharmapuri
tamil nadu,dharmapuri,2018,,0.0,2.0,0.0,0.0,0.0,0.0,0.0,0.0,0.0,,0.0,0.0,,0.0,0.0,,0.0,0.0,0.0,0.0,0.0,0.0,0.0,0.0,0.0,0.0,0.0,0.0,0.0,0.0,Tamil Nadu,Dharmapuri
tamil nadu,dharmapuri,2019,,0.0,0.0,0.0,,0.0,0.0,,0.0,0.0,0.0,,0.0,2.0,0.0,0.0,0.0,,0.0,0.0,0.0,0.0,0.0,0.0,0.0,0.0,0.0,0.0,0.0,0.0,0.0,Tamil Nadu,Dharmapuri
tamil nadu,dharmapuri,2020,0.0,0.0,,0.0,0.0,0.0,,0.0,0.0,0.0,0.0,0.0,0.0,,0.0,0.0,0.0,0.0,0.0,,0.0,0.0,0.0,0.0,0.0,0.0,0.0,0.0,0.0,0.0,0.0,Tamil Nadu,Dharmapuri
tamil nadu,dharmapuri,2021,0.0,0.0,,0.0,1.0,15.0,1.0,0.0,0.0,0.0,0.0,0.0,0.0,0.0,0.0,0.0,0.0,0.0,0.0,0.0,0.0,0.0,0.0,0.0,0.0,0.0,0.0,0.0,0.0,0.0,0.0,Tamil Nadu,Dharmapuri
tamil nadu,dindigul,2018,,0.0,0.0,,0.0,0.0,0.0,0.0,0.0,0.0,0.0,0.0,0.0,0.0,0.0,0.0,0.0,0.0,0.0,0.0,0.0,0.0,0.0,0.0,0.0,0.0,0.0,0.0,0.0,0.0,0.0,Tamil Nadu,Dindigul
tamil nadu,dindigul,2019,0.0,0.0,0.0,0.0,0.0,0.0,0.0,0.0,0.0,0.0,0.0,0.0,0.0,0.0,0.0,0.0,0.0,0.0,0.0,0.0,0.0,0.0,0.0,0.0,0.0,0.0,0.0,0.0,0.0,0.0,0.0,Tamil Nadu,Dindigul
tamil nadu,dindigul,2020,0.0,,,0.0,1.0,0.0,0.0,0.0,,0.0,0.0,,0.0,,0.0,0.0,0.0,0.0,0.0,0.0,0.0,0.0,0.0,0.0,0.0,0.0,0.0,0.0,0.0,0.0,0.0,Tamil Nadu,Dindigul
tamil nadu,dindigul,2021,0.0,,0.0,1.0,1.0,20.0,0.0,0.0,2.0,,0.0,0.0,0.0,0.0,0.0,0.0,0.0,0.0,0.0,0.0,0.0,0.0,0.0,0.0,0.0,0.0,0.0,0.0,,0.0,12.0,Tamil Nadu,Dindigul
tamil nadu,dindigul,2022,0.0,0.0,,0.0,4.0,28.0,,0.0,7.0,0.0,0.0,0.0,0.0,0.0,1.0,1.0,,0.0,15.0,0.0,0.0,0.0,0.0,0.0,0.0,0.0,0.0,0.0,8.0,1.0,26.0,Tamil Nadu,Dindigul
tamil nadu,erode,2017,0.0,0.0,0.0,0.0,0.0,0.0,0.0,0.0,0.0,0.0,0.0,,0.0,0.0,0.0,0.0,0.0,0.0,0.0,0.0,0.0,0.0,0.0,0.0,0.0,0.0,0.0,0.0,0.0,0.0,0.0,Tamil Nadu,Erode
tamil nadu,erode,2018,0.0,0.0,,0.0,0.0,,0.0,0.0,0.0,0.0,0.0,,0.0,,0.0,,0.0,0.0,0.0,0.0,,0.0,0.0,0.0,,0.0,0.0,,0.0,0.0,0.0,Tamil Nadu,Erode
tamil nadu,erode,2019,0.0,0.0,0.0,,0.0,0.0,0.0,0.0,0.0,0.0,0.0,0.0,0.0,0.0,0.0,,0.0,0.0,0.0,0.0,0.0,0.0,0.0,0.0,0.0,0.0,,0.0,0.0,0.0,0.0,Tamil Nadu,Erode
tamil nadu,erode,2020,0.0,0.0,0.0,0.0,0.0,0.0,,0.0,0.0,0.0,,0.0,0.0,0.0,0.0,0.0,,0.0,0.0,0.0,0.0,0.0,0.0,,0.0,0.0,0.0,0.0,0.0,0.0,,Tamil Nadu,Erode
tamil nadu,erode,2021,0.0,0.0,0.0,,0.0,13.0,0.0,0.0,0.0,0.0,,0.0,0.0,,0.0,,0.0,0.0,0.0,0.0,0.0,0.0,0.0,0.0,0.0,0.0,0.0,,0.0,0.0,0.0,Tamil Nadu,Erode
tamil nadu,erode,2022,0.0,0.0,0.0,0.0,0.0,28.0,0.0,0.0,0.0,,0.0,0.0,0.0,0.0,0.0,0.0,0.0,,0.0,0.0,0.0,0.0,0.0,0.0,0.0,0.0,0.0,0.0,0.0,0.0,,Tamil Nadu,Erode
tamil nadu,kaanchipuram,2022,0.0,1.0,0.0,0.0,8.0,6.0,0.0,0.0,,,0.0,0.0,0.0,0.0,0.0,0.0,0.0,0.0,0.0,,0.0,0.0,0.0,0.0,0.0,0.0,,0.0,1.0,0.0,1.0,Tamil Nadu,Kaanchipuram
tamil nadu,kallakurichi,2020,0.0,,0.0,0.0,0.0,0.0,0.0,0.0,0.0,0.0,0.0,0.0,0.0,0.0,0.0,0.0,0.0,,0.0,0.0,0.0,0.0,0.0,0.0,0.0,,0.0,0.0,0.0,0.0,0.0,Tamil Nadu,Kallakurichi
tamil nadu,kallakurichi,2021,0.0,0.0,0.0,0.0,,0.0,,0.0,0.0,0.0,0.0,0.0,0.0,0.0,0.0,,0.0,0.0,0.0,,0.0,0.0,0.0,0.0,0.0,0.0,0.0,0.0,,0.0,0.0,Tamil Nadu,Kallakurichi
tamil nadu,kallakurichi,2022,0.0,0.0,0.0,0.0,0.0,1.0,0.0,0.0,0.0,0.0,,0.0,,,0.0,0.0,,0.0,0.0,0.0,0.0,0.0,0.0,0.0,0.0,0.0,0.0,0.0,0.0,,0.0,Tamil Nadu,Kallakurichi
tamil nadu,kanchipuram,2017,0.0,0.0,,0.0,,0.0,0.0,0.0,0.0,0.0,0.0,0.0,0.0,0.0,0.0,,0.0,0.0,0.0,0.0,0.0,0.0,0.0,0.0,0.0,0.0,0.0,0.0,0.0,0.0,0.0,Tamil Nadu,Kanchipuram
tamil nadu,kanchipuram,2018,0.0,0.0,0.0,0.0,0.0,0.0,0.0,0.0,0.0,0.0,0.0,0.0,0.0,0.0,0.0,0.0,0.0,0.0,0.0,0.0,0.0,0.0,0.0,0.0,0.0,0.0,0.0,0.0,0.0,0.0,0.0,Tamil Nadu,Kanchipuram
tamil nadu,kanchipuram,2019,0.0,0.0,0.0,0.0,0.0,0.0,0.0,0.0,0.0,0.0,0.0,0.0,0.0,0.0,0.0,0.0,0.0,,0.0,0.0,0.0,0.0,,0.0,0.0,0.0,0.0,0.0,0.0,,0.0,Tamil Nadu,Kanchipuram
tamil nadu,kanchipuram,2020,0.0,0.0,0.0,0.0,0.0,0.0,0.0,0.0,0.0,,0.0,0.0,0.0,0.0,0.0,,0.0,0.0,0.0,0.0,0.0,,0.0,0.0,0.0,0.0,,0.0,0.0,0.0,,Tamil Nadu,Kanchipuram
tamil nadu,kanchipuram,2021,0.0,0.0,0.0,0.0,23.0,0.0,0.0,0.0,0.0,,0.0,0.0,0.0,0.0,0.0,0.0,0.0,0.0,0.0,0.0,0.0,0.0,0.0,0.0,0.0,0.0,0.0,0.0,0.0,0.0,0.0,Tamil Nadu,Kanchipuram
tamil nadu,kanniyakumari,2017,0.0,0.0,4.0,0.0,0.0,0.0,0.0,0.0,0.0,,,0.0,,0.0,0.0,0.0,0.0,0.0,0.0,0.0,0.0,0.0,0.0,0.0,0.0,0.0,0.0,0.0,0.0,0.0,0.0,Tamil Nadu,Kanniyakumari
tamil nadu,kanniyakumari,2018,0.0,0.0,0.0,0.0,0.0,0.0,0.0,0.0,0.0,0.0,,0.0,0.0,0.0,0.0,0.0,0.0,0.0,0.0,0.0,0.0,0.0,0.0,0.0,0.0,0.0,0.0,,0.0,0.0,,Tamil Nadu,Kanniyakumari
tamil nadu,kanniyakumari,2019,1.0,,3.0,0.0,,3.0,1.0,,0.0,0.0,,,0.0,0.0,0.0,0.0,,0.0,,0.0,,0.0,0.0,0.0,0.0,0.0,0.0,0.0,0.0,0.0,0.0,Tamil Nadu,Kanniyakumari
tamil nadu,kanniyakumari,2020,0.0,0.0,0.0,0.0,0.0,0.0,0.0,0.0,0.0,0.0,0.0,0.0,,0.0,0.0,0.0,0.0,0.0,0.0,0.0,0.0,0.0,0.0,0.0,0.0,0.0,0.0,,0.0,0.0,0.0,Tamil Nadu,Kanniyakumari
tamil nadu,kanniyakumari,2021,0.0,0.0,0.0,0.0,0.0,2.0,0.0,0.0,,0.0,0.0,0.0,0.0,0.0,0.0,,,4.0,0.0,0.0,0.0,0.0,0.0,0.0,0.0,0.0,0.0,0.0,0.0,0.0,4.0,Tamil Nadu,Kanniyakumari
tamil nadu,kanniyakumari,2022,0.0,0.0,0.0,0.0,0.0,,0.0,0.0,,0.0,0.0,0.0,0.0,0.0,2.0,0.0,0.0,0.0,0.0,0.0,0.0,0.0,0.0,0.0,,0.0,0.0,0.0,3.0,0.0,5.0,Tamil Nadu,Kanniyakumari
tamil nadu,karur,2017,,0.0,0.0,0.0,0.0,0.0,0.0,0.0,0.0,0.0,0.0,0.0,0.0,1.0,0.0,0.0,0.0,,0.0,0.0,0.0,0.0,0.0,0.0,0.0,0.0,,0.0,0.0,0.0,0.0,Tamil Nadu,Karur
tamil nadu,karur,2018,0.0,0.0,0.0,0.0,0.0,6.0,0.0,0.0,0.0,0.0,0.0,0.0,0.0,0.0,0.0,0.0,0.0,0.0,0.0,0.0,,0.0,0.0,0.0,,0.0,0.0,0.0,0.0,0.0,0.0,Tamil Nadu,Karur
tamil nadu,karur,2019,0.0,0.0,,0.0,0.0,,0.0,0.0,0.0,0.0,0.0,0.0,0.0,0.0,0.0,0.0,0.0,0.0,0.0,0.0,0.0,0.0,0.0,0.0,0.0,,0.0,,0.0,0.0,0.0,Tamil Nadu,Karur
tamil nadu,karur,2020,0.0,0.0,0.0,0.0,1.0,2.0,0.0,,0.0,0.0,0.0,0.0,0.0,0.0,,0.0,0.0,0.0,0.0,,0.0,0.0,0.0,0.0,0.0,,0.0,0.0,0.0,0.0,0.0,Tamil Nadu,Karur
tamil nadu,karur,2022,,0.0,1.0,0.0,1.0,9.0,0.0,0.0,0.0,0.0,0.0,0.0,0.0,0.0,0.0,0.0,0.0,0.0,0.0,0.0,0.0,0.0,,0.0,0.0,0.0,0.0,0.0,2.0,0.0,2.0,Tamil Nadu,Karur
tamil nadu,krishnagiri,2017,,0.0,0.0,0.0,0.0,0.0,0.0,,0.0,0.0,0.0,0.0,0.0,1.0,0.0,0.0,0.0,,0.0,0.0,0.0,0.0,0.0,0.0,0.0,0.0,0.0,0.0,0.0,0.0,0.0,Tamil Nadu,Krishnagiri
tamil nadu,krishnagiri,2018,0.0,0.0,0.0,0.0,0.0,0.0,1.0,0.0,0.0,0.0,0.0,0.0,0.0,0.0,0.0,0.0,,0.0,0.0,,0.0,0.0,0.0,0.0,0.0,0.0,0.0,,0.0,0.0,,Tamil Nadu,Krishnagiri
tamil nadu,krishnagiri,2019,0.0,0.0,0.0,0.0,0.0,0.0,0.0,0.0,0.0,0.0,0.0,0.0,0.0,0.0,,0.0,0.0,0.0,0.0,,0.0,0.0,0.0,0.0,0.0,0.0,0.0,0.0,,3.0,7.0,Tamil Nadu,Krishnagiri
tamil nadu,krishnagiri,2020,0.0,0.0,0.0,0.0,0.0,0.0,0.0,0.0,0.0,0.0,0.0,0.0,0.0,0.0,0.0,0.0,0.0,0.0,,0.0,0.0,,0.0,0.0,0.0,0.0,0.0,0.0,0.0,0.0,,Tamil Nadu,Krishnagiri
tamil nadu,krishnagiri,2021,0.0,,0.0,0.0,0.0,0.0,0.0,0.0,0.0,0.0,0.0,0.0,,0.0,1.0,0.0,1.0,0.0,11.0,1.0,0.0,0.0,0.0,0.0,0.0,0.0,0.0,4.0,5.0,1.0,24.0,Tamil Nadu,Krishnagiri
tamil nadu,krishnagiri,2022,,0.0,0.0,0.0,1.0,43.0,,0.0,0.0,,0.0,0.0,0.0,0.0,,0.0,0.0,,0.0,,0.0,0.0,0.0,0.0,0.0,0.0,0.0,0.0,0.0,0.0,0.0,Tamil Nadu,Krishnagiri
tamil nadu,madurai,2017,0.0,0.0,1.0,0.0,1.0,0.0,0.0,1.0,6.0,0.0,0.0,0.0,0.0,3.0,0.0,0.0,0.0,0.0,0.0,0.0,0.0,0.0,0.0,0.0,0.0,0.0,,0.0,0.0,0.0,0.0,Tamil Nadu,Madurai
tamil nadu,madurai,2018,0.0,0.0,2.0,0.0,0.0,1.0,0.0,4.0,0.0,0.0,0.0,0.0,0.0,0.0,0.0,0.0,0.0,0.0,0.0,0.0,0.0,0.0,0.0,0.0,0.0,0.0,0.0,0.0,0.0,0.0,0.0,Tamil Nadu,Madurai
tamil nadu,madurai,2019,0.0,0.0,0.0,0.0,0.0,,0.0,0.0,0.0,0.0,0.0,0.0,0.0,0.0,0.0,0.0,0.0,0.0,0.0,0.0,0.0,0.0,0.0,0.0,0.0,0.0,0.0,0.0,,0.0,0.0,Tamil Nadu,Madurai
tamil nadu,madurai,2020,1.0,0.0,5.0,0.0,4.0,6.0,0.0,0.0,0.0,0.0,0.0,0.0,0.0,0.0,0.0,0.0,0.0,0.0,0.0,0.0,0.0,0.0,0.0,0.0,0.0,0.0,0.0,0.0,0.0,0.0,0.0,Tamil Nadu,Madurai
tamil nadu,madurai,2021,0.0,0.0,1.0,0.0,2.0,42.0,0.0,0.0,2.0,0.0,0.0,0.0,0.0,7.0,0.0,0.0,0.0,0.0,0.0,0.0,0.0,0.0,0.0,0.0,0.0,0.0,0.0,0.0,1.0,0.0,1.0,Tamil Nadu,Madurai
tamil nadu,madurai,2022,1.0,0.0,0.0,0.0,17.0,168.0,2.0,0.0,0.0,0.0,0.0,0.0,0.0,0.0,0.0,0.0,0.0,0.0,0.0,0.0,0.0,0.0,0.0,0.0,0.0,0.0,0.0,0.0,0.0,0.0,0.0,Tamil Nadu,Madurai
tamil nadu,nagapattinam,2017,0.0,,0.0,0.0,0.0,,0.0,0.0,,0.0,,0.0,0.0,,0.0,0.0,0.0,0.0,0.0,0.0,0.0,0.0,0.0,0.0,0.0,0.0,0.0,0.0,0.0,0.0,0.0,Tamil Nadu,Nagapattinam
tamil nadu,nagapattinam,2018,0.0,0.0,0.0,0.0,0.0,0.0,0.0,0.0,0.0,0.0,,0.0,0.0,0.0,0.0,0.0,0.0,0.0,0.0,0.0,0.0,0.0,0.0,0.0,0.0,0.0,0.0,0.0,0.0,0.0,0.0,Tamil Nadu,Nagapattinam
tamil nadu,nagapattinam,2019,0.0,0.0,0.0,0.0,0.0,0.0,0.0,0.0,0.0,0.0,,0.0,0.0,0.0,0.0,0.0,0.0,,0.0,0.0,0.0,0.0,0.0,0.0,0.0,0.0,0.0,0.0,0.0,,0.0,Tamil Nadu,Nagapattinam
tamil nadu,nagapattinam,2020,,0.0,0.0,0.0,0.0,0.0,0.0,0.0,0.0,0.0,0.0,0.0,0.0,0.0,,0.0,0.0,0.0,0.0,0.0,0.0,0.0,0.0,0.0,0.0,0.0,0.0,12.0,0.0,,12.0,Tamil Nadu,Nagapattinam
tamil nadu,nagapattinam,2021,0.0,0.0,0.0,0.0,0.0,0.0,0.0,0.0,0.0,0.0,0.0,0.0,0.0,0.0,,0.0,1.0,0.0,3.0,2.0,8.0,0.0,0.0,0.0,0.0,0.0,0.0,,0.0,0.0,14.0,Tamil Nadu,Nagapattinam
tamil nadu,nagapattinam,2022,0.0,0.0,0.0,0.0,2.0,10.0,1.0,,0.0,,0.0,0.0,,0.0,0.0,0.0,0.0,0.0,0.0,0.0,0.0,0.0,0.0,0.0,0.0,0.0,0.0,0.0,,0.0,0.0,Tamil Nadu,Nagapattinam
tamil nadu,namakkal,2017,0.0,0.0,0.0,0.0,0.0,1.0,0.0,0.0,0.0,0.0,0.0,0.0,0.0,0.0,0.0,0.0,0.0,0.0,0.0,0.0,0.0,0.0,0.0,0.0,0.0,0.0,0.0,0.0,0.0,0.0,0.0,Tamil Nadu,Namakkal
tamil nadu,namakkal,2018,0.0,0.0,0.0,0.0,0.0,0.0,0.0,0.0,,0.0,0.0,0.0,0.0,0.0,0.0,,,0.0,0.0,0.0,0.0,0.0,0.0,0.0,0.0,0.0,0.0,0.0,,0.0,0.0,Tamil Nadu,Namakkal
tamil nadu,namakkal,2019,0.0,0.0,1.0,0.0,,0.0,0.0,0.0,0.0,0.0,0.0,,0.0,0.0,0.0,0.0,0.0,0.0,0.0,0.0,0.0,,0.0,0.0,0.0,0.0,0.0,0.0,0.0,0.0,0.0,Tamil Nadu,Namakkal
tamil nadu,namakkal,2020,0.0,0.0,0.0,0.0,0.0,0.0,0.0,0.0,0.0,0.0,0.0,0.0,0.0,0.0,0.0,0.0,0.0,,0.0,0.0,0.0,0.0,0.0,0.0,0.0,0.0,0.0,0.0,0.0,0.0,0.0,Tamil Nadu,Namakkal
tamil nadu,namakkal,2021,,0.0,0.0,0.0,1.0,12.0,0.0,0.0,0.0,0.0,0.0,0.0,0.0,1.0,0.0,0.0,0.0,,0.0,,0.0,0.0,0.0,0.0,0.0,0.0,0.0,0.0,0.0,,0.0,Tamil Nadu,Namakkal
tamil nadu,namakkal,2022,0.0,0.0,0.0,0.0,0.0,31.0,0.0,0.0,1.0,0.0,0.0,0.0,0.0,0.0,0.0,0.0,0.0,0.0,,0.0,0.0,0.0,0.0,0.0,0.0,0.0,0.0,,0.0,0.0,0.0,Tamil Nadu,Namakkal
tamil nadu,perambalur,2017,0.0,0.0,,0.0,1.0,0.0,0.0,0.0,0.0,0.0,0.0,,0.0,0.0,0.0,,0.0,0.0,,0.0,0.0,0.0,,0.0,0.0,,0.0,0.0,0.0,0.0,0.0,Tamil Nadu,Perambalur
tamil nadu,perambalur,2018,0.0,0.0,0.0,0.0,0.0,,0.0,0.0,0.0,0.0,0.0,0.0,0.0,0.0,0.0,0.0,0.0,0.0,,0.0,0.0,,0.0,0.0,0.0,0.0,0.0,0.0,0.0,0.0,,Tamil Nadu,Perambalur
tamil nadu,perambalur,2019,0.0,0.0,0.0,,0.0,0.0,0.0,0.0,0.0,0.0,0.0,0.0,0.0,0.0,0.0,0.0,,0.0,0.0,0.0,0.0,0.0,0.0,0.0,0.0,0.0,0.0,1.0,4.0,,5.0,Tamil Nadu,Perambalur
tamil nadu,perambalur,2020,0.0,,0.0,0.0,0.0,0.0,0.0,0.0,0.0,0.0,0.0,0.0,0.0,0.0,0.0,0.0,0.0,0.0,0.0,0.0,0.0,0.0,0.0,,0.0,0.0,0.0,0.0,0.0,0.0,0.0,Tamil Nadu,Perambalur
tamil nadu,perambalur,2021,,0.0,0.0,0.0,0.0,,0.0,0.0,0.0,0.0,0.0,0.0,0.0,0.0,0.0,0.0,,0.0,0.0,0.0,0.0,0.0,0.0,0.0,0.0,0.0,0.0,0.0,,0.0,,Tamil Nadu,Perambalur
tamil nadu,perambalur,2022,0.0,0.0,0.0,0.0,1.0,9.0,0.0,0.0,0.0,0.0,0.0,0.0,0.0,0.0,0.0,0.0,0.0,0.0,0.0,0.0,0.0,0.0,0.0,0.0,0.0,0.0,0.0,0.0,0.0,0.0,0.0,Tamil Nadu,Perambalur
tamil nadu,pudukkottai,2018,0.0,0.0,0.0,0.0,0.0,0.0,0.0,0.0,0.0,0.0,,0.0,0.0,1.0,0.0,,0.0,0.0,0.0,0.0,,0.0,0.0,0.0,0.0,0.0,0.0,0.0,0.0,0.0,0.0,Tamil Nadu,Pudukkottai
tamil nadu,pudukkottai,2019,0.0,0.0,6.0,0.0,0.0,3.0,0.0,,0.0,0.0,0.0,0.0,0.0,,0.0,0.0,0.0,0.0,,,0.0,0.0,0.0,0.0,0.0,0.0,0.0,0.0,0.0,0.0,0.0,Tamil Nadu,Pudukkottai
tamil nadu,pudukkottai,2020,0.0,0.0,0.0,0.0,0.0,5.0,5.0,2.0,0.0,,0.0,0.0,0.0,0.0,0.0,0.0,0.0,,0.0,0.0,0.0,0.0,0.0,,0.0,,0.0,0.0,0.0,0.0,0.0,Tamil Nadu,Pudukkottai
tamil nadu,pudukkottai,2021,0.0,,0.0,,0.0,31.0,3.0,0.0,,0.0,0.0,,,0.0,0.0,0.0,0.0,0.0,0.0,0.0,0.0,0.0,,0.0,0.0,0.0,0.0,0.0,0.0,0.0,0.0,Tamil Nadu,Pudukkottai
tamil nadu,pudukkottai,2022,0.0,0.0,,0.0,0.0,0.0,0.0,0.0,0.0,0.0,0.0,,0.0,0.0,,0.0,,0.0,0.0,0.0,0.0,0.0,0.0,0.0,0.0,0.0,0.0,0.0,0.0,0.0,0.0,Tamil Nadu,Pudukkottai
tamil nadu,ramanathapuram,2017,0.0,0.0,0.0,0.0,0.0,0.0,0.0,0.0,0.0,0.0,0.0,0.0,0.0,0.0,1.0,0.0,0.0,0.0,2.0,0.0,0.0,0.0,0.0,0.0,0.0,0.0,0.0,,,1.0,5.0,Tamil Nadu,Ramanathapuram
tamil nadu,ramanathapuram,2018,0.0,,,0.0,0.0,1.0,0.0,0.0,0.0,0.0,,0.0,0.0,0.0,0.0,0.0,0.0,0.0,0.0,0.0,0.0,0.0,0.0,0.0,0.0,0.0,0.0,6.0,,4.0,15.0,Tamil Nadu,Ramanathapuram
tamil nadu,ramanathapuram,2019,0.0,,0.0,0.0,0.0,0.0,0.0,0.0,0.0,0.0,0.0,0.0,0.0,0.0,0.0,0.0,0.0,0.0,0.0,0.0,,0.0,0.0,0.0,0.0,0.0,0.0,,0.0,0.0,0.0,Tamil Nadu,Ramanathapuram
tamil nadu,ramanathapuram,2020,0.0,0.0,0.0,0.0,0.0,0.0,0.0,0.0,0.0,0.0,0.0,0.0,0.0,0.0,0.0,0.0,0.0,0.0,0.0,0.0,0.0,0.0,0.0,0.0,,0.0,0.0,0.0,0.0,,0.0,Tamil Nadu,Ramanathapuram
tamil nadu,ramanathapuram,2021,0.0,0.0,0.0,0.0,0.0,23.0,0.0,0.0,0.0,0.0,0.0,,0.0,0.0,0.0,0.0,,0.0,0.0,0.0,0.0,0.0,0.0,0.0,,0.0,0.0,0.0,0.0,,0.0,Tamil Nadu,Ramanathapuram
tamil nadu,ramanathapuram,2022,0.0,0.0,0.0,0.0,0.0,68.0,0.0,0.0,0.0,0.0,0.0,0.0,0.0,0.0,0.0,0.0,0.0,0.0,0.0,0.0,0.0,0.0,0.0,0.0,0.0,0.0,,0.0,0.0,1.0,1.0,Tamil Nadu,Ramanathapuram
tamil nadu,ranipet,2020,0.0,0.0,0.0,0.0,0.0,0.0,0.0,0.0,0.0,0.0,0.0,0.0,0.0,0.0,0.0,0.0,0.0,0.0,0.0,0.0,0.0,0.0,0.0,0.0,0.0,0.0,0.0,1.0,0.0,0.0,,Tamil Nadu,Ranipet
tamil nadu,ranipet,2021,0.0,0.0,0.0,0.0,0.0,0.0,0.0,0.0,0.0,0.0,0.0,0.0,0.0,0.0,0.0,0.0,0.0,,0.0,0.0,0.0,0.0,0.0,0.0,0.0,0.0,,0.0,0.0,0.0,0.0,Tamil Nadu,Ranipet
tamil nadu,ranipet,2022,0.0,0.0,0.0,0.0,1.0,45.0,0.0,0.0,0.0,,0.0,0.0,0.0,0.0,0.0,0.0,,0.0,0.0,0.0,0.0,0.0,0.0,0.0,0.0,0.0,0.0,0.0,0.0,0.0,0.0,Tamil Nadu,Ranipet
tamil nadu,salem,2017,0.0,0.0,0.0,0.0,1.0,0.0,0.0,0.0,6.0,0.0,0.0,0.0,0.0,0.0,0.0,0.0,0.0,0.0,0.0,0.0,0.0,0.0,0.0,0.0,0.0,0.0,0.0,0.0,0.0,0.0,0.0,Tamil Nadu,Salem
tamil nadu,salem,2018,0.0,0.0,0.0,0.0,0.0,0.0,0.0,0.0,11.0,0.0,0.0,0.0,0.0,0.0,0.0,0.0,0.0,0.0,0.0,0.0,0.0,1.0,0.0,0.0,0.0,0.0,0.0,0.0,0.0,0.0,1.0,Tamil Nadu,Salem
tamil nadu,salem,2019,0.0,0.0,0.0,0.0,1.0,0.0,0.0,0.0,1.0,0.0,0.0,0.0,0.0,0.0,0.0,0.0,0.0,0.0,0.0,0.0,0.0,0.0,0.0,0.0,0.0,0.0,0.0,0.0,1.0,0.0,1.0,Tamil Nadu,Salem
tamil nadu,salem,2020,0.0,0.0,0.0,0.0,0.0,0.0,0.0,0.0,0.0,0.0,0.0,0.0,0.0,0.0,0.0,0.0,0.0,0.0,0.0,0.0,0.0,0.0,0.0,0.0,0.0,0.0,0.0,0.0,0.0,0.0,0.0,Tamil Nadu,Salem
tamil nadu,salem,2021,0.0,0.0,0.0,0.0,0.0,37.0,0.0,0.0,38.0,0.0,0.0,0.0,0.0,0.0,0.0,0.0,0.0,0.0,0.0,0.0,,0.0,0.0,0.0,0.0,0.0,0.0,2.0,0.0,1.0,3.0,Tamil Nadu,Salem
tamil nadu,salem,2022,0.0,0.0,0.0,0.0,0.0,62.0,0.0,0.0,44.0,0.0,0.0,0.0,0.0,0.0,0.0,0.0,0.0,0.0,1.0,0.0,0.0,0.0,0.0,0.0,0.0,,0.0,0.0,1.0,0.0,2.0,Tamil Nadu,Salem
tamil nadu,sivaganga,2017,0.0,0.0,0.0,,,0.0,0.0,0.0,0.0,0.0,0.0,0.0,0.0,1.0,0.0,0.0,0.0,0.0,0.0,,0.0,0.0,0.0,,0.0,0.0,0.0,0.0,0.0,0.0,0.0,Tamil Nadu,Sivaganga
tamil nadu,sivaganga,2018,,0.0,0.0,0.0,0.0,0.0,,0.0,0.0,,0.0,0.0,0.0,1.0,0.0,0.0,0.0,0.0,0.0,0.0,0.0,0.0,0.0,0.0,,0.0,0.0,0.0,0.0,0.0,0.0,Tamil Nadu,Sivaganga
tamil nadu,sivaganga,2019,0.0,0.0,0.0,,0.0,0.0,,0.0,0.0,0.0,0.0,0.0,,1.0,0.0,0.0,0.0,0.0,0.0,0.0,0.0,,0.0,0.0,0.0,0.0,0.0,0.0,0.0,0.0,0.0,Tamil Nadu,Sivaganga
tamil nadu,sivaganga,2020,0.0,0.0,0.0,,1.0,0.0,4.0,0.0,0.0,,0.0,0.0,0.0,0.0,0.0,0.0,0.0,0.0,0.0,0.0,0.0,0.0,0.0,0.0,,0.0,0.0,,,0.0,0.0,Tamil Nadu,Sivaganga
tamil nadu,sivaganga,2021,0.0,2.0,0.0,0.0,0.0,21.0,,0.0,,0.0,0.0,0.0,0.0,0.0,0.0,0.0,0.0,0.0,0.0,0.0,0.0,0.0,0.0,0.0,0.0,0.0,0.0,0.0,0.0,0.0,0.0,Tamil Nadu,Sivaganga
tamil nadu,sivaganga,2022,0.0,0.0,0.0,0.0,0.0,34.0,0.0,0.0,0.0,,,0.0,0.0,0.0,,0.0,0.0,0.0,0.0,0.0,0.0,0.0,0.0,0.0,0.0,0.0,0.0,,0.0,0.0,0.0,Tamil Nadu,Sivaganga
tamil nadu,tenkasi,2020,0.0,,0.0,,0.0,0.0,0.0,0.0,0.0,,0.0,0.0,0.0,0.0,0.0,0.0,,0.0,0.0,0.0,0.0,,0.0,0.0,,0.0,0.0,0.0,0.0,0.0,0.0,Tamil Nadu,Tenkasi
tamil nadu,tenkasi,2021,0.0,,0.0,0.0,0.0,1.0,0.0,0.0,5.0,0.0,0.0,0.0,0.0,2.0,0.0,0.0,0.0,0.0,0.0,0.0,0.0,,0.0,0.0,0.0,0.0,,,0.0,0.0,0.0,Tamil Nadu,Tenkasi
tamil nadu,tenkasi,2022,0.0,0.0,0.0,,0.0,0.0,,0.0,0.0,0.0,0.0,0.0,0.0,0.0,5.0,0.0,,,0.0,,0.0,38.0,,0.0,0.0,0.0,0.0,0.0,0.0,0.0,43.0,Tamil Nadu,Tenkasi
tamil nadu,thanjavur,2018,0.0,0.0,0.0,0.0,0.0,0.0,0.0,0.0,0.0,0.0,0.0,,0.0,0.0,0.0,0.0,0.0,0.0,0.0,0.0,0.0,0.0,0.0,0.0,0.0,0.0,,0.0,0.0,0.0,0.0,Tamil Nadu,Thanjavur
tamil nadu,thanjavur,2019,0.0,0.0,0.0,0.0,0.0,3.0,0.0,0.0,5.0,0.0,0.0,0.0,0.0,0.0,0.0,0.0,0.0,0.0,0.0,0.0,0.0,0.0,0.0,0.0,0.0,,0.0,6.0,5.0,0.0,11.0,Tamil Nadu,Thanjavur
tamil nadu,thanjavur,2020,,0.0,0.0,2.0,,4.0,0.0,0.0,3.0,0.0,0.0,0.0,0.0,0.0,0.0,0.0,0.0,0.0,0.0,1.0,0.0,0.0,0.0,0.0,1.0,0.0,0.0,0.0,21.0,0.0,23.0,Tamil Nadu,Thanjavur
tamil nadu,thanjavur,2021,0.0,0.0,0.0,0.0,0.0,11.0,2.0,0.0,0.0,0.0,0.0,0.0,0.0,0.0,0.0,0.0,3.0,0.0,0.0,6.0,0.0,29.0,,0.0,0.0,,0.0,0.0,0.0,0.0,38.0,Tamil Nadu,Thanjavur
tamil nadu,thanjavur,2022,,0.0,0.0,4.0,0.0,,0.0,0.0,0.0,0.0,0.0,0.0,0.0,0.0,0.0,,0.0,0.0,0.0,0.0,0.0,0.0,0.0,0.0,0.0,0.0,0.0,0.0,0.0,0.0,,Tamil Nadu,Thanjavur
tamil nadu,the nilgiris,2017,0.0,0.0,0.0,0.0,0.0,0.0,0.0,0.0,0.0,0.0,0.0,0.0,0.0,0.0,0.0,0.0,0.0,0.0,0.0,0.0,0.0,0.0,,0.0,0.0,0.0,,0.0,0.0,0.0,0.0,Tamil Nadu,The Nilgiris
tamil nadu,the nilgiris,2018,0.0,0.0,0.0,0.0,0.0,0.0,0.0,0.0,0.0,0.0,0.0,0.0,0.0,0.0,0.0,0.0,0.0,0.0,0.0,0.0,,0.0,0.0,0.0,0.0,0.0,0.0,0.0,0.0,0.0,0.0,Tamil Nadu,The Nilgiris
tamil nadu,the nilgiris,2019,0.0,,0.0,0.0,0.0,0.0,0.0,0.0,0.0,0.0,0.0,0.0,0.0,0.0,0.0,0.0,0.0,0.0,,0.0,0.0,0.0,0.0,0.0,0.0,0.0,0.0,0.0,0.0,0.0,0.0,Tamil Nadu,The Nilgiris
tamil nadu,the nilgiris,2020,0.0,0.0,0.0,0.0,0.0,0.0,0.0,0.0,,0.0,0.0,0.0,,0.0,0.0,0.0,0.0,0.0,0.0,0.0,0.0,0.0,0.0,0.0,0.0,0.0,0.0,0.0,0.0,0.0,0.0,Tamil Nadu,The Nilgiris
tamil nadu,the nilgiris,2021,0.0,0.0,0.0,0.0,0.0,33.0,0.0,0.0,0.0,0.0,,0.0,0.0,0.0,0.0,0.0,0.0,0.0,0.0,0.0,0.0,0.0,0.0,0.0,0.0,,0.0,0.0,0.0,0.0,0.0,Tamil Nadu,The Nilgiris
tamil nadu,the nilgiris,2022,0.0,0.0,0.0,0.0,0.0,31.0,0.0,0.0,,0.0,0.0,0.0,0.0,0.0,0.0,0.0,,0.0,0.0,,0.0,0.0,0.0,0.0,0.0,0.0,0.0,,0.0,0.0,0.0,Tamil Nadu,The Nilgiris
tamil nadu,theni,2017,0.0,0.0,0.0,0.0,0.0,0.0,0.0,0.0,0.0,0.0,0.0,0.0,0.0,0.0,0.0,0.0,0.0,0.0,0.0,0.0,,0.0,0.0,0.0,0.0,0.0,0.0,0.0,0.0,0.0,0.0,Tamil Nadu,Theni
tamil nadu,theni,2019,0.0,0.0,0.0,0.0,0.0,0.0,0.0,0.0,0.0,0.0,0.0,0.0,0.0,0.0,0.0,0.0,0.0,0.0,0.0,0.0,0.0,0.0,0.0,0.0,,0.0,,0.0,6.0,0.0,6.0,Tamil Nadu,Theni
tamil nadu,theni,2020,,0.0,0.0,0.0,0.0,0.0,0.0,0.0,0.0,0.0,0.0,0.0,0.0,0.0,1.0,0.0,0.0,0.0,0.0,0.0,0.0,0.0,0.0,0.0,0.0,0.0,0.0,3.0,4.0,0.0,8.0,Tamil Nadu,Theni
tamil nadu,theni,2021,0.0,0.0,,0.0,3.0,0.0,0.0,0.0,0.0,0.0,0.0,0.0,0.0,0.0,4.0,0.0,0.0,0.0,16.0,0.0,0.0,0.0,0.0,0.0,0.0,0.0,0.0,2.0,0.0,0.0,22.0,Tamil Nadu,Theni
tamil nadu,theni,2022,0.0,0.0,,0.0,,0.0,0.0,0.0,0.0,0.0,0.0,0.0,0.0,0.0,10.0,0.0,0.0,0.0,51.0,0.0,0.0,0.0,0.0,0.0,,0.0,0.0,1.0,2.0,3.0,67.0,Tamil Nadu,Theni
tamil nadu,thiruvaarur,2022,0.0,0.0,0.0,0.0,2.0,16.0,1.0,0.0,,0.0,,0.0,0.0,0.0,0.0,0.0,0.0,0.0,,0.0,,0.0,0.0,0.0,0.0,0.0,0.0,0.0,0.0,0.0,0.0,Tamil Nadu,Thiruvaarur
tamil nadu,thiruvallur,2017,0.0,0.0,0.0,0.0,0.0,0.0,0.0,0.0,0.0,0.0,0.0,0.0,0.0,2.0,0.0,0.0,,0.0,0.0,0.0,,0.0,0.0,0.0,0.0,0.0,0.0,0.0,0.0,0.0,0.0,Tamil Nadu,Thiruvallur
tamil nadu,thiruvallur,2018,0.0,0.0,0.0,0.0,0.0,0.0,0.0,0.0,4.0,0.0,0.0,0.0,0.0,0.0,0.0,0.0,0.0,0.0,0.0,0.0,0.0,,0.0,0.0,,,0.0,0.0,0.0,0.0,0.0,Tamil Nadu,Thiruvallur
tamil nadu,thiruvallur,2019,1.0,0.0,1.0,0.0,0.0,2.0,1.0,0.0,1.0,0.0,0.0,,0.0,0.0,0.0,0.0,0.0,0.0,0.0,0.0,0.0,0.0,0.0,0.0,0.0,0.0,0.0,0.0,0.0,0.0,0.0,Tamil Nadu,Thiruvallur
tamil nadu,thiruvallur,2020,0.0,0.0,5.0,0.0,0.0,0.0,0.0,0.0,0.0,0.0,0.0,0.0,0.0,0.0,0.0,0.0,,0.0,0.0,,0.0,0.0,0.0,0.0,0.0,0.0,0.0,0.0,,,0.0,Tamil Nadu,Thiruvallur
tamil nadu,thiruvallur,2021,1.0,0.0,3.0,1.0,0.0,25.0,1.0,0.0,0.0,,0.0,,0.0,,0.0,,,0.0,0.0,0.0,0.0,0.0,0.0,0.0,0.0,,0.0,0.0,0.0,,0.0,Tamil Nadu,Thiruvallur
tamil nadu,thiruvallur,2022,0.0,0.0,0.0,,3.0,85.0,2.0,0.0,0.0,0.0,0.0,0.0,0.0,0.0,1.0,0.0,0.0,0.0,0.0,0.0,1.0,12.0,0.0,0.0,0.0,0.0,0.0,0.0,1.0,0.0,16.0,Tamil Nadu,Thiruvallur
tamil nadu,thiruvarur,2017,0.0,0.0,0.0,0.0,0.0,,1.0,0.0,1.0,0.0,0.0,0.0,,0.0,0.0,0.0,0.0,0.0,0.0,0.0,0.0,0.0,0.0,0.0,,0.0,0.0,0.0,0.0,0.0,0.0,Tamil Nadu,Thiruvarur
tamil nadu,thiruvarur,2019,0.0,0.0,,,2.0,1.0,0.0,0.0,3.0,0.0,0.0,0.0,0.0,,0.0,0.0,,0.0,0.0,0.0,0.0,0.0,0.0,0.0,0.0,0.0,0.0,0.0,0.0,0.0,0.0,Tamil Nadu,Thiruvarur
tamil nadu,thiruvarur,2021,0.0,0.0,0.0,0.0,1.0,,0.0,0.0,1.0,0.0,0.0,0.0,0.0,0.0,0.0,0.0,0.0,0.0,0.0,0.0,0.0,0.0,0.0,,0.0,0.0,0.0,0.0,0.0,0.0,0.0,Tamil Nadu,Thiruvarur
tamil nadu,tiruchirappalli,2017,0.0,0.0,0.0,0.0,15.0,19.0,1.0,0.0,0.0,0.0,0.0,0.0,0.0,0.0,0.0,0.0,0.0,0.0,0.0,0.0,0.0,0.0,0.0,0.0,0.0,0.0,0.0,0.0,1.0,0.0,1.0,Tamil Nadu,Tiruchirappalli
tamil nadu,tiruchirappalli,2018,0.0,0.0,0.0,0.0,0.0,0.0,0.0,0.0,0.0,0.0,0.0,0.0,0.0,0.0,0.0,0.0,0.0,0.0,0.0,0.0,0.0,0.0,0.0,0.0,0.0,0.0,0.0,0.0,0.0,6.0,6.0,Tamil Nadu,Tiruchirappalli
tamil nadu,tiruchirappalli,2019,0.0,0.0,0.0,0.0,0.0,1.0,0.0,0.0,0.0,0.0,0.0,0.0,0.0,1.0,2.0,0.0,0.0,0.0,0.0,0.0,0.0,3.0,0.0,0.0,0.0,0.0,0.0,6.0,1.0,1.0,13.0,Tamil Nadu,Tiruchirappalli
tamil nadu,tiruchirappalli,2020,0.0,0.0,0.0,0.0,0.0,0.0,0.0,0.0,0.0,0.0,0.0,0.0,0.0,0.0,4.0,0.0,0.0,0.0,0.0,0.0,0.0,3.0,0.0,0.0,0.0,0.0,0.0,10.0,2.0,3.0,22.0,Tamil Nadu,Tiruchirappalli
tamil nadu,tiruchirappalli,2021,0.0,0.0,0.0,0.0,15.0,19.0,5.0,0.0,0.0,0.0,0.0,0.0,0.0,3.0,0.0,0.0,0.0,0.0,0.0,0.0,0.0,0.0,0.0,0.0,0.0,0.0,0.0,0.0,1.0,0.0,1.0,Tamil Nadu,Tiruchirappalli
tamil nadu,tiruchirappalli,2022,0.0,0.0,1.0,0.0,0.0,14.0,1.0,0.0,0.0,0.0,0.0,0.0,1.0,0.0,0.0,0.0,2.0,1.0,20.0,3.0,0.0,0.0,0.0,0.0,0.0,0.0,0.0,0.0,1.0,0.0,27.0,Tamil Nadu,Tiruchirappalli
tamil nadu,tirunelveli,2017,0.0,0.0,1.0,0.0,0.0,3.0,1.0,0.0,1.0,0.0,0.0,0.0,0.0,0.0,0.0,0.0,0.0,0.0,0.0,0.0,0.0,0.0,0.0,0.0,0.0,0.0,0.0,0.0,0.0,0.0,0.0,Tamil Nadu,Tirunelveli
tamil nadu,tirunelveli,2018,0.0,0.0,4.0,0.0,0.0,3.0,0.0,0.0,0.0,0.0,0.0,0.0,0.0,0.0,0.0,0.0,0.0,0.0,0.0,0.0,0.0,2.0,0.0,0.0,0.0,0.0,0.0,1.0,0.0,0.0,4.0,Tamil Nadu,Tirunelveli
tamil nadu,tirunelveli,2019,0.0,0.0,1.0,0.0,0.0,2.0,2.0,0.0,0.0,0.0,0.0,0.0,0.0,0.0,0.0,0.0,0.0,0.0,0.0,0.0,0.0,1.0,0.0,0.0,0.0,0.0,0.0,0.0,1.0,0.0,2.0,Tamil Nadu,Tirunelveli
tamil nadu,tirunelveli,2020,0.0,0.0,0.0,0.0,0.0,4.0,0.0,0.0,0.0,0.0,0.0,0.0,0.0,0.0,0.0,0.0,0.0,0.0,0.0,0.0,0.0,17.0,0.0,0.0,0.0,0.0,0.0,8.0,3.0,12.0,40.0,Tamil Nadu,Tirunelveli
tamil nadu,tirunelveli,2021,0.0,0.0,,0.0,0.0,,0.0,0.0,0.0,0.0,0.0,0.0,0.0,0.0,0.0,0.0,0.0,0.0,0.0,0.0,0.0,0.0,0.0,0.0,,0.0,0.0,0.0,2.0,0.0,2.0,Tamil Nadu,Tirunelveli
tamil nadu,tirunelveli,2022,0.0,0.0,0.0,1.0,0.0,20.0,0.0,0.0,0.0,0.0,0.0,0.0,0.0,1.0,5.0,0.0,0.0,0.0,0.0,0.0,0.0,30.0,1.0,0.0,0.0,0.0,0.0,1.0,1.0,5.0,48.0,Tamil Nadu,Tirunelveli
tamil nadu,tirupathur,2020,0.0,0.0,0.0,0.0,0.0,0.0,0.0,0.0,3.0,0.0,0.0,0.0,0.0,0.0,0.0,0.0,1.0,0.0,0.0,0.0,0.0,0.0,0.0,0.0,0.0,0.0,,1.0,0.0,0.0,2.0,Tamil Nadu,Tirupathur
tamil nadu,tirupathur,2021,0.0,0.0,0.0,,0.0,0.0,0.0,0.0,1.0,0.0,0.0,0.0,0.0,0.0,0.0,0.0,0.0,0.0,0.0,0.0,0.0,0.0,0.0,0.0,0.0,0.0,0.0,5.0,0.0,0.0,5.0,Tamil Nadu,Tirupathur
tamil nadu,tirupathur,2022,0.0,0.0,,,0.0,0.0,0.0,0.0,0.0,0.0,,0.0,0.0,,0.0,0.0,0.0,0.0,0.0,0.0,0.0,25.0,0.0,0.0,0.0,0.0,0.0,0.0,0.0,0.0,25.0,Tamil Nadu,Tirupathur
tamil nadu,tiruppur,2017,0.0,0.0,2.0,0.0,0.0,0.0,0.0,0.0,0.0,0.0,0.0,0.0,0.0,0.0,0.0,0.0,0.0,0.0,0.0,0.0,0.0,0.0,0.0,0.0,0.0,0.0,0.0,0.0,0.0,0.0,0.0,Tamil Nadu,Tiruppur
tamil nadu,tiruppur,2018,0.0,0.0,0.0,0.0,0.0,0.0,0.0,0.0,0.0,0.0,0.0,0.0,0.0,0.0,0.0,0.0,0.0,0.0,0.0,0.0,0.0,0.0,0.0,0.0,0.0,0.0,0.0,0.0,0.0,0.0,0.0,Tamil Nadu,Tiruppur
tamil nadu,tiruppur,2019,0.0,0.0,0.0,0.0,0.0,0.0,0.0,0.0,0.0,0.0,0.0,0.0,0.0,0.0,0.0,0.0,0.0,0.0,0.0,0.0,1.0,0.0,0.0,0.0,0.0,0.0,0.0,0.0,1.0,0.0,1.0,Tamil Nadu,Tiruppur
tamil nadu,tiruppur,2020,0.0,0.0,0.0,0.0,0.0,0.0,0.0,0.0,0.0,0.0,0.0,0.0,0.0,0.0,0.0,0.0,1.0,0.0,0.0,0.0,0.0,0.0,0.0,0.0,4.0,0.0,0.0,0.0,8.0,0.0,0.0,Tamil Nadu,Tiruppur
tamil nadu,tiruppur,2021,0.0,0.0,0.0,0.0,1.0,0.0,0.0,0.0,0.0,0.0,0.0,0.0,0.0,0.0,4.0,0.0,0.0,0.0,9.0,6.0,0.0,5.0,0.0,0.0,0.0,0.0,0.0,1.0,0.0,0.0,25.0,Tamil Nadu,Tiruppur
tamil nadu,tiruppur,2022,0.0,0.0,0.0,0.0,1.0,28.0,0.0,0.0,2.0,0.0,0.0,0.0,0.0,0.0,2.0,0.0,0.0,0.0,30.0,0.0,0.0,0.0,0.0,0.0,0.0,0.0,0.0,0.0,0.0,3.0,35.0,Tamil Nadu,Tiruppur
tamil nadu,tiruvannamalai,2017,0.0,0.0,0.0,0.0,0.0,0.0,0.0,0.0,0.0,0.0,0.0,0.0,0.0,0.0,0.0,,0.0,,0.0,0.0,0.0,0.0,0.0,0.0,0.0,0.0,0.0,0.0,0.0,0.0,0.0,Tamil Nadu,Tiruvannamalai
tamil nadu,tiruvannamalai,2018,0.0,0.0,0.0,0.0,0.0,0.0,0.0,0.0,0.0,0.0,,0.0,0.0,0.0,0.0,0.0,0.0,0.0,0.0,0.0,,0.0,0.0,,,0.0,0.0,0.0,0.0,0.0,0.0,Tamil Nadu,Tiruvannamalai
tamil nadu,tiruvannamalai,2019,0.0,0.0,0.0,0.0,0.0,0.0,0.0,0.0,0.0,0.0,0.0,0.0,,,0.0,0.0,0.0,0.0,0.0,0.0,0.0,0.0,0.0,0.0,0.0,0.0,0.0,0.0,0.0,0.0,0.0,Tamil Nadu,Tiruvannamalai
tamil nadu,tiruvannamalai,2020,,0.0,0.0,,0.0,0.0,,0.0,0.0,0.0,0.0,0.0,0.0,0.0,0.0,0.0,0.0,0.0,0.0,0.0,0.0,,0.0,0.0,0.0,0.0,0.0,0.0,,0.0,0.0,Tamil Nadu,Tiruvannamalai
tamil nadu,tiruvannamalai,2021,0.0,0.0,0.0,0.0,0.0,0.0,0.0,0.0,0.0,0.0,0.0,0.0,0.0,0.0,0.0,,0.0,0.0,0.0,,0.0,0.0,0.0,0.0,0.0,0.0,0.0,0.0,0.0,0.0,0.0,Tamil Nadu,Tiruvannamalai
tamil nadu,tiruvannamalai,2022,0.0,0.0,0.0,0.0,0.0,41.0,,0.0,0.0,0.0,0.0,0.0,0.0,,0.0,0.0,0.0,0.0,0.0,0.0,0.0,0.0,0.0,0.0,0.0,0.0,0.0,0.0,0.0,0.0,0.0,Tamil Nadu,Tiruvannamalai
tamil nadu,tuticorin,2017,0.0,0.0,2.0,0.0,0.0,0.0,0.0,0.0,0.0,0.0,0.0,0.0,,,0.0,0.0,0.0,1.0,0.0,7.0,,0.0,0.0,0.0,0.0,0.0,0.0,0.0,0.0,0.0,8.0,Tamil Nadu,Tuticorin
tamil nadu,tuticorin,2018,0.0,0.0,1.0,0.0,0.0,0.0,0.0,5.0,0.0,0.0,0.0,0.0,0.0,0.0,1.0,0.0,0.0,0.0,0.0,0.0,0.0,,0.0,0.0,0.0,0.0,0.0,1.0,0.0,0.0,2.0,Tamil Nadu,Tuticorin
tamil nadu,tuticorin,2019,0.0,0.0,0.0,,1.0,1.0,0.0,,0.0,0.0,0.0,0.0,0.0,0.0,,0.0,0.0,0.0,0.0,0.0,0.0,0.0,0.0,0.0,0.0,0.0,0.0,,0.0,0.0,0.0,Tamil Nadu,Tuticorin
tamil nadu,tuticorin,2020,,0.0,0.0,0.0,0.0,0.0,0.0,0.0,0.0,0.0,0.0,0.0,0.0,0.0,0.0,0.0,,0.0,,0.0,0.0,,0.0,,0.0,0.0,0.0,0.0,0.0,0.0,0.0,Tamil Nadu,Tuticorin
tamil nadu,tuticorin,2022,0.0,0.0,0.0,0.0,0.0,0.0,0.0,0.0,0.0,0.0,,0.0,0.0,0.0,0.0,0.0,0.0,0.0,,0.0,0.0,0.0,0.0,0.0,0.0,,0.0,0.0,0.0,0.0,0.0,Tamil Nadu,Tuticorin
tamil nadu,vellore,2017,0.0,0.0,0.0,0.0,0.0,0.0,0.0,0.0,0.0,0.0,0.0,0.0,0.0,0.0,0.0,0.0,0.0,0.0,0.0,0.0,0.0,0.0,0.0,0.0,0.0,0.0,,0.0,0.0,0.0,0.0,Tamil Nadu,Vellore
tamil nadu,vellore,2018,0.0,0.0,0.0,0.0,0.0,0.0,0.0,0.0,0.0,0.0,0.0,,,0.0,0.0,0.0,,0.0,0.0,0.0,0.0,0.0,0.0,0.0,,0.0,0.0,0.0,0.0,0.0,0.0,Tamil Nadu,Vellore
tamil nadu,vellore,2019,0.0,0.0,0.0,0.0,0.0,0.0,0.0,0.0,0.0,0.0,0.0,0.0,0.0,0.0,0.0,0.0,0.0,0.0,0.0,0.0,0.0,,0.0,0.0,0.0,0.0,0.0,1.0,0.0,0.0,1.0,Tamil Nadu,Vellore
tamil nadu,vellore,2020,0.0,0.0,0.0,0.0,,0.0,0.0,0.0,0.0,0.0,0.0,0.0,0.0,0.0,0.0,0.0,0.0,,0.0,0.0,0.0,0.0,0.0,0.0,0.0,0.0,,,0.0,0.0,0.0,Tamil Nadu,Vellore
tamil nadu,vellore,2021,0.0,0.0,0.0,0.0,0.0,0.0,0.0,,0.0,0.0,0.0,0.0,0.0,0.0,0.0,0.0,0.0,0.0,0.0,0.0,0.0,0.0,,0.0,0.0,0.0,,0.0,0.0,0.0,0.0,Tamil Nadu,Vellore
tamil nadu,vellore,2022,0.0,0.0,0.0,,0.0,0.0,0.0,0.0,0.0,0.0,0.0,0.0,0.0,0.0,0.0,0.0,0.0,0.0,0.0,0.0,40.0,0.0,0.0,0.0,0.0,0.0,0.0,0.0,0.0,0.0,40.0,Tamil Nadu,Vellore
tamil nadu,villupuram,2017,0.0,0.0,0.0,0.0,0.0,0.0,0.0,0.0,4.0,0.0,0.0,0.0,0.0,0.0,0.0,0.0,0.0,0.0,5.0,0.0,0.0,0.0,0.0,0.0,0.0,0.0,0.0,0.0,1.0,0.0,6.0,Tamil Nadu,Villupuram
tamil nadu,villupuram,2018,0.0,0.0,,0.0,0.0,0.0,,0.0,0.0,0.0,0.0,0.0,0.0,0.0,0.0,0.0,0.0,0.0,0.0,0.0,0.0,0.0,0.0,0.0,0.0,0.0,0.0,0.0,,0.0,0.0,Tamil Nadu,Villupuram
tamil nadu,villupuram,2019,0.0,0.0,0.0,0.0,0.0,0.0,0.0,,0.0,0.0,0.0,0.0,0.0,0.0,0.0,0.0,0.0,0.0,0.0,0.0,0.0,0.0,0.0,0.0,0.0,0.0,0.0,0.0,3.0,,3.0,Tamil Nadu,Villupuram
tamil nadu,villupuram,2020,0.0,0.0,0.0,0.0,0.0,0.0,0.0,0.0,0.0,0.0,0.0,0.0,0.0,0.0,,0.0,0.0,0.0,0.0,0.0,0.0,0.0,0.0,0.0,0.0,0.0,0.0,1.0,0.0,0.0,1.0,Tamil Nadu,Villupuram
tamil nadu,villupuram,2021,0.0,,,0.0,,41.0,0.0,0.0,0.0,0.0,,0.0,0.0,0.0,0.0,0.0,,,0.0,0.0,0.0,0.0,0.0,0.0,,,0.0,0.0,0.0,0.0,0.0,Tamil Nadu,Villupuram
tamil nadu,virudhunagar,2017,0.0,0.0,0.0,0.0,0.0,0.0,0.0,0.0,1.0,0.0,0.0,0.0,0.0,0.0,0.0,0.0,0.0,0.0,,0.0,0.0,0.0,0.0,0.0,0.0,0.0,0.0,0.0,0.0,0.0,,Tamil Nadu,Virudhunagar
tamil nadu,virudhunagar,2018,1.0,0.0,0.0,3.0,,,0.0,2.0,2.0,0.0,0.0,0.0,0.0,0.0,0.0,0.0,0.0,0.0,0.0,0.0,0.0,0.0,0.0,,0.0,0.0,0.0,,0.0,,0.0,Tamil Nadu,Virudhunagar
tamil nadu,virudhunagar,2019,0.0,0.0,0.0,1.0,0.0,,0.0,1.0,6.0,0.0,0.0,0.0,0.0,0.0,0.0,0.0,0.0,0.0,0.0,0.0,0.0,0.0,0.0,0.0,,0.0,0.0,0.0,0.0,0.0,,Tamil Nadu,Virudhunagar
tamil nadu,virudhunagar,2020,0.0,0.0,0.0,,0.0,0.0,,0.0,7.0,0.0,,0.0,0.0,2.0,0.0,0.0,0.0,0.0,,0.0,0.0,0.0,0.0,,0.0,0.0,0.0,0.0,,0.0,0.0,Tamil Nadu,Virudhunagar
tamil nadu,virudhunagar,2021,0.0,0.0,,0.0,,2.0,0.0,0.0,3.0,0.0,0.0,0.0,0.0,0.0,0.0,0.0,0.0,0.0,,0.0,0.0,0.0,1.0,0.0,0.0,0.0,,0.0,0.0,1.0,2.0,Tamil Nadu,Virudhunagar
tamil nadu,virudhunagar,2022,,0.0,0.0,1.0,0.0,28.0,1.0,0.0,8.0,,0.0,0.0,0.0,,0.0,,0.0,,0.0,,0.0,0.0,0.0,0.0,0.0,0.0,0.0,0.0,0.0,0.0,0.0,Tamil Nadu,Virudhunagar
telangana,adilabad,2017,0.0,0.0,0.0,0.0,0.0,0.0,0.0,0.0,,,0.0,0.0,0.0,,0.0,0.0,0.0,0.0,0.0,0.0,0.0,0.0,0.0,0.0,0.0,0.0,,0.0,0.0,0.0,0.0,Telangana,Adilabad
telangana,adilabad,2018,0.0,0.0,0.0,0.0,,0.0,0.0,0.0,0.0,0.0,0.0,0.0,0.0,0.0,0.0,0.0,0.0,0.0,0.0,0.0,0.0,0.0,0.0,,0.0,0.0,0.0,,0.0,0.0,0.0,Telangana,Adilabad
telangana,adilabad,2019,0.0,0.0,0.0,0.0,0.0,0.0,0.0,0.0,0.0,0.0,0.0,0.0,0.0,,0.0,0.0,0.0,0.0,0.0,0.0,0.0,3.0,0.0,0.0,0.0,0.0,0.0,,0.0,6.0,9.0,Telangana,Adilabad
telangana,adilabad,2020,0.0,0.0,0.0,0.0,0.0,0.0,,0.0,0.0,0.0,0.0,0.0,0.0,0.0,0.0,0.0,,0.0,0.0,0.0,0.0,1.0,0.0,0.0,0.0,0.0,0.0,0.0,0.0,0.0,1.0,Telangana,Adilabad
telangana,adilabad,2021,,0.0,0.0,0.0,,0.0,0.0,0.0,0.0,0.0,0.0,0.0,0.0,0.0,0.0,0.0,0.0,0.0,,,0.0,9.0,0.0,0.0,0.0,0.0,0.0,0.0,0.0,4.0,13.0,Telangana,Adilabad
telangana,adilabad,2022,0.0,0.0,0.0,0.0,0.0,0.0,0.0,0.0,0.0,0.0,0.0,0.0,0.0,,5.0,0.0,0.0,0.0,0.0,0.0,0.0,27.0,0.0,0.0,,0.0,0.0,0.0,0.0,4.0,36.0,Telangana,Adilabad
telangana,bhaadradri kothagudem,2018,0.0,0.0,0.0,0.0,0.0,0.0,0.0,0.0,1.0,0.0,0.0,0.0,0.0,0.0,0.0,,0.0,2.0,1.0,1.0,1.0,0.0,0.0,0.0,0.0,0.0,0.0,1.0,0.0,2.0,8.0,Telangana,Bhaadradri Kothagudem
telangana,bhadradri kothagudem,2017,6.0,0.0,0.0,0.0,0.0,,0.0,0.0,0.0,0.0,0.0,0.0,0.0,0.0,,0.0,0.0,0.0,0.0,0.0,,0.0,0.0,,0.0,0.0,,0.0,0.0,0.0,0.0,Telangana,Bhadradri Kothagudem
telangana,bhadradri kothagudem,2019,0.0,0.0,0.0,0.0,0.0,0.0,0.0,,2.0,0.0,,0.0,,0.0,3.0,,0.0,0.0,0.0,0.0,4.0,0.0,0.0,,,0.0,0.0,0.0,,5.0,12.0,Telangana,Bhadradri Kothagudem
telangana,bhadradri kothagudem,2020,,0.0,0.0,0.0,0.0,1.0,0.0,0.0,0.0,0.0,0.0,0.0,0.0,0.0,5.0,0.0,0.0,6.0,4.0,5.0,0.0,5.0,,0.0,0.0,0.0,0.0,0.0,0.0,,37.0,Telangana,Bhadradri Kothagudem
telangana,bhadradri kothagudem,2021,,0.0,0.0,,0.0,0.0,0.0,0.0,0.0,0.0,0.0,0.0,0.0,,4.0,0.0,0.0,11.0,,13.0,0.0,10.0,0.0,0.0,0.0,0.0,0.0,,0.0,6.0,56.0,Telangana,Bhadradri Kothagudem
telangana,bhadradri kothagudem,2022,0.0,0.0,0.0,0.0,,0.0,0.0,0.0,0.0,0.0,0.0,0.0,0.0,0.0,2.0,0.0,8.0,8.0,31.0,16.0,15.0,34.0,1.0,0.0,0.0,0.0,0.0,1.0,1.0,0.0,117.0,Telangana,Bhadradri Kothagudem
telangana,hyderabad,2017,0.0,1.0,3.0,0.0,0.0,278.0,0.0,0.0,2.0,0.0,0.0,0.0,0.0,14.0,0.0,0.0,0.0,,,0.0,0.0,0.0,0.0,0.0,0.0,0.0,0.0,0.0,0.0,0.0,0.0,Telangana,Hyderabad
telangana,hyderabad,2018,3.0,2.0,15.0,0.0,10.0,340.0,1.0,0.0,0.0,0.0,0.0,0.0,1.0,0.0,0.0,0.0,0.0,0.0,0.0,0.0,0.0,0.0,0.0,0.0,0.0,0.0,0.0,0.0,0.0,0.0,0.0,Telangana,Hyderabad
telangana,hyderabad,2019,0.0,0.0,0.0,0.0,0.0,1264.0,0.0,0.0,0.0,0.0,0.0,0.0,0.0,0.0,0.0,0.0,0.0,0.0,0.0,0.0,0.0,0.0,0.0,0.0,0.0,0.0,0.0,0.0,0.0,0.0,0.0,Telangana,Hyderabad
telangana,hyderabad,2020,0.0,11.0,0.0,0.0,33.0,87.0,1.0,0.0,0.0,0.0,1.0,0.0,0.0,0.0,49.0,0.0,85.0,96.0,1366.0,0.0,107.0,0.0,6.0,18.0,0.0,0.0,0.0,30.0,112.0,0.0,2388.0,Telangana,Hyderabad
telangana,hyderabad,2021,0.0,18.0,0.0,1.0,47.0,96.0,0.0,0.0,0.0,0.0,0.0,0.0,0.0,0.0,0.0,0.0,0.0,185.0,1735.0,556.0,121.0,0.0,22.0,17.0,0.0,0.0,0.0,24.0,8.0,129.0,0.0,Telangana,Hyderabad
telangana,hyderabad,2022,0.0,36.0,0.0,1.0,72.0,108.0,0.0,0.0,0.0,0.0,0.0,0.0,0.0,3.0,189.0,0.0,256.0,198.0,2456.0,667.0,142.0,0.0,11.0,0.0,0.0,0.0,0.0,171.0,0.0,48.0,4151.0,Telangana,Hyderabad
telangana,jagityal,2017,0.0,0.0,0.0,1.0,0.0,,0.0,0.0,0.0,0.0,0.0,0.0,,0.0,0.0,0.0,,0.0,0.0,0.0,,0.0,0.0,0.0,0.0,,0.0,0.0,0.0,0.0,0.0,Telangana,Jagityal
telangana,jagityal,2018,0.0,,0.0,0.0,2.0,0.0,,0.0,0.0,0.0,0.0,0.0,0.0,0.0,0.0,0.0,0.0,0.0,0.0,0.0,0.0,0.0,0.0,0.0,0.0,,0.0,0.0,0.0,0.0,0.0,Telangana,Jagityal
telangana,jagityal,2019,0.0,0.0,0.0,0.0,0.0,0.0,0.0,0.0,0.0,0.0,0.0,0.0,0.0,0.0,1.0,0.0,0.0,2.0,0.0,0.0,,11.0,0.0,0.0,0.0,0.0,,0.0,0.0,6.0,20.0,Telangana,Jagityal
telangana,jagityal,2020,0.0,,0.0,0.0,0.0,0.0,,0.0,9.0,0.0,0.0,0.0,0.0,15.0,,0.0,0.0,,0.0,0.0,0.0,,0.0,0.0,0.0,0.0,,0.0,0.0,0.0,1.0,Telangana,Jagityal
telangana,jagityal,2021,0.0,0.0,0.0,0.0,0.0,0.0,0.0,0.0,,0.0,,0.0,0.0,7.0,3.0,0.0,,0.0,0.0,0.0,0.0,0.0,0.0,,0.0,0.0,0.0,0.0,,0.0,3.0,Telangana,Jagityal
telangana,jagityal,2022,0.0,0.0,0.0,1.0,0.0,0.0,0.0,0.0,0.0,0.0,0.0,0.0,0.0,0.0,6.0,0.0,0.0,0.0,0.0,0.0,,130.0,0.0,0.0,0.0,0.0,0.0,0.0,19.0,0.0,155.0,Telangana,Jagityal
telangana,jayashankar bhupalapally,2017,0.0,0.0,,0.0,0.0,0.0,0.0,0.0,0.0,0.0,0.0,0.0,0.0,,,0.0,0.0,,0.0,,,4.0,0.0,0.0,0.0,0.0,0.0,0.0,0.0,6.0,10.0,Telangana,Jayashankar Bhupalapally
telangana,jayashankar bhupalapally,2018,0.0,0.0,0.0,0.0,0.0,0.0,0.0,0.0,0.0,0.0,0.0,0.0,0.0,0.0,0.0,,,,0.0,0.0,0.0,3.0,,0.0,0.0,0.0,0.0,1.0,0.0,5.0,9.0,Telangana,Jayashankar Bhupalapally
telangana,jayashankar bhupalapally,2019,0.0,0.0,0.0,0.0,0.0,0.0,0.0,0.0,0.0,0.0,,0.0,0.0,0.0,0.0,0.0,0.0,0.0,0.0,0.0,0.0,2.0,,,0.0,0.0,0.0,0.0,0.0,1.0,3.0,Telangana,Jayashankar Bhupalapally
telangana,jayashankar bhupalapally,2020,0.0,0.0,0.0,0.0,0.0,0.0,0.0,0.0,,,0.0,0.0,0.0,0.0,0.0,0.0,,0.0,0.0,0.0,0.0,1.0,0.0,0.0,0.0,,0.0,2.0,1.0,5.0,9.0,Telangana,Jayashankar Bhupalapally
telangana,jayashankar bhupalapally,2021,0.0,0.0,0.0,0.0,0.0,0.0,0.0,0.0,0.0,0.0,0.0,0.0,0.0,0.0,0.0,0.0,0.0,0.0,0.0,0.0,0.0,0.0,0.0,0.0,0.0,0.0,0.0,0.0,0.0,3.0,3.0,Telangana,Jayashankar Bhupalapally
telangana,jayashankar bhupalapally,2022,0.0,,,0.0,0.0,0.0,0.0,0.0,0.0,0.0,0.0,0.0,0.0,0.0,0.0,0.0,0.0,0.0,0.0,0.0,0.0,0.0,0.0,0.0,0.0,0.0,,0.0,0.0,16.0,16.0,Telangana,Jayashankar Bhupalapally
telangana,jogulaamba gadwal,2019,0.0,0.0,0.0,0.0,0.0,0.0,0.0,0.0,0.0,,0.0,0.0,0.0,0.0,,0.0,0.0,0.0,0.0,0.0,10.0,0.0,0.0,,0.0,0.0,0.0,0.0,0.0,0.0,,Telangana,Jogulaamba Gadwal
telangana,jogulamba gadwal,2018,0.0,0.0,0.0,,0.0,,0.0,0.0,0.0,0.0,0.0,0.0,0.0,0.0,0.0,0.0,0.0,0.0,0.0,0.0,5.0,0.0,0.0,0.0,0.0,0.0,,0.0,0.0,0.0,5.0,Telangana,Jogulamba Gadwal
telangana,jogulamba gadwal,2020,0.0,,0.0,0.0,0.0,0.0,0.0,0.0,0.0,,0.0,0.0,0.0,0.0,0.0,0.0,0.0,0.0,0.0,0.0,10.0,0.0,0.0,0.0,0.0,0.0,,,0.0,0.0,10.0,Telangana,Jogulamba Gadwal
telangana,jogulamba gadwal,2021,0.0,0.0,0.0,0.0,0.0,0.0,0.0,0.0,0.0,0.0,0.0,0.0,0.0,0.0,2.0,0.0,,0.0,0.0,0.0,27.0,0.0,0.0,0.0,0.0,0.0,0.0,0.0,0.0,0.0,29.0,Telangana,Jogulamba Gadwal
telangana,jogulamba gadwal,2022,0.0,,0.0,0.0,0.0,0.0,0.0,0.0,0.0,0.0,0.0,0.0,0.0,0.0,0.0,,0.0,0.0,0.0,,32.0,0.0,0.0,0.0,0.0,0.0,0.0,0.0,0.0,0.0,32.0,Telangana,Jogulamba Gadwal
telangana,kaarimnagar,2019,0.0,0.0,0.0,0.0,0.0,1.0,0.0,0.0,0.0,0.0,0.0,0.0,0.0,0.0,9.0,0.0,0.0,0.0,,,0.0,0.0,0.0,0.0,,0.0,0.0,,10.0,0.0,23.0,Telangana,Kaarimnagar
telangana,kamareddy,2018,0.0,,,0.0,2.0,,0.0,0.0,0.0,0.0,0.0,0.0,0.0,0.0,0.0,0.0,0.0,0.0,,,0.0,0.0,0.0,0.0,0.0,0.0,0.0,0.0,0.0,1.0,1.0,Telangana,Kamareddy
telangana,kamareddy,2019,0.0,0.0,0.0,0.0,10.0,5.0,0.0,0.0,0.0,0.0,0.0,0.0,0.0,0.0,1.0,0.0,0.0,0.0,0.0,0.0,0.0,0.0,0.0,0.0,0.0,0.0,0.0,0.0,0.0,0.0,1.0,Telangana,Kamareddy
telangana,kamareddy,2020,0.0,0.0,0.0,0.0,0.0,0.0,,0.0,,,0.0,0.0,0.0,,3.0,0.0,0.0,0.0,0.0,0.0,,12.0,0.0,0.0,0.0,0.0,0.0,0.0,0.0,0.0,15.0,Telangana,Kamareddy
telangana,kamareddy,2021,0.0,0.0,0.0,0.0,0.0,0.0,0.0,0.0,,,0.0,0.0,0.0,0.0,4.0,0.0,0.0,0.0,84.0,23.0,3.0,0.0,0.0,0.0,0.0,0.0,0.0,0.0,0.0,0.0,114.0,Telangana,Kamareddy
telangana,kamareddy,2022,0.0,,0.0,0.0,1.0,,0.0,0.0,0.0,0.0,0.0,0.0,0.0,0.0,2.0,0.0,0.0,0.0,125.0,115.0,51.0,0.0,0.0,,0.0,0.0,0.0,,,0.0,,Telangana,Kamareddy
telangana,karimnagar,2017,0.0,0.0,0.0,0.0,,0.0,0.0,0.0,3.0,0.0,0.0,0.0,0.0,0.0,0.0,,0.0,0.0,0.0,,0.0,0.0,0.0,,0.0,,0.0,0.0,2.0,0.0,2.0,Telangana,Karimnagar
telangana,karimnagar,2018,0.0,0.0,0.0,0.0,0.0,0.0,0.0,0.0,0.0,,,0.0,0.0,0.0,0.0,,0.0,0.0,0.0,0.0,0.0,0.0,0.0,0.0,0.0,0.0,0.0,0.0,0.0,0.0,0.0,Telangana,Karimnagar
telangana,karimnagar,2020,0.0,0.0,0.0,,0.0,0.0,1.0,0.0,0.0,0.0,0.0,0.0,0.0,,11.0,0.0,0.0,0.0,2.0,0.0,0.0,4.0,0.0,0.0,0.0,,0.0,4.0,12.0,0.0,33.0,Telangana,Karimnagar
telangana,karimnagar,2021,0.0,0.0,0.0,0.0,0.0,0.0,,0.0,0.0,0.0,0.0,0.0,0.0,0.0,5.0,0.0,0.0,,0.0,0.0,0.0,,0.0,0.0,1.0,0.0,0.0,0.0,,,32.0,Telangana,Karimnagar
telangana,karimnagar,2022,0.0,0.0,0.0,,0.0,0.0,0.0,,0.0,0.0,0.0,0.0,0.0,0.0,9.0,0.0,0.0,0.0,,0.0,0.0,66.0,0.0,0.0,0.0,0.0,0.0,0.0,8.0,3.0,86.0,Telangana,Karimnagar
telangana,khammam,2017,0.0,0.0,0.0,0.0,,0.0,0.0,0.0,0.0,0.0,0.0,0.0,0.0,0.0,1.0,0.0,0.0,6.0,,7.0,0.0,4.0,,0.0,0.0,0.0,0.0,0.0,,0.0,25.0,Telangana,Khammam
telangana,khammam,2018,0.0,0.0,,0.0,0.0,0.0,0.0,0.0,1.0,,0.0,0.0,0.0,0.0,1.0,0.0,1.0,12.0,9.0,,0.0,,0.0,0.0,5.0,0.0,0.0,0.0,1.0,0.0,43.0,Telangana,Khammam
telangana,khammam,2019,0.0,,0.0,,0.0,3.0,0.0,0.0,0.0,0.0,0.0,0.0,,0.0,2.0,0.0,,10.0,13.0,,6.0,8.0,0.0,0.0,0.0,0.0,0.0,0.0,0.0,6.0,57.0,Telangana,Khammam
telangana,khammam,2020,0.0,0.0,0.0,0.0,0.0,0.0,0.0,0.0,1.0,0.0,,0.0,0.0,0.0,3.0,0.0,1.0,0.0,9.0,5.0,6.0,1.0,0.0,0.0,1.0,0.0,,10.0,,13.0,49.0,Telangana,Khammam
telangana,khammam,2021,0.0,,0.0,0.0,1.0,0.0,0.0,0.0,0.0,0.0,0.0,0.0,0.0,0.0,2.0,0.0,2.0,8.0,0.0,9.0,60.0,0.0,,0.0,1.0,0.0,,0.0,,13.0,95.0,Telangana,Khammam
telangana,khammam,2022,0.0,,0.0,0.0,0.0,0.0,0.0,0.0,0.0,0.0,,0.0,0.0,0.0,5.0,,9.0,4.0,,102.0,52.0,55.0,0.0,0.0,0.0,0.0,,0.0,0.0,8.0,236.0,Telangana,Khammam
telangana,kumuram bheem asifabad,2017,0.0,0.0,0.0,0.0,0.0,0.0,,0.0,0.0,0.0,0.0,0.0,0.0,,1.0,0.0,0.0,0.0,0.0,0.0,0.0,1.0,0.0,0.0,0.0,0.0,0.0,,0.0,,8.0,Telangana,Kumuram Bheem Asifabad
telangana,kumuram bheem asifabad,2018,0.0,,0.0,0.0,,0.0,,0.0,,0.0,0.0,0.0,0.0,0.0,0.0,0.0,0.0,0.0,0.0,,0.0,1.0,0.0,0.0,0.0,0.0,0.0,0.0,4.0,3.0,8.0,Telangana,Kumuram Bheem Asifabad
telangana,kumuram bheem asifabad,2019,0.0,0.0,0.0,0.0,0.0,0.0,0.0,0.0,0.0,0.0,0.0,0.0,0.0,0.0,1.0,0.0,,1.0,2.0,1.0,0.0,0.0,0.0,0.0,0.0,0.0,0.0,1.0,0.0,2.0,8.0,Telangana,Kumuram Bheem Asifabad
telangana,kumuram bheem asifabad,2020,0.0,,,0.0,0.0,,0.0,0.0,0.0,0.0,,0.0,0.0,0.0,0.0,0.0,0.0,0.0,,0.0,0.0,,0.0,0.0,0.0,0.0,0.0,,0.0,3.0,,Telangana,Kumuram Bheem Asifabad
telangana,kumuram bheem asifabad,2021,0.0,0.0,0.0,0.0,0.0,0.0,0.0,0.0,0.0,0.0,0.0,0.0,0.0,0.0,2.0,0.0,3.0,,0.0,1.0,0.0,15.0,0.0,0.0,1.0,,0.0,0.0,,5.0,29.0,Telangana,Kumuram Bheem Asifabad
telangana,kumuram bheem asifabad,2022,,0.0,0.0,0.0,0.0,0.0,,0.0,0.0,0.0,0.0,0.0,0.0,0.0,1.0,0.0,2.0,0.0,0.0,,0.0,,0.0,0.0,0.0,,0.0,0.0,0.0,3.0,35.0,Telangana,Kumuram Bheem Asifabad
telangana,mahabubabad,2017,0.0,0.0,0.0,0.0,0.0,2.0,0.0,0.0,0.0,,0.0,0.0,0.0,0.0,0.0,,0.0,0.0,0.0,,0.0,0.0,0.0,0.0,0.0,,0.0,0.0,0.0,0.0,0.0,Telangana,Mahabubabad
telangana,mahabubabad,2018,0.0,0.0,0.0,0.0,0.0,5.0,,0.0,0.0,,,,0.0,0.0,0.0,0.0,0.0,0.0,0.0,,0.0,0.0,0.0,0.0,0.0,0.0,0.0,0.0,0.0,0.0,0.0,Telangana,Mahabubabad
telangana,mahabubabad,2019,0.0,0.0,0.0,0.0,0.0,0.0,0.0,0.0,0.0,0.0,0.0,0.0,0.0,,1.0,0.0,0.0,2.0,0.0,,,0.0,0.0,0.0,0.0,0.0,0.0,0.0,0.0,2.0,9.0,Telangana,Mahabubabad
telangana,mahabubabad,2020,0.0,0.0,0.0,0.0,0.0,0.0,0.0,0.0,0.0,0.0,0.0,0.0,0.0,0.0,4.0,0.0,0.0,0.0,0.0,6.0,0.0,10.0,0.0,6.0,0.0,0.0,0.0,0.0,0.0,4.0,30.0,Telangana,Mahabubabad
telangana,mahabubabad,2021,0.0,,,0.0,0.0,0.0,0.0,0.0,0.0,0.0,0.0,0.0,,,4.0,0.0,0.0,0.0,3.0,3.0,1.0,0.0,0.0,0.0,0.0,0.0,0.0,0.0,0.0,0.0,,Telangana,Mahabubabad
telangana,mahabubabad,2022,0.0,0.0,0.0,,0.0,3.0,0.0,0.0,0.0,0.0,0.0,0.0,,0.0,0.0,0.0,4.0,1.0,32.0,12.0,5.0,0.0,0.0,0.0,0.0,0.0,0.0,1.0,1.0,0.0,56.0,Telangana,Mahabubabad
telangana,mahabubnagar,2017,0.0,0.0,0.0,0.0,0.0,6.0,0.0,0.0,,0.0,0.0,0.0,0.0,0.0,0.0,0.0,0.0,0.0,0.0,0.0,0.0,0.0,0.0,0.0,0.0,,,0.0,,,0.0,Telangana,Mahabubnagar
telangana,mahabubnagar,2018,0.0,0.0,,0.0,1.0,1.0,0.0,0.0,5.0,0.0,0.0,0.0,0.0,0.0,,0.0,0.0,1.0,0.0,0.0,0.0,0.0,0.0,0.0,0.0,0.0,0.0,0.0,0.0,0.0,1.0,Telangana,Mahabubnagar
telangana,mahabubnagar,2019,0.0,0.0,0.0,0.0,0.0,6.0,0.0,0.0,0.0,0.0,0.0,0.0,0.0,0.0,0.0,0.0,1.0,0.0,,0.0,0.0,0.0,0.0,0.0,0.0,0.0,0.0,0.0,0.0,0.0,2.0,Telangana,Mahabubnagar
telangana,mahabubnagar,2021,0.0,,,0.0,0.0,0.0,0.0,0.0,0.0,0.0,,0.0,0.0,0.0,0.0,0.0,0.0,2.0,4.0,0.0,,21.0,0.0,0.0,0.0,0.0,0.0,0.0,8.0,0.0,35.0,Telangana,Mahabubnagar
telangana,mahabubnagar,2022,,,0.0,0.0,0.0,0.0,0.0,0.0,7.0,0.0,0.0,0.0,,0.0,0.0,0.0,2.0,8.0,13.0,0.0,0.0,45.0,0.0,0.0,,0.0,0.0,0.0,,0.0,71.0,Telangana,Mahabubnagar
telangana,medak,2018,0.0,0.0,0.0,0.0,0.0,0.0,0.0,0.0,0.0,0.0,0.0,0.0,0.0,0.0,0.0,0.0,0.0,0.0,0.0,0.0,1.0,0.0,0.0,,0.0,0.0,0.0,0.0,0.0,0.0,1.0,Telangana,Medak
telangana,medak,2019,,0.0,0.0,,2.0,0.0,0.0,0.0,0.0,0.0,,0.0,0.0,0.0,0.0,0.0,0.0,0.0,0.0,0.0,0.0,0.0,0.0,0.0,0.0,0.0,0.0,0.0,0.0,0.0,0.0,Telangana,Medak
telangana,medak,2020,0.0,,0.0,0.0,0.0,11.0,0.0,0.0,0.0,0.0,0.0,,0.0,0.0,0.0,0.0,,0.0,0.0,0.0,0.0,0.0,0.0,0.0,0.0,0.0,0.0,0.0,0.0,0.0,0.0,Telangana,Medak
telangana,medak,2021,0.0,0.0,0.0,,0.0,0.0,0.0,0.0,0.0,0.0,0.0,0.0,0.0,0.0,4.0,0.0,0.0,0.0,,1.0,1.0,0.0,0.0,0.0,0.0,0.0,0.0,0.0,0.0,,25.0,Telangana,Medak
telangana,medak,2022,0.0,0.0,0.0,0.0,0.0,1.0,0.0,0.0,0.0,0.0,0.0,0.0,0.0,0.0,1.0,0.0,0.0,2.0,109.0,8.0,6.0,,0.0,,0.0,0.0,0.0,0.0,0.0,0.0,126.0,Telangana,Medak
telangana,mulugu,2019,0.0,0.0,0.0,0.0,1.0,0.0,0.0,,,0.0,0.0,0.0,0.0,0.0,0.0,0.0,0.0,0.0,0.0,,0.0,2.0,0.0,0.0,0.0,0.0,0.0,0.0,0.0,2.0,4.0,Telangana,Mulugu
telangana,mulugu,2020,0.0,0.0,0.0,0.0,3.0,1.0,0.0,0.0,0.0,0.0,0.0,0.0,0.0,0.0,0.0,0.0,0.0,0.0,0.0,0.0,0.0,0.0,0.0,0.0,0.0,0.0,0.0,0.0,0.0,0.0,0.0,Telangana,Mulugu
telangana,mulugu,2021,,0.0,0.0,0.0,0.0,0.0,,0.0,0.0,0.0,0.0,0.0,,0.0,0.0,0.0,0.0,0.0,0.0,0.0,0.0,8.0,0.0,0.0,0.0,0.0,0.0,0.0,0.0,,11.0,Telangana,Mulugu
telangana,mulugu,2022,0.0,0.0,0.0,0.0,0.0,0.0,0.0,0.0,0.0,0.0,0.0,0.0,0.0,,2.0,2.0,,0.0,0.0,0.0,,21.0,0.0,0.0,0.0,0.0,0.0,,,,26.0,Telangana,Mulugu
telangana,naagarkurnool,2019,0.0,0.0,0.0,0.0,0.0,0.0,0.0,0.0,0.0,0.0,0.0,0.0,0.0,0.0,0.0,0.0,0.0,3.0,0.0,0.0,1.0,0.0,0.0,0.0,0.0,,0.0,0.0,0.0,0.0,,Telangana,Naagarkurnool
telangana,nagarkurnool,2017,0.0,0.0,0.0,0.0,0.0,0.0,0.0,0.0,0.0,0.0,0.0,0.0,,0.0,0.0,,0.0,7.0,,0.0,0.0,0.0,0.0,0.0,0.0,0.0,0.0,0.0,0.0,0.0,7.0,Telangana,Nagarkurnool
telangana,nagarkurnool,2018,,0.0,,0.0,0.0,0.0,0.0,0.0,0.0,0.0,0.0,0.0,0.0,0.0,0.0,0.0,0.0,5.0,0.0,0.0,,0.0,,,0.0,0.0,0.0,0.0,,0.0,7.0,Telangana,Nagarkurnool
telangana,nagarkurnool,2020,0.0,0.0,0.0,0.0,0.0,0.0,0.0,0.0,4.0,0.0,0.0,0.0,0.0,0.0,1.0,0.0,0.0,3.0,0.0,0.0,0.0,0.0,0.0,0.0,0.0,,0.0,0.0,0.0,0.0,4.0,Telangana,Nagarkurnool
telangana,nagarkurnool,2021,0.0,0.0,0.0,0.0,0.0,0.0,0.0,0.0,1.0,0.0,0.0,0.0,0.0,0.0,2.0,0.0,0.0,1.0,,0.0,17.0,0.0,0.0,0.0,0.0,0.0,0.0,0.0,0.0,0.0,20.0,Telangana,Nagarkurnool
telangana,nagarkurnool,2022,0.0,0.0,0.0,0.0,0.0,0.0,,0.0,3.0,,0.0,0.0,,0.0,1.0,0.0,0.0,0.0,,8.0,63.0,0.0,0.0,,,0.0,0.0,0.0,0.0,,72.0,Telangana,Nagarkurnool
telangana,nalgonda,2017,0.0,,2.0,0.0,6.0,,0.0,0.0,0.0,0.0,0.0,0.0,,5.0,0.0,0.0,,0.0,0.0,0.0,0.0,0.0,0.0,0.0,0.0,0.0,0.0,0.0,0.0,,0.0,Telangana,Nalgonda
telangana,nalgonda,2018,0.0,0.0,0.0,0.0,3.0,1.0,0.0,0.0,0.0,0.0,0.0,0.0,0.0,0.0,1.0,0.0,0.0,0.0,,,0.0,0.0,0.0,0.0,,0.0,0.0,0.0,0.0,5.0,6.0,Telangana,Nalgonda
telangana,nalgonda,2019,0.0,0.0,0.0,0.0,2.0,0.0,0.0,,0.0,0.0,0.0,0.0,0.0,0.0,1.0,0.0,0.0,0.0,1.0,0.0,4.0,0.0,0.0,0.0,0.0,0.0,0.0,0.0,0.0,7.0,13.0,Telangana,Nalgonda
telangana,nalgonda,2020,0.0,0.0,0.0,0.0,0.0,0.0,0.0,0.0,0.0,0.0,0.0,0.0,0.0,0.0,,0.0,1.0,0.0,2.0,2.0,1.0,0.0,0.0,0.0,1.0,,0.0,0.0,0.0,5.0,17.0,Telangana,Nalgonda
telangana,nalgonda,2021,0.0,0.0,0.0,0.0,0.0,0.0,0.0,0.0,0.0,0.0,0.0,0.0,0.0,0.0,3.0,0.0,3.0,6.0,8.0,1.0,12.0,0.0,0.0,0.0,0.0,0.0,0.0,0.0,0.0,1.0,34.0,Telangana,Nalgonda
telangana,nalgonda,2022,0.0,0.0,0.0,0.0,0.0,0.0,0.0,0.0,0.0,0.0,0.0,0.0,0.0,0.0,,0.0,0.0,1.0,,,55.0,0.0,0.0,0.0,,0.0,0.0,0.0,0.0,25.0,94.0,Telangana,Nalgonda
telangana,narayanpet,2019,0.0,0.0,0.0,0.0,0.0,0.0,0.0,0.0,0.0,0.0,,0.0,0.0,0.0,0.0,0.0,0.0,0.0,0.0,0.0,0.0,0.0,,0.0,0.0,0.0,,0.0,0.0,0.0,0.0,Telangana,Narayanpet
telangana,narayanpet,2020,0.0,0.0,0.0,0.0,0.0,0.0,0.0,0.0,0.0,0.0,0.0,,0.0,0.0,1.0,0.0,0.0,0.0,0.0,0.0,,0.0,0.0,0.0,0.0,0.0,0.0,0.0,0.0,0.0,1.0,Telangana,Narayanpet
telangana,narayanpet,2021,0.0,,0.0,0.0,0.0,,0.0,0.0,0.0,0.0,0.0,0.0,0.0,0.0,1.0,,0.0,0.0,0.0,0.0,0.0,,0.0,0.0,0.0,0.0,0.0,0.0,0.0,3.0,,Telangana,Narayanpet
telangana,narayanpet,2022,0.0,0.0,,0.0,0.0,0.0,0.0,,0.0,0.0,0.0,,0.0,0.0,0.0,0.0,1.0,0.0,0.0,2.0,0.0,40.0,0.0,0.0,4.0,0.0,0.0,2.0,0.0,0.0,49.0,Telangana,Narayanpet
telangana,nirmal,2017,,0.0,0.0,0.0,0.0,0.0,0.0,0.0,0.0,0.0,0.0,,0.0,0.0,0.0,0.0,0.0,0.0,0.0,0.0,0.0,0.0,0.0,0.0,0.0,0.0,0.0,0.0,2.0,2.0,4.0,Telangana,Nirmal
telangana,nirmal,2018,,0.0,0.0,0.0,0.0,0.0,0.0,0.0,0.0,0.0,,0.0,0.0,0.0,0.0,0.0,0.0,,0.0,0.0,0.0,,0.0,0.0,0.0,0.0,0.0,0.0,0.0,1.0,1.0,Telangana,Nirmal
telangana,nirmal,2019,0.0,,0.0,0.0,0.0,0.0,0.0,0.0,0.0,0.0,0.0,0.0,0.0,0.0,0.0,0.0,0.0,0.0,,0.0,0.0,3.0,0.0,0.0,0.0,0.0,0.0,0.0,5.0,2.0,10.0,Telangana,Nirmal
telangana,nirmal,2020,0.0,0.0,0.0,0.0,0.0,0.0,0.0,0.0,0.0,0.0,0.0,0.0,0.0,0.0,0.0,0.0,,,0.0,,0.0,,0.0,0.0,0.0,,,0.0,8.0,1.0,9.0,Telangana,Nirmal
telangana,nirmal,2021,0.0,0.0,0.0,0.0,0.0,,0.0,,0.0,0.0,0.0,0.0,0.0,0.0,0.0,0.0,0.0,0.0,0.0,,,12.0,0.0,0.0,0.0,0.0,0.0,1.0,0.0,0.0,13.0,Telangana,Nirmal
telangana,nirmal,2022,0.0,0.0,0.0,0.0,0.0,0.0,,0.0,0.0,0.0,0.0,0.0,0.0,0.0,0.0,0.0,0.0,0.0,0.0,0.0,0.0,24.0,,0.0,0.0,0.0,0.0,0.0,13.0,0.0,37.0,Telangana,Nirmal
telangana,nizamabad,2017,0.0,0.0,0.0,0.0,0.0,0.0,0.0,0.0,0.0,0.0,0.0,0.0,0.0,0.0,2.0,,0.0,0.0,0.0,0.0,,6.0,,,0.0,0.0,0.0,3.0,0.0,2.0,13.0,Telangana,Nizamabad
telangana,nizamabad,2018,0.0,0.0,0.0,0.0,0.0,0.0,0.0,0.0,0.0,0.0,0.0,0.0,0.0,0.0,2.0,0.0,0.0,0.0,,0.0,0.0,,2.0,0.0,0.0,0.0,0.0,0.0,0.0,1.0,13.0,Telangana,Nizamabad
telangana,nizamabad,2019,0.0,0.0,,0.0,0.0,0.0,0.0,0.0,0.0,0.0,0.0,0.0,0.0,1.0,4.0,0.0,0.0,0.0,0.0,0.0,,23.0,1.0,0.0,0.0,0.0,0.0,2.0,0.0,0.0,30.0,Telangana,Nizamabad
telangana,nizamabad,2020,0.0,0.0,0.0,0.0,0.0,2.0,0.0,0.0,0.0,0.0,0.0,0.0,0.0,1.0,1.0,0.0,0.0,0.0,0.0,0.0,0.0,6.0,0.0,0.0,0.0,,0.0,0.0,0.0,,,Telangana,Nizamabad
telangana,nizamabad,2021,0.0,,0.0,0.0,0.0,0.0,0.0,0.0,,0.0,0.0,,0.0,0.0,0.0,0.0,0.0,,0.0,0.0,0.0,7.0,0.0,0.0,0.0,0.0,0.0,2.0,2.0,2.0,13.0,Telangana,Nizamabad
telangana,nizamabad,2022,0.0,0.0,,0.0,0.0,1.0,1.0,0.0,2.0,0.0,0.0,0.0,0.0,0.0,2.0,1.0,0.0,2.0,20.0,23.0,0.0,,0.0,,0.0,0.0,,0.0,,5.0,130.0,Telangana,Nizamabad
telangana,peddapalli,2017,0.0,0.0,0.0,0.0,,2.0,0.0,0.0,0.0,0.0,0.0,0.0,0.0,0.0,1.0,0.0,,0.0,0.0,0.0,0.0,22.0,0.0,0.0,0.0,0.0,0.0,0.0,0.0,7.0,,Telangana,Peddapalli
telangana,peddapalli,2018,,0.0,0.0,0.0,0.0,0.0,0.0,0.0,0.0,0.0,0.0,0.0,0.0,0.0,0.0,0.0,0.0,,0.0,0.0,1.0,15.0,0.0,0.0,0.0,0.0,0.0,2.0,0.0,20.0,38.0,Telangana,Peddapalli
telangana,peddapalli,2019,0.0,0.0,0.0,0.0,0.0,0.0,0.0,0.0,0.0,0.0,0.0,0.0,0.0,0.0,0.0,0.0,0.0,7.0,0.0,24.0,,0.0,0.0,,2.0,0.0,,0.0,2.0,8.0,43.0,Telangana,Peddapalli
telangana,peddapalli,2020,0.0,0.0,0.0,0.0,6.0,0.0,0.0,0.0,,0.0,0.0,0.0,0.0,0.0,0.0,0.0,0.0,0.0,0.0,9.0,,10.0,0.0,0.0,2.0,0.0,0.0,0.0,0.0,14.0,43.0,Telangana,Peddapalli
telangana,peddapalli,2022,0.0,0.0,,0.0,0.0,0.0,0.0,0.0,0.0,0.0,0.0,0.0,0.0,0.0,9.0,0.0,0.0,0.0,0.0,0.0,0.0,100.0,0.0,0.0,0.0,0.0,0.0,5.0,0.0,5.0,119.0,Telangana,Peddapalli
telangana,rajanna sircilla,2017,0.0,0.0,0.0,0.0,0.0,0.0,,0.0,0.0,,0.0,0.0,0.0,0.0,,,0.0,3.0,0.0,0.0,0.0,0.0,0.0,0.0,,0.0,0.0,0.0,0.0,0.0,3.0,Telangana,Rajanna Sircilla
telangana,rajanna sircilla,2018,0.0,0.0,0.0,0.0,0.0,0.0,0.0,0.0,0.0,0.0,,0.0,0.0,,0.0,0.0,0.0,0.0,0.0,0.0,0.0,,0.0,0.0,,0.0,0.0,0.0,0.0,0.0,0.0,Telangana,Rajanna Sircilla
telangana,rajanna sircilla,2019,0.0,0.0,0.0,0.0,,0.0,0.0,0.0,0.0,0.0,0.0,0.0,0.0,0.0,3.0,0.0,0.0,5.0,0.0,0.0,,0.0,,0.0,0.0,1.0,0.0,0.0,1.0,8.0,18.0,Telangana,Rajanna Sircilla
telangana,rajanna sircilla,2020,0.0,0.0,0.0,0.0,0.0,0.0,0.0,0.0,0.0,0.0,0.0,0.0,0.0,0.0,1.0,0.0,0.0,,0.0,0.0,13.0,,0.0,0.0,0.0,1.0,0.0,0.0,0.0,0.0,15.0,Telangana,Rajanna Sircilla
telangana,rajanna sircilla,2021,0.0,0.0,0.0,0.0,,,,0.0,0.0,,,0.0,0.0,0.0,3.0,0.0,0.0,2.0,4.0,0.0,7.0,0.0,0.0,0.0,0.0,1.0,0.0,,0.0,2.0,19.0,Telangana,Rajanna Sircilla
telangana,ranga reddy,2017,2.0,,1.0,1.0,2.0,2.0,1.0,0.0,0.0,0.0,0.0,0.0,0.0,0.0,,,6.0,9.0,58.0,24.0,5.0,56.0,0.0,0.0,,0.0,0.0,11.0,0.0,40.0,244.0,Telangana,Ranga Reddy
telangana,ranga reddy,2018,0.0,0.0,2.0,0.0,,1.0,0.0,0.0,0.0,0.0,0.0,0.0,0.0,0.0,12.0,0.0,16.0,17.0,75.0,11.0,,,,0.0,,0.0,0.0,10.0,,41.0,286.0,Telangana,Ranga Reddy
telangana,ranga reddy,2019,0.0,0.0,0.0,0.0,6.0,,2.0,0.0,0.0,0.0,0.0,0.0,0.0,0.0,,1.0,23.0,15.0,6.0,82.0,3.0,296.0,0.0,0.0,5.0,0.0,0.0,12.0,0.0,14.0,,Telangana,Ranga Reddy
telangana,ranga reddy,2020,,,,0.0,,1.0,1.0,0.0,0.0,0.0,0.0,0.0,0.0,0.0,12.0,0.0,,185.0,1.0,115.0,,651.0,,0.0,10.0,0.0,0.0,3.0,,,1196.0,Telangana,Ranga Reddy
telangana,ranga reddy,2021,0.0,0.0,,0.0,5.0,10.0,1.0,1.0,,0.0,0.0,0.0,0.0,0.0,38.0,3.0,232.0,,,710.0,1222.0,1630.0,5.0,1.0,,0.0,0.0,20.0,0.0,0.0,4379.0,Telangana,Ranga Reddy
telangana,ranga reddy,2022,0.0,0.0,4.0,3.0,4.0,,,0.0,,0.0,0.0,0.0,0.0,0.0,37.0,7.0,83.0,166.0,65.0,953.0,,3538.0,9.0,2.0,8.0,0.0,0.0,29.0,,51.0,,Telangana,Ranga Reddy
telangana,sangareddy,2017,0.0,0.0,3.0,0.0,0.0,2.0,0.0,0.0,0.0,0.0,0.0,0.0,0.0,0.0,0.0,0.0,0.0,0.0,0.0,0.0,0.0,,0.0,0.0,0.0,0.0,0.0,0.0,0.0,0.0,0.0,Telangana,Sangareddy
telangana,sangareddy,2018,,0.0,0.0,1.0,0.0,6.0,0.0,0.0,0.0,0.0,0.0,0.0,0.0,0.0,0.0,0.0,,0.0,0.0,0.0,0.0,,,0.0,0.0,0.0,0.0,0.0,0.0,,0.0,Telangana,Sangareddy
telangana,sangareddy,2019,0.0,0.0,,0.0,0.0,0.0,0.0,0.0,0.0,0.0,0.0,0.0,0.0,0.0,3.0,0.0,0.0,0.0,0.0,0.0,0.0,,0.0,0.0,0.0,0.0,0.0,0.0,0.0,0.0,,Telangana,Sangareddy
telangana,sangareddy,2020,0.0,,0.0,0.0,0.0,0.0,0.0,0.0,0.0,0.0,0.0,,0.0,,1.0,0.0,0.0,,0.0,0.0,,12.0,0.0,0.0,0.0,0.0,,0.0,0.0,0.0,13.0,Telangana,Sangareddy
telangana,sangareddy,2021,0.0,0.0,2.0,0.0,0.0,0.0,,0.0,0.0,0.0,0.0,0.0,0.0,0.0,1.0,0.0,,,,0.0,0.0,33.0,,0.0,,,0.0,0.0,0.0,0.0,34.0,Telangana,Sangareddy
telangana,sangareddy,2022,0.0,0.0,0.0,0.0,0.0,,,0.0,0.0,0.0,0.0,,0.0,0.0,1.0,0.0,0.0,0.0,0.0,0.0,0.0,283.0,0.0,0.0,0.0,0.0,0.0,0.0,0.0,0.0,284.0,Telangana,Sangareddy
telangana,siddipet,2017,9.0,0.0,0.0,0.0,0.0,0.0,0.0,0.0,0.0,0.0,0.0,0.0,0.0,,0.0,0.0,0.0,0.0,0.0,0.0,0.0,0.0,0.0,0.0,0.0,0.0,0.0,0.0,0.0,0.0,0.0,Telangana,Siddipet
telangana,siddipet,2018,5.0,0.0,0.0,0.0,0.0,,0.0,0.0,0.0,0.0,0.0,0.0,0.0,,0.0,0.0,0.0,5.0,0.0,0.0,,0.0,0.0,0.0,,0.0,0.0,1.0,0.0,0.0,6.0,Telangana,Siddipet
telangana,siddipet,2019,0.0,0.0,0.0,0.0,11.0,1.0,0.0,0.0,0.0,0.0,0.0,0.0,0.0,,0.0,0.0,0.0,0.0,0.0,0.0,0.0,0.0,0.0,0.0,,0.0,0.0,0.0,0.0,0.0,0.0,Telangana,Siddipet
telangana,siddipet,2021,1.0,0.0,,,45.0,28.0,1.0,0.0,3.0,0.0,0.0,0.0,0.0,3.0,1.0,0.0,0.0,0.0,,,0.0,0.0,0.0,,0.0,,0.0,,0.0,0.0,1.0,Telangana,Siddipet
telangana,siddipet,2022,0.0,0.0,0.0,0.0,,0.0,0.0,0.0,0.0,,0.0,0.0,0.0,0.0,3.0,0.0,6.0,18.0,40.0,14.0,155.0,0.0,0.0,0.0,2.0,0.0,0.0,6.0,2.0,0.0,,Telangana,Siddipet
telangana,suryapet,2017,0.0,,,0.0,0.0,0.0,0.0,0.0,,0.0,,0.0,0.0,1.0,,,0.0,0.0,0.0,0.0,0.0,0.0,0.0,0.0,0.0,0.0,0.0,,0.0,0.0,0.0,Telangana,Suryapet
telangana,suryapet,2018,0.0,0.0,0.0,0.0,0.0,0.0,0.0,0.0,0.0,0.0,,0.0,0.0,0.0,0.0,,0.0,0.0,0.0,0.0,0.0,,0.0,0.0,0.0,0.0,0.0,,,0.0,0.0,Telangana,Suryapet
telangana,suryapet,2019,0.0,0.0,0.0,0.0,0.0,0.0,0.0,0.0,,0.0,0.0,0.0,0.0,1.0,0.0,0.0,0.0,0.0,,0.0,0.0,0.0,0.0,0.0,0.0,0.0,,0.0,0.0,0.0,0.0,Telangana,Suryapet
telangana,suryapet,2021,0.0,0.0,,0.0,0.0,0.0,0.0,0.0,0.0,0.0,0.0,0.0,0.0,,,,0.0,0.0,0.0,0.0,0.0,0.0,,0.0,0.0,0.0,0.0,0.0,1.0,,20.0,Telangana,Suryapet
telangana,suryapet,2022,0.0,0.0,0.0,0.0,0.0,0.0,0.0,0.0,0.0,0.0,0.0,0.0,0.0,0.0,3.0,0.0,0.0,0.0,0.0,0.0,116.0,0.0,0.0,0.0,,0.0,,0.0,0.0,0.0,119.0,Telangana,Suryapet
telangana,vikarabad,2017,0.0,0.0,0.0,,0.0,0.0,0.0,,0.0,0.0,0.0,,0.0,0.0,0.0,0.0,0.0,0.0,0.0,0.0,0.0,4.0,0.0,0.0,0.0,0.0,0.0,4.0,,0.0,8.0,Telangana,Vikarabad
telangana,vikarabad,2018,0.0,0.0,0.0,0.0,0.0,0.0,,0.0,0.0,0.0,0.0,0.0,0.0,0.0,1.0,0.0,0.0,0.0,0.0,0.0,0.0,3.0,0.0,,0.0,0.0,0.0,1.0,2.0,0.0,8.0,Telangana,Vikarabad
telangana,vikarabad,2019,0.0,0.0,0.0,,0.0,0.0,0.0,0.0,0.0,0.0,,0.0,0.0,0.0,0.0,0.0,,0.0,0.0,0.0,0.0,1.0,0.0,1.0,0.0,0.0,0.0,4.0,0.0,1.0,7.0,Telangana,Vikarabad
telangana,vikarabad,2020,,0.0,0.0,0.0,0.0,0.0,,0.0,0.0,0.0,0.0,0.0,0.0,,0.0,0.0,0.0,0.0,0.0,0.0,0.0,1.0,0.0,0.0,0.0,0.0,0.0,0.0,0.0,6.0,7.0,Telangana,Vikarabad
telangana,vikarabad,2021,0.0,0.0,0.0,0.0,,0.0,0.0,,0.0,0.0,0.0,0.0,,0.0,0.0,0.0,0.0,0.0,0.0,,0.0,0.0,0.0,0.0,0.0,0.0,,0.0,0.0,18.0,18.0,Telangana,Vikarabad
telangana,vikarabad,2022,0.0,0.0,0.0,0.0,0.0,0.0,0.0,0.0,0.0,0.0,0.0,,0.0,0.0,0.0,0.0,0.0,0.0,0.0,0.0,0.0,0.0,0.0,0.0,0.0,0.0,0.0,0.0,0.0,41.0,41.0,Telangana,Vikarabad
telangana,waanaparthy,2017,0.0,0.0,0.0,0.0,0.0,0.0,0.0,,0.0,0.0,,0.0,0.0,0.0,0.0,0.0,0.0,0.0,0.0,0.0,0.0,0.0,0.0,0.0,0.0,0.0,0.0,0.0,0.0,0.0,0.0,Telangana,Waanaparthy
telangana,wanaparthy,2018,0.0,0.0,0.0,0.0,,0.0,0.0,0.0,0.0,0.0,0.0,0.0,,0.0,0.0,,0.0,0.0,0.0,0.0,0.0,0.0,0.0,0.0,0.0,0.0,0.0,0.0,0.0,0.0,0.0,Telangana,Wanaparthy
telangana,wanaparthy,2021,0.0,,,0.0,0.0,0.0,0.0,0.0,0.0,0.0,0.0,0.0,0.0,0.0,0.0,0.0,0.0,0.0,0.0,21.0,2.0,0.0,0.0,0.0,0.0,0.0,0.0,0.0,0.0,0.0,23.0,Telangana,Wanaparthy
telangana,wanaparthy,2022,0.0,0.0,0.0,0.0,0.0,0.0,0.0,,0.0,0.0,0.0,0.0,0.0,0.0,0.0,0.0,0.0,0.0,0.0,38.0,0.0,0.0,0.0,0.0,0.0,0.0,0.0,0.0,0.0,0.0,38.0,Telangana,Wanaparthy
telangana,warangal,2017,0.0,0.0,0.0,0.0,0.0,0.0,0.0,0.0,0.0,0.0,0.0,0.0,0.0,0.0,0.0,0.0,0.0,0.0,0.0,0.0,0.0,0.0,0.0,0.0,0.0,0.0,0.0,0.0,0.0,32.0,,Telangana,Warangal
telangana,warangal,2018,0.0,0.0,0.0,4.0,9.0,0.0,0.0,0.0,17.0,,0.0,0.0,0.0,0.0,0.0,0.0,0.0,0.0,0.0,0.0,0.0,0.0,0.0,,0.0,0.0,0.0,0.0,0.0,42.0,42.0,Telangana,Warangal
telangana,warangal,2019,,0.0,0.0,0.0,1.0,0.0,0.0,0.0,,0.0,0.0,0.0,0.0,1.0,0.0,0.0,0.0,0.0,0.0,0.0,,0.0,0.0,0.0,0.0,0.0,0.0,0.0,,87.0,87.0,Telangana,Warangal
telangana,warangal,2020,0.0,0.0,0.0,0.0,0.0,,0.0,0.0,0.0,0.0,0.0,0.0,0.0,0.0,0.0,0.0,0.0,,0.0,0.0,0.0,0.0,0.0,0.0,0.0,,0.0,0.0,0.0,99.0,99.0,Telangana,Warangal
telangana,warangal,2021,0.0,0.0,0.0,,3.0,2.0,0.0,0.0,0.0,,0.0,0.0,,0.0,0.0,0.0,0.0,0.0,0.0,,0.0,0.0,0.0,,0.0,0.0,0.0,0.0,0.0,144.0,144.0,Telangana,Warangal
telangana,warangal,2022,0.0,0.0,0.0,,0.0,0.0,0.0,0.0,0.0,,0.0,0.0,0.0,,0.0,0.0,0.0,0.0,0.0,0.0,,,0.0,0.0,0.0,0.0,,0.0,0.0,,630.0,Telangana,Warangal
telangana,yadadri bhuvanagiri,2017,0.0,0.0,0.0,0.0,0.0,9.0,0.0,0.0,0.0,0.0,0.0,0.0,0.0,0.0,0.0,201.0,,22.0,46.0,30.0,0.0,0.0,0.0,0.0,,0.0,0.0,0.0,4.0,0.0,357.0,Telangana,Yadadri Bhuvanagiri
telangana,yadadri bhuvanagiri,2018,0.0,0.0,,0.0,0.0,51.0,0.0,0.0,0.0,0.0,0.0,0.0,0.0,0.0,0.0,27.0,15.0,0.0,55.0,20.0,0.0,,0.0,0.0,,0.0,0.0,0.0,0.0,0.0,136.0,Telangana,Yadadri Bhuvanagiri
telangana,yadadri bhuvanagiri,2020,0.0,0.0,0.0,0.0,0.0,0.0,0.0,0.0,0.0,,0.0,0.0,0.0,0.0,0.0,29.0,30.0,25.0,20.0,20.0,,0.0,0.0,0.0,,,0.0,0.0,0.0,0.0,726.0,Telangana,Yadadri Bhuvanagiri
telangana,yadadri bhuvanagiri,2022,0.0,0.0,0.0,0.0,0.0,12.0,0.0,,0.0,0.0,0.0,0.0,0.0,0.0,,,164.0,,,219.0,1213.0,,0.0,0.0,0.0,0.0,0.0,19.0,12.0,,2180.0,Telangana,Yadadri Bhuvanagiri
the dadra and nagar haveli and daman and diu,dadra and nagar haveli,2017,0.0,0.0,0.0,0.0,0.0,0.0,0.0,0.0,0.0,,0.0,0.0,0.0,0.0,1.0,0.0,0.0,0.0,0.0,0.0,0.0,0.0,0.0,0.0,0.0,0.0,0.0,0.0,0.0,0.0,1.0,The Dadra And Nagar Haveli And Daman And Diu,Dadra And Nagar Haveli
the dadra and nagar haveli and daman and diu,dadra and nagar haveli,2018,0.0,0.0,0.0,0.0,0.0,,0.0,0.0,0.0,0.0,0.0,0.0,0.0,0.0,0.0,0.0,0.0,0.0,0.0,0.0,0.0,0.0,0.0,0.0,,0.0,0.0,0.0,0.0,0.0,0.0,The Dadra And Nagar Haveli And Daman And Diu,Dadra And Nagar Haveli
the dadra and nagar haveli and daman and diu,dadra and nagar haveli,2019,0.0,0.0,0.0,0.0,0.0,0.0,0.0,0.0,0.0,0.0,0.0,0.0,0.0,0.0,0.0,0.0,0.0,0.0,0.0,0.0,0.0,0.0,,,0.0,,,0.0,0.0,0.0,0.0,The Dadra And Nagar Haveli And Daman And Diu,Dadra And Nagar Haveli
the dadra and nagar haveli and daman and diu,dadra and nagar haveli,2020,0.0,0.0,0.0,0.0,0.0,0.0,,0.0,0.0,,0.0,0.0,,0.0,0.0,0.0,0.0,,,0.0,,0.0,0.0,0.0,0.0,0.0,0.0,0.0,0.0,0.0,0.0,The Dadra And Nagar Haveli And Daman And Diu,Dadra And Nagar Haveli
the dadra and nagar haveli and daman and diu,dadra and nagar haveli,2021,0.0,0.0,0.0,0.0,0.0,0.0,0.0,0.0,0.0,0.0,0.0,0.0,0.0,0.0,0.0,0.0,0.0,0.0,0.0,,0.0,0.0,0.0,,0.0,0.0,0.0,0.0,0.0,0.0,0.0,The Dadra And Nagar Haveli And Daman And Diu,Dadra And Nagar Haveli
the dadra and nagar haveli and daman and diu,dadra and nagar haveli,2022,0.0,0.0,0.0,0.0,0.0,,0.0,0.0,0.0,0.0,0.0,0.0,0.0,0.0,0.0,0.0,0.0,0.0,0.0,0.0,0.0,0.0,0.0,0.0,0.0,0.0,0.0,,,0.0,0.0,The Dadra And Nagar Haveli And Daman And Diu,Dadra And Nagar Haveli
the dadra and nagar haveli and daman and diu,daman,2017,0.0,0.0,0.0,0.0,0.0,0.0,,0.0,,0.0,0.0,0.0,0.0,0.0,0.0,0.0,0.0,0.0,,0.0,0.0,0.0,,0.0,0.0,0.0,0.0,,0.0,0.0,0.0,The Dadra And Nagar Haveli And Daman And Diu,Daman
the dadra and nagar haveli and daman and diu,daman,2019,0.0,0.0,0.0,0.0,,0.0,,0.0,0.0,0.0,0.0,0.0,0.0,0.0,0.0,0.0,,,0.0,0.0,,0.0,0.0,0.0,,0.0,0.0,,0.0,0.0,0.0,The Dadra And Nagar Haveli And Daman And Diu,Daman
the dadra and nagar haveli and daman and diu,daman,2020,0.0,0.0,0.0,0.0,0.0,0.0,2.0,0.0,0.0,0.0,,0.0,0.0,0.0,0.0,,0.0,0.0,0.0,,0.0,0.0,,0.0,0.0,,0.0,0.0,0.0,0.0,0.0,The Dadra And Nagar Haveli And Daman And Diu,Daman
the dadra and nagar haveli and daman and diu,daman,2021,0.0,0.0,0.0,0.0,0.0,1.0,0.0,0.0,,0.0,0.0,,0.0,0.0,0.0,0.0,0.0,0.0,0.0,0.0,0.0,0.0,,0.0,0.0,0.0,0.0,0.0,0.0,0.0,0.0,The Dadra And Nagar Haveli And Daman And Diu,Daman
the dadra and nagar haveli and daman and diu,daman,2022,0.0,0.0,0.0,0.0,,0.0,0.0,0.0,0.0,0.0,0.0,0.0,0.0,0.0,0.0,0.0,0.0,0.0,0.0,,0.0,,0.0,0.0,0.0,0.0,,0.0,0.0,0.0,0.0,The Dadra And Nagar Haveli And Daman And Diu,Daman
the dadra and nagar haveli and daman and diu,diu,2017,0.0,0.0,0.0,0.0,0.0,0.0,0.0,,0.0,0.0,0.0,0.0,0.0,0.0,0.0,,,,0.0,,0.0,0.0,0.0,,0.0,0.0,0.0,0.0,0.0,0.0,0.0,The Dadra And Nagar Haveli And Daman And Diu,Diu
the dadra and nagar haveli and daman and diu,diu,2019,0.0,,0.0,0.0,0.0,0.0,0.0,0.0,0.0,0.0,0.0,0.0,0.0,0.0,0.0,0.0,0.0,0.0,0.0,0.0,0.0,0.0,0.0,0.0,0.0,0.0,0.0,0.0,0.0,0.0,0.0,The Dadra And Nagar Haveli And Daman And Diu,Diu
the dadra and nagar haveli and daman and diu,diu,2020,0.0,0.0,0.0,,0.0,0.0,0.0,0.0,0.0,0.0,0.0,0.0,,0.0,0.0,0.0,0.0,0.0,0.0,0.0,0.0,0.0,0.0,0.0,0.0,0.0,0.0,0.0,0.0,0.0,0.0,The Dadra And Nagar Haveli And Daman And Diu,Diu
the dadra and nagar haveli and daman and diu,diu,2021,0.0,0.0,0.0,0.0,0.0,0.0,0.0,0.0,,,0.0,,0.0,0.0,0.0,0.0,0.0,,0.0,0.0,0.0,0.0,0.0,0.0,0.0,0.0,0.0,0.0,0.0,0.0,0.0,The Dadra And Nagar Haveli And Daman And Diu,Diu
the dadra and nagar haveli and daman and diu,diu,2022,0.0,,,,0.0,0.0,0.0,0.0,0.0,0.0,0.0,0.0,0.0,0.0,0.0,0.0,0.0,0.0,0.0,,0.0,0.0,0.0,0.0,0.0,0.0,0.0,,0.0,0.0,0.0,The Dadra And Nagar Haveli And Daman And Diu,Diu
tripura,dhaalai,2019,0.0,0.0,0.0,0.0,0.0,0.0,,0.0,,0.0,0.0,0.0,0.0,0.0,0.0,0.0,0.0,0.0,0.0,0.0,0.0,0.0,0.0,0.0,0.0,,0.0,0.0,0.0,0.0,0.0,Tripura,Dhaalai
tripura,dhalai,2017,0.0,0.0,0.0,0.0,0.0,0.0,0.0,0.0,0.0,0.0,0.0,0.0,,0.0,,0.0,0.0,0.0,,0.0,0.0,0.0,0.0,0.0,0.0,0.0,,0.0,0.0,0.0,0.0,Tripura,Dhalai
tripura,dhalai,2018,,0.0,0.0,0.0,0.0,,0.0,0.0,0.0,0.0,0.0,0.0,0.0,,0.0,0.0,0.0,0.0,0.0,0.0,,0.0,0.0,0.0,0.0,0.0,0.0,0.0,0.0,0.0,0.0,Tripura,Dhalai
tripura,dhalai,2020,0.0,0.0,0.0,0.0,0.0,0.0,,0.0,,0.0,0.0,0.0,0.0,0.0,0.0,0.0,0.0,0.0,0.0,0.0,0.0,0.0,0.0,,,0.0,0.0,0.0,0.0,0.0,0.0,Tripura,Dhalai
tripura,dhalai,2021,0.0,,1.0,0.0,0.0,0.0,0.0,0.0,0.0,0.0,0.0,0.0,0.0,0.0,,0.0,0.0,0.0,0.0,0.0,0.0,0.0,0.0,,0.0,0.0,0.0,0.0,,0.0,0.0,Tripura,Dhalai
tripura,gomati,2017,0.0,0.0,0.0,0.0,0.0,0.0,0.0,0.0,0.0,,0.0,0.0,0.0,0.0,0.0,0.0,0.0,0.0,0.0,0.0,0.0,0.0,,0.0,0.0,0.0,0.0,0.0,0.0,0.0,0.0,Tripura,Gomati
tripura,gomati,2018,0.0,0.0,0.0,,0.0,0.0,0.0,0.0,0.0,0.0,0.0,0.0,0.0,0.0,0.0,0.0,0.0,0.0,0.0,0.0,0.0,,0.0,0.0,0.0,0.0,0.0,0.0,0.0,0.0,0.0,Tripura,Gomati
tripura,gomati,2019,0.0,0.0,0.0,0.0,0.0,0.0,0.0,0.0,0.0,0.0,0.0,0.0,0.0,,0.0,0.0,0.0,0.0,0.0,0.0,0.0,0.0,0.0,0.0,0.0,,0.0,1.0,0.0,1.0,2.0,Tripura,Gomati
tripura,gomati,2020,0.0,0.0,0.0,0.0,0.0,0.0,0.0,0.0,,0.0,0.0,0.0,0.0,0.0,0.0,0.0,0.0,0.0,0.0,0.0,0.0,0.0,0.0,0.0,0.0,0.0,0.0,0.0,0.0,0.0,,Tripura,Gomati
tripura,gomati,2021,0.0,0.0,0.0,0.0,0.0,0.0,0.0,0.0,,0.0,0.0,0.0,0.0,,,0.0,0.0,,0.0,0.0,,0.0,0.0,0.0,0.0,0.0,0.0,0.0,,0.0,,Tripura,Gomati
tripura,gomati,2022,0.0,,0.0,0.0,0.0,1.0,0.0,,0.0,0.0,0.0,0.0,0.0,0.0,0.0,0.0,0.0,0.0,0.0,0.0,0.0,0.0,0.0,0.0,0.0,0.0,0.0,0.0,0.0,0.0,,Tripura,Gomati
tripura,khowai,2017,0.0,0.0,0.0,0.0,0.0,0.0,0.0,0.0,0.0,0.0,0.0,0.0,0.0,0.0,0.0,0.0,0.0,0.0,0.0,0.0,3.0,,0.0,0.0,0.0,,0.0,,,0.0,3.0,Tripura,Khowai
tripura,khowai,2018,0.0,0.0,0.0,0.0,0.0,0.0,0.0,0.0,0.0,0.0,0.0,0.0,0.0,0.0,0.0,0.0,0.0,0.0,0.0,0.0,0.0,0.0,0.0,0.0,0.0,0.0,0.0,0.0,0.0,0.0,,Tripura,Khowai
tripura,khowai,2019,,,0.0,0.0,0.0,0.0,0.0,0.0,0.0,0.0,0.0,0.0,0.0,0.0,0.0,,0.0,0.0,0.0,0.0,0.0,0.0,0.0,,0.0,0.0,0.0,0.0,0.0,0.0,0.0,Tripura,Khowai
tripura,khowai,2020,0.0,0.0,0.0,0.0,0.0,0.0,,0.0,0.0,0.0,0.0,0.0,0.0,0.0,0.0,0.0,0.0,0.0,0.0,0.0,0.0,0.0,,0.0,,0.0,0.0,0.0,0.0,0.0,0.0,Tripura,Khowai
tripura,khowai,2021,1.0,0.0,,0.0,3.0,0.0,0.0,0.0,2.0,,0.0,0.0,0.0,0.0,0.0,0.0,0.0,0.0,0.0,0.0,0.0,0.0,0.0,,0.0,0.0,0.0,0.0,0.0,0.0,,Tripura,Khowai
tripura,khowai,2022,0.0,0.0,0.0,0.0,,1.0,0.0,0.0,0.0,0.0,0.0,0.0,0.0,0.0,0.0,0.0,0.0,,,0.0,0.0,0.0,,,0.0,0.0,0.0,0.0,,0.0,0.0,Tripura,Khowai
tripura,north tripura,2017,0.0,0.0,0.0,0.0,0.0,0.0,0.0,0.0,0.0,0.0,0.0,0.0,0.0,0.0,0.0,0.0,0.0,0.0,,,0.0,,0.0,0.0,0.0,0.0,0.0,0.0,0.0,1.0,1.0,Tripura,North Tripura
tripura,north tripura,2018,0.0,0.0,0.0,0.0,1.0,0.0,0.0,0.0,,0.0,0.0,0.0,0.0,0.0,0.0,0.0,0.0,0.0,0.0,0.0,0.0,0.0,0.0,0.0,0.0,0.0,0.0,0.0,0.0,0.0,0.0,Tripura,North Tripura
tripura,north tripura,2019,0.0,0.0,0.0,0.0,,4.0,0.0,0.0,0.0,0.0,0.0,0.0,,0.0,,0.0,0.0,0.0,0.0,0.0,0.0,0.0,0.0,0.0,0.0,0.0,0.0,0.0,0.0,0.0,0.0,Tripura,North Tripura
tripura,north tripura,2020,0.0,0.0,0.0,0.0,0.0,,0.0,0.0,0.0,0.0,0.0,0.0,0.0,0.0,0.0,0.0,0.0,0.0,0.0,0.0,0.0,0.0,0.0,0.0,0.0,0.0,0.0,0.0,0.0,,0.0,Tripura,North Tripura
tripura,north tripura,2021,0.0,0.0,0.0,0.0,0.0,0.0,,0.0,0.0,0.0,0.0,0.0,0.0,0.0,0.0,,0.0,0.0,0.0,0.0,0.0,0.0,0.0,0.0,0.0,0.0,0.0,0.0,,0.0,0.0,Tripura,North Tripura
tripura,north tripura,2022,0.0,0.0,0.0,0.0,0.0,0.0,0.0,,,0.0,0.0,0.0,0.0,0.0,0.0,0.0,0.0,,0.0,0.0,0.0,0.0,0.0,0.0,0.0,,0.0,0.0,0.0,0.0,0.0,Tripura,North Tripura
tripura,south tripura,2017,0.0,,0.0,0.0,0.0,,0.0,0.0,,0.0,0.0,0.0,,0.0,0.0,0.0,0.0,,0.0,0.0,0.0,0.0,,0.0,0.0,0.0,0.0,0.0,0.0,0.0,0.0,Tripura,South Tripura
tripura,south tripura,2018,,0.0,0.0,0.0,0.0,1.0,0.0,0.0,,0.0,0.0,0.0,,,0.0,0.0,0.0,0.0,0.0,0.0,0.0,0.0,0.0,0.0,0.0,0.0,0.0,0.0,0.0,0.0,0.0,Tripura,South Tripura
tripura,south tripura,2019,0.0,0.0,0.0,0.0,0.0,0.0,0.0,,0.0,0.0,0.0,0.0,0.0,0.0,0.0,0.0,0.0,0.0,0.0,0.0,0.0,0.0,0.0,,0.0,0.0,0.0,0.0,0.0,0.0,0.0,Tripura,South Tripura
tripura,south tripura,2021,0.0,0.0,,0.0,0.0,3.0,0.0,0.0,0.0,0.0,0.0,0.0,0.0,0.0,0.0,0.0,0.0,0.0,0.0,0.0,0.0,0.0,0.0,0.0,0.0,0.0,0.0,0.0,0.0,,0.0,Tripura,South Tripura
tripura,south tripura,2022,0.0,0.0,0.0,0.0,1.0,1.0,0.0,0.0,0.0,0.0,0.0,0.0,,,0.0,0.0,0.0,,0.0,0.0,0.0,0.0,0.0,0.0,0.0,,0.0,0.0,0.0,0.0,0.0,Tripura,South Tripura
tripura,unakoti,2017,0.0,0.0,0.0,0.0,0.0,0.0,0.0,0.0,0.0,0.0,0.0,0.0,0.0,0.0,0.0,0.0,0.0,0.0,0.0,0.0,0.0,0.0,0.0,0.0,0.0,0.0,0.0,0.0,0.0,1.0,0.0,Tripura,Unakoti
tripura,unakoti,2018,0.0,0.0,0.0,0.0,5.0,0.0,0.0,0.0,0.0,0.0,0.0,0.0,0.0,0.0,0.0,0.0,0.0,0.0,0.0,0.0,0.0,0.0,0.0,0.0,0.0,0.0,0.0,0.0,0.0,1.0,0.0,Tripura,Unakoti
tripura,unakoti,2019,0.0,0.0,0.0,0.0,2.0,0.0,0.0,0.0,0.0,0.0,0.0,0.0,0.0,0.0,0.0,0.0,0.0,0.0,0.0,0.0,0.0,0.0,0.0,0.0,0.0,0.0,0.0,0.0,0.0,0.0,0.0,Tripura,Unakoti
tripura,unakoti,2020,0.0,0.0,0.0,0.0,2.0,0.0,0.0,0.0,0.0,0.0,0.0,0.0,0.0,0.0,0.0,0.0,0.0,0.0,0.0,0.0,0.0,0.0,0.0,0.0,0.0,0.0,0.0,0.0,0.0,0.0,0.0,Tripura,Unakoti
tripura,unakoti,2021,0.0,0.0,0.0,0.0,2.0,0.0,1.0,0.0,2.0,0.0,0.0,0.0,0.0,2.0,0.0,0.0,0.0,0.0,0.0,0.0,0.0,0.0,0.0,0.0,0.0,0.0,0.0,0.0,0.0,0.0,0.0,Tripura,Unakoti
tripura,unakoti,2022,0.0,0.0,0.0,0.0,0.0,1.0,1.0,0.0,0.0,0.0,0.0,0.0,0.0,1.0,0.0,0.0,0.0,0.0,0.0,0.0,0.0,0.0,0.0,0.0,0.0,0.0,0.0,0.0,0.0,0.0,0.0,Tripura,Unakoti
tripura,west tripura,2017,0.0,0.0,0.0,0.0,0.0,0.0,0.0,0.0,0.0,0.0,0.0,0.0,0.0,0.0,0.0,0.0,0.0,0.0,0.0,0.0,0.0,0.0,0.0,0.0,0.0,0.0,0.0,0.0,0.0,,0.0,Tripura,West Tripura
tripura,west tripura,2018,0.0,0.0,0.0,0.0,0.0,3.0,2.0,0.0,0.0,0.0,0.0,0.0,0.0,0.0,0.0,0.0,0.0,0.0,,0.0,0.0,0.0,0.0,0.0,0.0,0.0,0.0,0.0,0.0,0.0,0.0,Tripura,West Tripura
tripura,west tripura,2019,0.0,0.0,1.0,0.0,1.0,1.0,0.0,0.0,0.0,0.0,0.0,0.0,0.0,0.0,0.0,0.0,0.0,0.0,0.0,0.0,0.0,0.0,0.0,0.0,0.0,0.0,0.0,0.0,0.0,0.0,0.0,Tripura,West Tripura
tripura,west tripura,2020,0.0,0.0,2.0,0.0,0.0,3.0,1.0,0.0,0.0,0.0,0.0,0.0,0.0,0.0,0.0,0.0,0.0,0.0,0.0,0.0,0.0,0.0,0.0,0.0,0.0,0.0,0.0,0.0,0.0,0.0,0.0,Tripura,West Tripura
tripura,west tripura,2021,0.0,0.0,0.0,0.0,0.0,,3.0,0.0,0.0,0.0,0.0,0.0,0.0,0.0,0.0,0.0,0.0,0.0,0.0,0.0,0.0,0.0,0.0,0.0,0.0,0.0,0.0,0.0,0.0,0.0,0.0,Tripura,West Tripura
tripura,west tripura,2022,0.0,0.0,1.0,1.0,1.0,11.0,1.0,0.0,0.0,0.0,0.0,0.0,0.0,0.0,0.0,0.0,0.0,0.0,0.0,0.0,0.0,0.0,0.0,0.0,0.0,0.0,0.0,0.0,0.0,0.0,0.0,Tripura,West Tripura
uttar pradesh,agra,2017,3.0,0.0,0.0,1.0,14.0,,2.0,1.0,0.0,0.0,0.0,0.0,0.0,44.0,0.0,0.0,0.0,0.0,0.0,0.0,0.0,0.0,0.0,0.0,0.0,0.0,0.0,0.0,0.0,0.0,0.0,Uttar Pradesh,Agra
uttar pradesh,agra,2018,5.0,0.0,19.0,5.0,16.0,12.0,0.0,0.0,0.0,0.0,0.0,0.0,0.0,28.0,0.0,0.0,0.0,0.0,0.0,0.0,0.0,0.0,0.0,0.0,0.0,0.0,0.0,0.0,0.0,0.0,0.0,Uttar Pradesh,Agra
uttar pradesh,agra,2019,2.0,29.0,13.0,,9.0,,0.0,0.0,0.0,0.0,0.0,0.0,0.0,13.0,0.0,0.0,7.0,5.0,11.0,6.0,0.0,0.0,0.0,0.0,0.0,0.0,0.0,0.0,0.0,,29.0,Uttar Pradesh,Agra
uttar pradesh,agra,2020,54.0,0.0,,,,21.0,0.0,0.0,0.0,0.0,0.0,0.0,0.0,0.0,0.0,0.0,0.0,,,,0.0,0.0,0.0,0.0,0.0,,0.0,0.0,0.0,0.0,0.0,Uttar Pradesh,Agra
uttar pradesh,agra,2022,0.0,0.0,0.0,0.0,,89.0,0.0,0.0,0.0,0.0,0.0,,0.0,0.0,0.0,0.0,0.0,0.0,0.0,0.0,0.0,0.0,0.0,0.0,,0.0,0.0,0.0,0.0,0.0,0.0,Uttar Pradesh,Agra
uttar pradesh,aligarh,2017,87.0,0.0,0.0,0.0,0.0,0.0,0.0,0.0,,0.0,0.0,0.0,0.0,0.0,0.0,0.0,0.0,0.0,0.0,0.0,0.0,0.0,0.0,0.0,0.0,0.0,,0.0,,0.0,0.0,Uttar Pradesh,Aligarh
uttar pradesh,aligarh,2018,58.0,0.0,0.0,0.0,0.0,0.0,0.0,0.0,0.0,,0.0,0.0,0.0,,0.0,0.0,0.0,0.0,,0.0,0.0,0.0,,0.0,0.0,0.0,,0.0,0.0,0.0,0.0,Uttar Pradesh,Aligarh
uttar pradesh,aligarh,2019,78.0,0.0,77.0,,0.0,,0.0,0.0,0.0,0.0,0.0,0.0,0.0,0.0,0.0,0.0,0.0,0.0,0.0,0.0,0.0,0.0,0.0,0.0,0.0,0.0,0.0,0.0,0.0,0.0,0.0,Uttar Pradesh,Aligarh
uttar pradesh,aligarh,2020,0.0,0.0,223.0,0.0,0.0,0.0,0.0,0.0,0.0,,0.0,0.0,,0.0,0.0,0.0,0.0,0.0,0.0,0.0,0.0,0.0,0.0,0.0,0.0,0.0,0.0,0.0,0.0,0.0,,Uttar Pradesh,Aligarh
uttar pradesh,aligarh,2021,0.0,0.0,181.0,,0.0,0.0,0.0,0.0,0.0,0.0,0.0,0.0,0.0,0.0,0.0,,0.0,0.0,0.0,0.0,0.0,0.0,0.0,0.0,0.0,0.0,0.0,0.0,0.0,0.0,0.0,Uttar Pradesh,Aligarh
uttar pradesh,aligarh,2022,0.0,,129.0,,0.0,0.0,0.0,0.0,0.0,0.0,0.0,0.0,0.0,,0.0,0.0,0.0,0.0,0.0,0.0,0.0,0.0,0.0,,0.0,,,0.0,0.0,0.0,0.0,Uttar Pradesh,Aligarh
uttar pradesh,ambedkaar nagar,2019,,52.0,14.0,,0.0,0.0,0.0,0.0,0.0,0.0,0.0,0.0,0.0,0.0,0.0,,0.0,,15.0,7.0,0.0,30.0,0.0,0.0,0.0,0.0,0.0,0.0,0.0,0.0,52.0,Uttar Pradesh,Ambedkaar Nagar
uttar pradesh,ambedkar nagar,2017,,0.0,0.0,0.0,0.0,15.0,0.0,0.0,,0.0,0.0,0.0,0.0,0.0,,0.0,0.0,0.0,,0.0,0.0,0.0,0.0,0.0,0.0,0.0,0.0,0.0,0.0,,0.0,Uttar Pradesh,Ambedkar Nagar
uttar pradesh,ambedkar nagar,2018,0.0,0.0,37.0,0.0,0.0,0.0,0.0,0.0,0.0,0.0,0.0,,0.0,0.0,0.0,0.0,0.0,,0.0,0.0,,,0.0,0.0,0.0,0.0,0.0,0.0,0.0,0.0,0.0,Uttar Pradesh,Ambedkar Nagar
uttar pradesh,ambedkar nagar,2021,0.0,0.0,0.0,0.0,0.0,34.0,0.0,0.0,0.0,0.0,0.0,0.0,0.0,0.0,0.0,0.0,0.0,0.0,0.0,0.0,0.0,0.0,0.0,0.0,0.0,0.0,0.0,0.0,0.0,0.0,0.0,Uttar Pradesh,Ambedkar Nagar
uttar pradesh,ambedkar nagar,2022,0.0,0.0,22.0,5.0,,7.0,0.0,0.0,0.0,,0.0,0.0,0.0,0.0,0.0,0.0,0.0,0.0,0.0,0.0,0.0,0.0,0.0,0.0,0.0,0.0,0.0,0.0,0.0,0.0,0.0,Uttar Pradesh,Ambedkar Nagar
uttar pradesh,amethi,2017,0.0,0.0,76.0,,0.0,0.0,0.0,0.0,0.0,0.0,0.0,0.0,0.0,0.0,,0.0,0.0,0.0,0.0,0.0,,10.0,0.0,0.0,0.0,0.0,0.0,0.0,0.0,0.0,10.0,Uttar Pradesh,Amethi
uttar pradesh,amethi,2018,0.0,0.0,11.0,0.0,0.0,,0.0,0.0,,0.0,0.0,0.0,0.0,0.0,,0.0,0.0,0.0,,0.0,,11.0,0.0,0.0,0.0,0.0,0.0,0.0,,0.0,11.0,Uttar Pradesh,Amethi
uttar pradesh,amethi,2019,0.0,41.0,14.0,,0.0,0.0,0.0,0.0,0.0,0.0,0.0,0.0,0.0,0.0,0.0,0.0,0.0,0.0,7.0,10.0,0.0,23.0,0.0,0.0,0.0,0.0,0.0,0.0,0.0,0.0,40.0,Uttar Pradesh,Amethi
uttar pradesh,amethi,2020,0.0,0.0,,,0.0,0.0,0.0,0.0,0.0,,0.0,0.0,0.0,0.0,0.0,0.0,0.0,,,,0.0,25.0,0.0,0.0,0.0,0.0,0.0,0.0,0.0,0.0,52.0,Uttar Pradesh,Amethi
uttar pradesh,amethi,2021,0.0,,14.0,0.0,0.0,0.0,0.0,0.0,0.0,0.0,0.0,0.0,0.0,,0.0,0.0,,0.0,12.0,,0.0,20.0,0.0,0.0,,0.0,0.0,0.0,0.0,0.0,39.0,Uttar Pradesh,Amethi
uttar pradesh,amethi,2022,0.0,0.0,11.0,0.0,0.0,0.0,0.0,0.0,,0.0,0.0,0.0,0.0,0.0,0.0,0.0,,0.0,13.0,2.0,0.0,16.0,0.0,0.0,0.0,0.0,,0.0,,0.0,31.0,Uttar Pradesh,Amethi
uttar pradesh,amroha,2017,0.0,,0.0,0.0,21.0,0.0,0.0,0.0,0.0,,0.0,0.0,0.0,0.0,0.0,0.0,0.0,0.0,0.0,0.0,,0.0,0.0,0.0,0.0,0.0,0.0,0.0,0.0,0.0,0.0,Uttar Pradesh,Amroha
uttar pradesh,amroha,2018,,0.0,0.0,0.0,1.0,0.0,0.0,0.0,0.0,0.0,0.0,0.0,0.0,0.0,0.0,0.0,,,0.0,,0.0,0.0,0.0,0.0,0.0,,0.0,0.0,0.0,0.0,6.0,Uttar Pradesh,Amroha
uttar pradesh,amroha,2019,0.0,0.0,4.0,0.0,,0.0,0.0,0.0,0.0,,0.0,0.0,0.0,0.0,0.0,0.0,0.0,4.0,0.0,,0.0,,0.0,0.0,0.0,0.0,0.0,0.0,0.0,0.0,4.0,Uttar Pradesh,Amroha
uttar pradesh,amroha,2020,0.0,0.0,,0.0,0.0,0.0,0.0,0.0,0.0,,0.0,0.0,0.0,0.0,0.0,0.0,0.0,19.0,0.0,0.0,0.0,0.0,0.0,0.0,,0.0,0.0,0.0,0.0,0.0,19.0,Uttar Pradesh,Amroha
uttar pradesh,amroha,2021,,,0.0,0.0,0.0,0.0,0.0,0.0,0.0,0.0,0.0,,0.0,0.0,0.0,0.0,0.0,22.0,0.0,0.0,0.0,0.0,0.0,0.0,0.0,0.0,0.0,0.0,0.0,0.0,22.0,Uttar Pradesh,Amroha
uttar pradesh,auraiya,2017,0.0,,0.0,,0.0,0.0,0.0,0.0,0.0,0.0,0.0,0.0,,0.0,0.0,,0.0,0.0,0.0,,0.0,11.0,0.0,0.0,,0.0,0.0,0.0,0.0,7.0,18.0,Uttar Pradesh,Auraiya
uttar pradesh,auraiya,2018,0.0,0.0,0.0,39.0,0.0,,0.0,0.0,0.0,0.0,0.0,0.0,0.0,,0.0,0.0,0.0,0.0,,5.0,0.0,1.0,0.0,0.0,,0.0,0.0,0.0,0.0,3.0,,Uttar Pradesh,Auraiya
uttar pradesh,auraiya,2019,0.0,0.0,0.0,53.0,,0.0,0.0,0.0,0.0,,0.0,0.0,0.0,0.0,0.0,0.0,0.0,0.0,0.0,0.0,0.0,0.0,0.0,0.0,0.0,0.0,0.0,0.0,0.0,0.0,,Uttar Pradesh,Auraiya
uttar pradesh,auraiya,2020,0.0,0.0,0.0,28.0,0.0,0.0,0.0,0.0,0.0,0.0,0.0,0.0,0.0,0.0,0.0,,0.0,0.0,0.0,0.0,0.0,0.0,0.0,0.0,0.0,0.0,0.0,0.0,0.0,0.0,,Uttar Pradesh,Auraiya
uttar pradesh,auraiya,2021,0.0,0.0,0.0,,0.0,0.0,0.0,0.0,0.0,0.0,,0.0,0.0,0.0,0.0,0.0,0.0,,0.0,0.0,0.0,0.0,0.0,0.0,0.0,0.0,0.0,0.0,,0.0,0.0,Uttar Pradesh,Auraiya
uttar pradesh,auraiya,2022,0.0,0.0,0.0,29.0,30.0,,,0.0,0.0,0.0,0.0,0.0,0.0,0.0,0.0,0.0,0.0,0.0,0.0,0.0,0.0,0.0,0.0,,0.0,,0.0,0.0,0.0,,0.0,Uttar Pradesh,Auraiya
uttar pradesh,ayodhya,2017,0.0,,,0.0,,8.0,3.0,0.0,0.0,0.0,0.0,,0.0,0.0,0.0,,0.0,0.0,0.0,0.0,0.0,0.0,0.0,0.0,0.0,0.0,0.0,0.0,,0.0,0.0,Uttar Pradesh,Ayodhya
uttar pradesh,ayodhya,2018,0.0,0.0,5.0,,9.0,7.0,9.0,,0.0,,0.0,0.0,0.0,0.0,0.0,0.0,0.0,0.0,,,0.0,0.0,0.0,0.0,0.0,0.0,0.0,0.0,0.0,,0.0,Uttar Pradesh,Ayodhya
uttar pradesh,ayodhya,2019,0.0,0.0,2.0,0.0,3.0,26.0,2.0,0.0,0.0,,0.0,0.0,0.0,0.0,0.0,0.0,,0.0,,0.0,,0.0,0.0,0.0,,0.0,0.0,0.0,0.0,0.0,0.0,Uttar Pradesh,Ayodhya
uttar pradesh,ayodhya,2020,0.0,0.0,0.0,2.0,2.0,,0.0,0.0,0.0,0.0,0.0,0.0,0.0,0.0,0.0,,0.0,,0.0,3.0,0.0,0.0,0.0,0.0,0.0,0.0,0.0,,0.0,0.0,,Uttar Pradesh,Ayodhya
uttar pradesh,ayodhya,2021,0.0,0.0,1.0,1.0,2.0,11.0,1.0,0.0,0.0,0.0,0.0,0.0,0.0,,0.0,0.0,0.0,0.0,0.0,0.0,0.0,0.0,0.0,,0.0,0.0,0.0,0.0,0.0,0.0,0.0,Uttar Pradesh,Ayodhya
uttar pradesh,ayodhya,2022,0.0,0.0,0.0,0.0,12.0,,0.0,0.0,3.0,0.0,0.0,0.0,0.0,,0.0,0.0,0.0,0.0,0.0,,0.0,0.0,0.0,0.0,0.0,0.0,0.0,0.0,0.0,0.0,0.0,Uttar Pradesh,Ayodhya
uttar pradesh,azamgarh,2017,,0.0,,2.0,2.0,30.0,,0.0,0.0,0.0,0.0,0.0,0.0,4.0,,0.0,0.0,0.0,,0.0,0.0,0.0,0.0,0.0,0.0,0.0,0.0,0.0,0.0,0.0,0.0,Uttar Pradesh,Azamgarh
uttar pradesh,azamgarh,2018,0.0,0.0,45.0,0.0,1.0,3.0,3.0,0.0,0.0,0.0,0.0,,0.0,0.0,6.0,0.0,10.0,5.0,12.0,0.0,0.0,0.0,0.0,0.0,,0.0,0.0,0.0,0.0,0.0,33.0,Uttar Pradesh,Azamgarh
uttar pradesh,azamgarh,2019,1.0,0.0,25.0,,5.0,21.0,1.0,0.0,0.0,0.0,0.0,0.0,0.0,0.0,1.0,0.0,0.0,0.0,0.0,,,0.0,0.0,0.0,0.0,0.0,0.0,0.0,0.0,0.0,1.0,Uttar Pradesh,Azamgarh
uttar pradesh,azamgarh,2020,0.0,0.0,18.0,0.0,2.0,4.0,,0.0,0.0,0.0,0.0,0.0,0.0,0.0,0.0,,0.0,0.0,17.0,0.0,0.0,0.0,0.0,0.0,0.0,0.0,0.0,0.0,0.0,0.0,17.0,Uttar Pradesh,Azamgarh
uttar pradesh,azamgarh,2021,0.0,0.0,0.0,0.0,0.0,0.0,0.0,0.0,0.0,0.0,0.0,0.0,0.0,0.0,0.0,0.0,0.0,0.0,6.0,0.0,0.0,0.0,0.0,0.0,,0.0,0.0,0.0,0.0,26.0,32.0,Uttar Pradesh,Azamgarh
uttar pradesh,azamgarh,2022,0.0,3.0,0.0,0.0,9.0,35.0,5.0,0.0,0.0,0.0,0.0,0.0,0.0,0.0,0.0,0.0,,0.0,,0.0,0.0,0.0,0.0,0.0,0.0,0.0,0.0,0.0,0.0,0.0,0.0,Uttar Pradesh,Azamgarh
uttar pradesh,baareilly,2022,20.0,0.0,39.0,0.0,0.0,,0.0,0.0,102.0,0.0,0.0,0.0,0.0,0.0,,0.0,,0.0,0.0,0.0,0.0,0.0,0.0,0.0,0.0,0.0,0.0,0.0,0.0,0.0,0.0,Uttar Pradesh,Baareilly
uttar pradesh,baghpat,2017,0.0,0.0,16.0,3.0,0.0,0.0,0.0,0.0,0.0,,0.0,0.0,0.0,0.0,0.0,0.0,,0.0,0.0,0.0,0.0,0.0,0.0,0.0,0.0,,0.0,0.0,0.0,0.0,,Uttar Pradesh,Baghpat
uttar pradesh,baghpat,2018,0.0,0.0,22.0,2.0,0.0,0.0,0.0,0.0,0.0,0.0,0.0,0.0,0.0,0.0,0.0,0.0,0.0,0.0,0.0,0.0,0.0,0.0,0.0,0.0,,0.0,0.0,0.0,0.0,0.0,0.0,Uttar Pradesh,Baghpat
uttar pradesh,baghpat,2019,,,25.0,0.0,0.0,0.0,0.0,0.0,0.0,0.0,0.0,0.0,0.0,0.0,,0.0,0.0,0.0,0.0,0.0,,0.0,0.0,0.0,0.0,0.0,0.0,0.0,0.0,0.0,0.0,Uttar Pradesh,Baghpat
uttar pradesh,baghpat,2020,0.0,0.0,66.0,0.0,0.0,18.0,0.0,0.0,0.0,0.0,0.0,0.0,0.0,0.0,0.0,0.0,0.0,0.0,0.0,0.0,0.0,0.0,0.0,0.0,0.0,0.0,0.0,0.0,0.0,,0.0,Uttar Pradesh,Baghpat
uttar pradesh,baghpat,2021,0.0,0.0,4.0,1.0,2.0,45.0,2.0,,0.0,0.0,0.0,0.0,0.0,0.0,0.0,0.0,0.0,0.0,0.0,0.0,0.0,0.0,0.0,0.0,0.0,,0.0,0.0,,0.0,0.0,Uttar Pradesh,Baghpat
uttar pradesh,baghpat,2022,0.0,0.0,1.0,0.0,,181.0,3.0,0.0,0.0,0.0,0.0,,0.0,0.0,0.0,0.0,0.0,,0.0,0.0,0.0,0.0,0.0,0.0,0.0,0.0,0.0,1.0,0.0,0.0,1.0,Uttar Pradesh,Baghpat
uttar pradesh,bahraich,2017,0.0,0.0,0.0,0.0,0.0,0.0,0.0,0.0,0.0,0.0,0.0,0.0,,20.0,0.0,0.0,,0.0,0.0,0.0,19.0,0.0,0.0,0.0,0.0,0.0,0.0,0.0,0.0,,19.0,Uttar Pradesh,Bahraich
uttar pradesh,bahraich,2018,0.0,0.0,0.0,0.0,0.0,,0.0,0.0,0.0,0.0,0.0,0.0,0.0,,0.0,0.0,0.0,0.0,,0.0,7.0,0.0,0.0,,0.0,0.0,0.0,0.0,,0.0,7.0,Uttar Pradesh,Bahraich
uttar pradesh,bahraich,2019,0.0,0.0,62.0,0.0,0.0,0.0,0.0,0.0,0.0,0.0,0.0,0.0,0.0,,0.0,0.0,0.0,0.0,0.0,0.0,,0.0,0.0,0.0,0.0,0.0,0.0,0.0,,,0.0,Uttar Pradesh,Bahraich
uttar pradesh,bahraich,2020,0.0,0.0,32.0,0.0,0.0,0.0,0.0,0.0,0.0,0.0,0.0,0.0,0.0,12.0,0.0,0.0,0.0,0.0,0.0,20.0,29.0,0.0,0.0,0.0,0.0,0.0,0.0,0.0,0.0,,49.0,Uttar Pradesh,Bahraich
uttar pradesh,bahraich,2021,0.0,0.0,32.0,0.0,0.0,0.0,0.0,0.0,0.0,0.0,0.0,0.0,0.0,0.0,0.0,0.0,0.0,0.0,,0.0,20.0,0.0,0.0,0.0,0.0,0.0,0.0,0.0,1.0,0.0,,Uttar Pradesh,Bahraich
uttar pradesh,bahraich,2022,0.0,0.0,34.0,0.0,0.0,0.0,,0.0,0.0,0.0,0.0,0.0,0.0,0.0,0.0,0.0,0.0,0.0,0.0,,24.0,0.0,3.0,0.0,0.0,0.0,,0.0,18.0,0.0,,Uttar Pradesh,Bahraich
uttar pradesh,ballia,2017,4.0,0.0,17.0,0.0,7.0,0.0,0.0,0.0,0.0,0.0,0.0,0.0,0.0,0.0,0.0,0.0,0.0,0.0,0.0,0.0,,0.0,0.0,0.0,0.0,0.0,0.0,0.0,0.0,0.0,0.0,Uttar Pradesh,Ballia
uttar pradesh,ballia,2018,0.0,0.0,18.0,0.0,1.0,4.0,1.0,0.0,0.0,0.0,0.0,0.0,0.0,0.0,0.0,0.0,0.0,0.0,0.0,0.0,0.0,0.0,0.0,0.0,0.0,0.0,0.0,0.0,0.0,0.0,0.0,Uttar Pradesh,Ballia
uttar pradesh,ballia,2019,0.0,,0.0,1.0,1.0,9.0,0.0,,0.0,0.0,0.0,,0.0,0.0,2.0,0.0,0.0,0.0,2.0,0.0,0.0,0.0,0.0,0.0,0.0,0.0,,6.0,0.0,,19.0,Uttar Pradesh,Ballia
uttar pradesh,ballia,2021,,0.0,2.0,2.0,0.0,19.0,1.0,0.0,0.0,0.0,,0.0,0.0,0.0,0.0,0.0,0.0,,,0.0,0.0,0.0,0.0,0.0,0.0,0.0,0.0,0.0,0.0,0.0,0.0,Uttar Pradesh,Ballia
uttar pradesh,ballia,2022,0.0,0.0,0.0,1.0,0.0,19.0,0.0,0.0,0.0,0.0,0.0,,0.0,0.0,0.0,0.0,0.0,0.0,0.0,0.0,0.0,0.0,0.0,0.0,0.0,0.0,,0.0,0.0,0.0,0.0,Uttar Pradesh,Ballia
uttar pradesh,balrampur,2017,0.0,0.0,0.0,18.0,0.0,0.0,3.0,0.0,0.0,,0.0,0.0,0.0,0.0,0.0,0.0,0.0,0.0,0.0,0.0,0.0,0.0,0.0,0.0,0.0,0.0,0.0,0.0,0.0,0.0,,Uttar Pradesh,Balrampur
uttar pradesh,balrampur,2018,0.0,0.0,1.0,,0.0,0.0,0.0,0.0,0.0,0.0,0.0,0.0,0.0,1.0,0.0,0.0,0.0,0.0,0.0,0.0,0.0,0.0,0.0,0.0,0.0,0.0,0.0,0.0,0.0,0.0,0.0,Uttar Pradesh,Balrampur
uttar pradesh,balrampur,2019,0.0,0.0,0.0,35.0,0.0,10.0,0.0,0.0,0.0,,0.0,0.0,,11.0,0.0,0.0,0.0,0.0,0.0,0.0,0.0,0.0,0.0,,0.0,0.0,0.0,0.0,0.0,0.0,0.0,Uttar Pradesh,Balrampur
uttar pradesh,balrampur,2020,0.0,0.0,0.0,6.0,0.0,3.0,0.0,0.0,55.0,0.0,0.0,0.0,0.0,0.0,0.0,0.0,0.0,0.0,0.0,0.0,0.0,0.0,0.0,0.0,0.0,0.0,0.0,0.0,0.0,0.0,,Uttar Pradesh,Balrampur
uttar pradesh,balrampur,2021,0.0,0.0,0.0,1.0,2.0,5.0,0.0,0.0,2.0,0.0,0.0,0.0,0.0,,0.0,0.0,0.0,0.0,0.0,0.0,0.0,0.0,0.0,0.0,0.0,0.0,0.0,0.0,1.0,,1.0,Uttar Pradesh,Balrampur
uttar pradesh,balrampur,2022,0.0,0.0,2.0,1.0,1.0,,1.0,0.0,0.0,0.0,0.0,0.0,0.0,3.0,0.0,0.0,0.0,0.0,0.0,0.0,0.0,,0.0,0.0,0.0,0.0,0.0,0.0,0.0,0.0,0.0,Uttar Pradesh,Balrampur
uttar pradesh,banda,2018,0.0,0.0,0.0,2.0,9.0,0.0,2.0,0.0,,0.0,0.0,,0.0,0.0,0.0,0.0,1.0,2.0,1.0,0.0,0.0,1.0,0.0,0.0,0.0,,0.0,0.0,0.0,0.0,5.0,Uttar Pradesh,Banda
uttar pradesh,banda,2019,0.0,0.0,6.0,0.0,1.0,5.0,1.0,0.0,2.0,0.0,0.0,0.0,1.0,0.0,0.0,,0.0,0.0,0.0,0.0,3.0,0.0,0.0,0.0,0.0,0.0,0.0,0.0,0.0,0.0,3.0,Uttar Pradesh,Banda
uttar pradesh,banda,2021,,0.0,,0.0,1.0,6.0,3.0,0.0,12.0,0.0,0.0,0.0,0.0,1.0,0.0,0.0,0.0,0.0,0.0,0.0,0.0,0.0,0.0,0.0,0.0,0.0,0.0,0.0,0.0,0.0,0.0,Uttar Pradesh,Banda
uttar pradesh,banda,2022,0.0,0.0,6.0,,4.0,9.0,3.0,0.0,,0.0,0.0,0.0,0.0,0.0,0.0,0.0,2.0,0.0,1.0,0.0,3.0,0.0,0.0,0.0,0.0,0.0,0.0,0.0,0.0,0.0,6.0,Uttar Pradesh,Banda
uttar pradesh,bara banki,2017,0.0,0.0,25.0,0.0,0.0,0.0,0.0,0.0,,0.0,0.0,,0.0,0.0,0.0,0.0,0.0,0.0,0.0,,0.0,0.0,,0.0,0.0,0.0,0.0,0.0,0.0,,0.0,Uttar Pradesh,Bara Banki
uttar pradesh,bara banki,2018,0.0,0.0,46.0,0.0,0.0,0.0,0.0,0.0,0.0,0.0,0.0,0.0,0.0,0.0,0.0,0.0,,0.0,0.0,0.0,0.0,0.0,0.0,,0.0,0.0,0.0,0.0,0.0,0.0,0.0,Uttar Pradesh,Bara Banki
uttar pradesh,bara banki,2019,,0.0,74.0,,0.0,0.0,0.0,,0.0,0.0,0.0,0.0,0.0,0.0,,0.0,0.0,0.0,0.0,0.0,0.0,0.0,0.0,,,0.0,0.0,0.0,0.0,0.0,0.0,Uttar Pradesh,Bara Banki
uttar pradesh,bara banki,2020,0.0,0.0,35.0,0.0,0.0,0.0,0.0,0.0,3.0,0.0,0.0,0.0,0.0,0.0,,0.0,0.0,0.0,0.0,0.0,0.0,0.0,0.0,0.0,0.0,0.0,0.0,0.0,0.0,0.0,0.0,Uttar Pradesh,Bara Banki
uttar pradesh,bara banki,2021,,0.0,15.0,0.0,4.0,7.0,0.0,0.0,1.0,0.0,0.0,0.0,0.0,0.0,0.0,0.0,0.0,0.0,0.0,0.0,0.0,0.0,0.0,0.0,0.0,0.0,0.0,0.0,0.0,0.0,0.0,Uttar Pradesh,Bara Banki
uttar pradesh,bara banki,2022,0.0,0.0,2.0,0.0,10.0,48.0,2.0,0.0,0.0,0.0,0.0,0.0,0.0,0.0,0.0,0.0,0.0,0.0,0.0,0.0,0.0,0.0,0.0,0.0,0.0,0.0,0.0,0.0,0.0,0.0,0.0,Uttar Pradesh,Bara Banki
uttar pradesh,bareilly,2017,0.0,0.0,28.0,0.0,0.0,0.0,0.0,,19.0,,,0.0,0.0,0.0,0.0,0.0,0.0,0.0,0.0,0.0,0.0,,,0.0,0.0,0.0,0.0,0.0,0.0,0.0,0.0,Uttar Pradesh,Bareilly
uttar pradesh,bareilly,2018,,0.0,3.0,0.0,0.0,0.0,,0.0,50.0,0.0,0.0,0.0,0.0,0.0,0.0,0.0,,,0.0,0.0,0.0,0.0,0.0,0.0,0.0,,0.0,0.0,,0.0,0.0,Uttar Pradesh,Bareilly
uttar pradesh,bareilly,2019,3.0,0.0,0.0,0.0,0.0,0.0,0.0,0.0,272.0,0.0,0.0,0.0,0.0,0.0,0.0,0.0,0.0,0.0,0.0,0.0,0.0,0.0,0.0,,0.0,0.0,0.0,3.0,0.0,0.0,,Uttar Pradesh,Bareilly
uttar pradesh,bareilly,2020,35.0,0.0,32.0,0.0,0.0,0.0,0.0,,113.0,0.0,0.0,0.0,0.0,0.0,0.0,0.0,0.0,0.0,0.0,0.0,0.0,,0.0,0.0,0.0,0.0,0.0,0.0,0.0,0.0,0.0,Uttar Pradesh,Bareilly
uttar pradesh,bareilly,2021,10.0,0.0,21.0,0.0,0.0,0.0,0.0,0.0,116.0,,,0.0,0.0,0.0,0.0,0.0,0.0,0.0,0.0,,0.0,0.0,0.0,0.0,0.0,0.0,0.0,0.0,0.0,0.0,0.0,Uttar Pradesh,Bareilly
uttar pradesh,basti,2018,0.0,0.0,64.0,0.0,0.0,0.0,0.0,0.0,0.0,0.0,,0.0,0.0,,0.0,,,,0.0,,0.0,0.0,0.0,0.0,0.0,0.0,,,0.0,0.0,0.0,Uttar Pradesh,Basti
uttar pradesh,basti,2019,0.0,0.0,81.0,0.0,0.0,0.0,0.0,,0.0,0.0,0.0,0.0,0.0,0.0,0.0,0.0,0.0,0.0,0.0,0.0,0.0,,0.0,,0.0,0.0,0.0,0.0,0.0,0.0,0.0,Uttar Pradesh,Basti
uttar pradesh,basti,2020,0.0,0.0,24.0,1.0,2.0,9.0,2.0,0.0,0.0,0.0,0.0,0.0,0.0,0.0,0.0,0.0,,0.0,0.0,9.0,0.0,0.0,0.0,0.0,0.0,0.0,0.0,0.0,,0.0,9.0,Uttar Pradesh,Basti
uttar pradesh,basti,2021,0.0,0.0,6.0,0.0,3.0,16.0,0.0,0.0,,0.0,0.0,0.0,,0.0,0.0,0.0,0.0,0.0,0.0,0.0,0.0,0.0,0.0,0.0,0.0,0.0,0.0,0.0,0.0,0.0,0.0,Uttar Pradesh,Basti
uttar pradesh,basti,2022,,0.0,3.0,0.0,0.0,37.0,1.0,0.0,,0.0,0.0,0.0,0.0,0.0,0.0,0.0,0.0,0.0,0.0,0.0,0.0,0.0,0.0,0.0,0.0,,0.0,0.0,0.0,0.0,0.0,Uttar Pradesh,Basti
uttar pradesh,bhadohi,2017,0.0,0.0,20.0,0.0,0.0,0.0,0.0,0.0,0.0,,0.0,,0.0,0.0,0.0,0.0,0.0,,0.0,0.0,0.0,,0.0,0.0,0.0,,0.0,0.0,0.0,0.0,0.0,Uttar Pradesh,Bhadohi
uttar pradesh,bhadohi,2018,0.0,,0.0,0.0,,0.0,0.0,0.0,0.0,0.0,0.0,0.0,0.0,0.0,0.0,0.0,0.0,0.0,0.0,0.0,0.0,0.0,0.0,,0.0,0.0,0.0,0.0,0.0,0.0,0.0,Uttar Pradesh,Bhadohi
uttar pradesh,bhadohi,2019,,12.0,0.0,0.0,1.0,,0.0,0.0,0.0,0.0,0.0,0.0,0.0,0.0,0.0,,0.0,0.0,0.0,0.0,0.0,0.0,0.0,0.0,0.0,0.0,0.0,0.0,0.0,0.0,0.0,Uttar Pradesh,Bhadohi
uttar pradesh,bhadohi,2020,0.0,16.0,0.0,0.0,3.0,7.0,,0.0,0.0,0.0,0.0,0.0,0.0,0.0,0.0,0.0,0.0,0.0,0.0,0.0,0.0,0.0,0.0,,0.0,,0.0,0.0,0.0,0.0,0.0,Uttar Pradesh,Bhadohi
uttar pradesh,bhadohi,2021,0.0,0.0,0.0,0.0,0.0,9.0,1.0,0.0,0.0,0.0,,0.0,,0.0,0.0,0.0,0.0,0.0,0.0,0.0,0.0,0.0,0.0,0.0,0.0,0.0,0.0,1.0,0.0,0.0,1.0,Uttar Pradesh,Bhadohi
uttar pradesh,bhadohi,2022,0.0,1.0,,0.0,4.0,6.0,0.0,0.0,0.0,0.0,0.0,0.0,0.0,,0.0,0.0,0.0,0.0,0.0,,0.0,0.0,0.0,0.0,0.0,0.0,0.0,0.0,0.0,0.0,0.0,Uttar Pradesh,Bhadohi
uttar pradesh,bijnor,2018,,0.0,32.0,0.0,0.0,0.0,16.0,0.0,0.0,0.0,0.0,0.0,,13.0,0.0,,0.0,0.0,0.0,0.0,0.0,,0.0,0.0,0.0,0.0,0.0,0.0,0.0,0.0,,Uttar Pradesh,Bijnor
uttar pradesh,bijnor,2019,0.0,0.0,6.0,0.0,0.0,0.0,0.0,0.0,0.0,0.0,0.0,0.0,0.0,48.0,0.0,0.0,0.0,0.0,0.0,0.0,0.0,0.0,,0.0,0.0,0.0,,,0.0,0.0,0.0,Uttar Pradesh,Bijnor
uttar pradesh,bijnor,2020,0.0,0.0,5.0,0.0,0.0,0.0,0.0,0.0,0.0,,0.0,,0.0,43.0,0.0,0.0,0.0,0.0,0.0,0.0,0.0,,0.0,0.0,0.0,0.0,0.0,0.0,0.0,0.0,0.0,Uttar Pradesh,Bijnor
uttar pradesh,bijnor,2021,0.0,0.0,16.0,0.0,5.0,19.0,3.0,0.0,0.0,0.0,0.0,0.0,0.0,0.0,0.0,0.0,0.0,0.0,0.0,0.0,0.0,0.0,0.0,0.0,0.0,0.0,,0.0,0.0,0.0,0.0,Uttar Pradesh,Bijnor
uttar pradesh,bijnor,2022,0.0,0.0,15.0,0.0,6.0,30.0,0.0,0.0,,0.0,0.0,0.0,0.0,0.0,0.0,,0.0,0.0,0.0,0.0,0.0,0.0,0.0,0.0,0.0,0.0,0.0,0.0,,0.0,0.0,Uttar Pradesh,Bijnor
uttar pradesh,budaaun,2020,0.0,0.0,,0.0,0.0,0.0,,0.0,0.0,0.0,0.0,0.0,0.0,0.0,0.0,0.0,0.0,0.0,0.0,0.0,,0.0,0.0,0.0,0.0,0.0,0.0,0.0,0.0,0.0,0.0,Uttar Pradesh,Budaaun
uttar pradesh,budaun,2018,0.0,0.0,49.0,0.0,,,0.0,0.0,,0.0,0.0,0.0,0.0,0.0,0.0,0.0,0.0,0.0,0.0,0.0,0.0,,,,0.0,0.0,0.0,0.0,0.0,0.0,0.0,Uttar Pradesh,Budaun
uttar pradesh,budaun,2021,0.0,0.0,36.0,0.0,0.0,0.0,,0.0,0.0,0.0,0.0,0.0,0.0,0.0,,0.0,0.0,,0.0,0.0,0.0,0.0,,0.0,0.0,0.0,0.0,0.0,0.0,0.0,0.0,Uttar Pradesh,Budaun
uttar pradesh,budaun,2022,0.0,0.0,61.0,0.0,0.0,0.0,0.0,0.0,0.0,0.0,0.0,0.0,0.0,0.0,0.0,0.0,,0.0,0.0,0.0,0.0,0.0,0.0,0.0,0.0,0.0,0.0,,0.0,0.0,0.0,Uttar Pradesh,Budaun
uttar pradesh,bulandshahr,2017,0.0,0.0,0.0,0.0,0.0,1.0,7.0,,,0.0,0.0,,0.0,37.0,0.0,0.0,0.0,0.0,0.0,0.0,,0.0,,0.0,,0.0,0.0,0.0,0.0,0.0,0.0,Uttar Pradesh,Bulandshahr
uttar pradesh,bulandshahr,2018,0.0,0.0,0.0,,1.0,7.0,1.0,0.0,0.0,,0.0,,0.0,,0.0,0.0,0.0,0.0,0.0,0.0,,0.0,,0.0,0.0,,0.0,,0.0,0.0,0.0,Uttar Pradesh,Bulandshahr
uttar pradesh,bulandshahr,2019,0.0,0.0,0.0,0.0,3.0,0.0,6.0,0.0,0.0,0.0,0.0,0.0,0.0,82.0,0.0,0.0,0.0,8.0,3.0,0.0,,0.0,0.0,0.0,0.0,0.0,0.0,0.0,4.0,0.0,15.0,Uttar Pradesh,Bulandshahr
uttar pradesh,bulandshahr,2020,0.0,0.0,0.0,4.0,3.0,33.0,0.0,0.0,,0.0,0.0,0.0,0.0,46.0,0.0,,0.0,6.0,2.0,2.0,0.0,59.0,0.0,0.0,0.0,0.0,0.0,0.0,,0.0,69.0,Uttar Pradesh,Bulandshahr
uttar pradesh,bulandshahr,2021,,,0.0,1.0,0.0,225.0,0.0,0.0,,0.0,0.0,0.0,0.0,49.0,0.0,0.0,0.0,12.0,0.0,6.0,0.0,,0.0,0.0,0.0,0.0,0.0,0.0,3.0,0.0,188.0,Uttar Pradesh,Bulandshahr
uttar pradesh,bulandshahr,2022,0.0,0.0,0.0,0.0,0.0,121.0,1.0,0.0,55.0,0.0,0.0,0.0,0.0,34.0,0.0,0.0,0.0,,0.0,0.0,0.0,84.0,0.0,0.0,0.0,0.0,0.0,0.0,5.0,0.0,91.0,Uttar Pradesh,Bulandshahr
uttar pradesh,chandauli,2017,0.0,6.0,1.0,1.0,4.0,7.0,1.0,0.0,,0.0,0.0,0.0,0.0,,0.0,0.0,0.0,0.0,,0.0,0.0,0.0,0.0,0.0,0.0,0.0,0.0,0.0,,0.0,0.0,Uttar Pradesh,Chandauli
uttar pradesh,chandauli,2019,0.0,,5.0,1.0,3.0,,1.0,0.0,0.0,0.0,0.0,,0.0,0.0,0.0,0.0,0.0,,0.0,0.0,0.0,0.0,0.0,0.0,0.0,0.0,0.0,0.0,0.0,0.0,0.0,Uttar Pradesh,Chandauli
uttar pradesh,chandauli,2020,0.0,0.0,,,0.0,4.0,0.0,0.0,0.0,0.0,0.0,0.0,,0.0,0.0,0.0,0.0,0.0,0.0,0.0,0.0,0.0,0.0,0.0,0.0,0.0,0.0,0.0,,0.0,0.0,Uttar Pradesh,Chandauli
uttar pradesh,chandauli,2021,0.0,,0.0,,3.0,11.0,0.0,0.0,0.0,0.0,0.0,0.0,0.0,3.0,0.0,,0.0,0.0,,0.0,0.0,,0.0,0.0,0.0,0.0,0.0,0.0,0.0,0.0,0.0,Uttar Pradesh,Chandauli
uttar pradesh,chandauli,2022,0.0,0.0,1.0,0.0,4.0,13.0,0.0,,0.0,0.0,0.0,0.0,,0.0,0.0,,,0.0,0.0,0.0,0.0,0.0,0.0,0.0,0.0,0.0,0.0,0.0,,0.0,0.0,Uttar Pradesh,Chandauli
uttar pradesh,chitrakoot,2017,,0.0,,0.0,0.0,0.0,0.0,,0.0,0.0,0.0,0.0,0.0,0.0,0.0,0.0,0.0,0.0,0.0,0.0,0.0,0.0,0.0,0.0,0.0,0.0,0.0,0.0,0.0,0.0,0.0,Uttar Pradesh,Chitrakoot
uttar pradesh,chitrakoot,2019,28.0,0.0,0.0,0.0,,,0.0,0.0,0.0,0.0,0.0,0.0,0.0,0.0,0.0,0.0,0.0,0.0,,0.0,0.0,0.0,,0.0,0.0,0.0,0.0,0.0,0.0,0.0,0.0,Uttar Pradesh,Chitrakoot
uttar pradesh,chitrakoot,2020,0.0,0.0,24.0,0.0,0.0,2.0,0.0,0.0,0.0,,0.0,0.0,0.0,0.0,0.0,0.0,0.0,0.0,0.0,0.0,0.0,0.0,0.0,0.0,0.0,0.0,0.0,0.0,0.0,0.0,0.0,Uttar Pradesh,Chitrakoot
uttar pradesh,chitrakoot,2021,0.0,0.0,34.0,0.0,0.0,0.0,0.0,,0.0,,,0.0,0.0,,0.0,0.0,0.0,0.0,0.0,0.0,0.0,0.0,0.0,0.0,0.0,0.0,0.0,0.0,0.0,0.0,0.0,Uttar Pradesh,Chitrakoot
uttar pradesh,chitrakoot,2022,0.0,0.0,25.0,0.0,0.0,0.0,0.0,0.0,,0.0,0.0,0.0,0.0,0.0,0.0,0.0,0.0,0.0,0.0,0.0,0.0,0.0,0.0,0.0,0.0,0.0,0.0,0.0,0.0,0.0,0.0,Uttar Pradesh,Chitrakoot
uttar pradesh,deoria,2017,0.0,0.0,65.0,0.0,0.0,0.0,0.0,0.0,0.0,0.0,0.0,0.0,0.0,0.0,0.0,0.0,0.0,,0.0,0.0,0.0,0.0,,,0.0,0.0,0.0,0.0,0.0,0.0,0.0,Uttar Pradesh,Deoria
uttar pradesh,deoria,2018,0.0,0.0,68.0,0.0,0.0,0.0,0.0,0.0,0.0,0.0,0.0,,0.0,0.0,0.0,0.0,0.0,0.0,,0.0,0.0,0.0,0.0,0.0,0.0,0.0,0.0,0.0,0.0,0.0,0.0,Uttar Pradesh,Deoria
uttar pradesh,deoria,2019,0.0,0.0,57.0,0.0,0.0,0.0,0.0,0.0,0.0,0.0,,0.0,0.0,,0.0,0.0,0.0,,0.0,0.0,0.0,0.0,0.0,0.0,0.0,0.0,0.0,0.0,0.0,0.0,0.0,Uttar Pradesh,Deoria
uttar pradesh,deoria,2020,,0.0,,0.0,0.0,0.0,0.0,0.0,0.0,,0.0,0.0,0.0,0.0,0.0,,0.0,0.0,0.0,0.0,0.0,,0.0,0.0,0.0,0.0,0.0,0.0,0.0,0.0,0.0,Uttar Pradesh,Deoria
uttar pradesh,deoria,2021,0.0,0.0,,0.0,0.0,0.0,0.0,0.0,0.0,0.0,,0.0,0.0,0.0,0.0,0.0,0.0,0.0,0.0,0.0,0.0,0.0,0.0,0.0,0.0,0.0,,0.0,0.0,0.0,0.0,Uttar Pradesh,Deoria
uttar pradesh,deoria,2022,0.0,0.0,65.0,0.0,0.0,0.0,0.0,0.0,0.0,0.0,0.0,,0.0,0.0,0.0,0.0,0.0,0.0,0.0,0.0,0.0,0.0,,0.0,0.0,0.0,0.0,0.0,0.0,0.0,0.0,Uttar Pradesh,Deoria
uttar pradesh,etah,2017,,0.0,0.0,,0.0,0.0,0.0,0.0,0.0,0.0,0.0,0.0,0.0,0.0,0.0,0.0,0.0,0.0,,,0.0,,,0.0,0.0,0.0,,0.0,0.0,0.0,0.0,Uttar Pradesh,Etah
uttar pradesh,etah,2018,0.0,0.0,0.0,30.0,0.0,0.0,0.0,0.0,0.0,0.0,0.0,,0.0,0.0,,0.0,0.0,0.0,0.0,0.0,0.0,,0.0,0.0,0.0,0.0,0.0,,0.0,0.0,,Uttar Pradesh,Etah
uttar pradesh,etah,2019,0.0,0.0,0.0,0.0,,27.0,0.0,0.0,0.0,0.0,,0.0,0.0,0.0,0.0,,0.0,0.0,0.0,0.0,0.0,0.0,0.0,,0.0,0.0,,0.0,0.0,0.0,0.0,Uttar Pradesh,Etah
uttar pradesh,etah,2020,,0.0,0.0,0.0,2.0,15.0,1.0,0.0,0.0,0.0,0.0,0.0,0.0,,0.0,0.0,0.0,0.0,0.0,0.0,0.0,0.0,0.0,0.0,0.0,0.0,0.0,0.0,0.0,0.0,0.0,Uttar Pradesh,Etah
uttar pradesh,etah,2021,0.0,0.0,0.0,,17.0,,2.0,0.0,0.0,0.0,0.0,0.0,,0.0,0.0,0.0,,0.0,0.0,0.0,0.0,0.0,0.0,0.0,0.0,0.0,,0.0,0.0,0.0,0.0,Uttar Pradesh,Etah
uttar pradesh,etah,2022,0.0,0.0,0.0,1.0,8.0,16.0,0.0,0.0,0.0,0.0,0.0,0.0,0.0,0.0,0.0,,0.0,0.0,0.0,,0.0,0.0,,0.0,0.0,,,0.0,0.0,0.0,0.0,Uttar Pradesh,Etah
uttar pradesh,etawah,2017,0.0,0.0,39.0,1.0,8.0,0.0,0.0,0.0,0.0,0.0,0.0,0.0,0.0,0.0,2.0,0.0,0.0,0.0,0.0,0.0,0.0,28.0,0.0,0.0,0.0,0.0,,0.0,0.0,0.0,30.0,Uttar Pradesh,Etawah
uttar pradesh,etawah,2018,,0.0,31.0,0.0,0.0,0.0,,0.0,0.0,0.0,0.0,0.0,0.0,,0.0,0.0,0.0,0.0,0.0,,0.0,27.0,0.0,0.0,0.0,,0.0,0.0,0.0,,27.0,Uttar Pradesh,Etawah
uttar pradesh,etawah,2019,,0.0,23.0,0.0,0.0,0.0,0.0,0.0,0.0,0.0,0.0,,0.0,0.0,0.0,0.0,,0.0,,0.0,0.0,6.0,0.0,0.0,0.0,0.0,0.0,0.0,0.0,0.0,,Uttar Pradesh,Etawah
uttar pradesh,etawah,2020,,0.0,18.0,2.0,2.0,5.0,0.0,0.0,0.0,0.0,0.0,0.0,,0.0,0.0,0.0,0.0,0.0,,0.0,0.0,0.0,0.0,0.0,0.0,0.0,0.0,0.0,,0.0,0.0,Uttar Pradesh,Etawah
uttar pradesh,etawah,2021,6.0,0.0,11.0,0.0,0.0,4.0,0.0,0.0,0.0,0.0,0.0,0.0,,,0.0,0.0,0.0,0.0,2.0,0.0,0.0,0.0,0.0,0.0,,0.0,0.0,,0.0,1.0,3.0,Uttar Pradesh,Etawah
uttar pradesh,faarrukhabad,2021,,,,0.0,0.0,0.0,0.0,,,0.0,0.0,0.0,0.0,0.0,0.0,0.0,0.0,0.0,,0.0,0.0,0.0,0.0,0.0,0.0,0.0,0.0,0.0,0.0,0.0,0.0,Uttar Pradesh,Faarrukhabad
uttar pradesh,farrukhabad,2017,0.0,,7.0,15.0,2.0,0.0,1.0,0.0,0.0,0.0,0.0,0.0,0.0,0.0,,0.0,0.0,0.0,0.0,0.0,0.0,13.0,0.0,0.0,0.0,0.0,,0.0,0.0,0.0,15.0,Uttar Pradesh,Farrukhabad
uttar pradesh,farrukhabad,2018,0.0,,0.0,27.0,16.0,0.0,0.0,,0.0,0.0,0.0,0.0,0.0,,0.0,0.0,0.0,0.0,0.0,0.0,0.0,,0.0,0.0,0.0,0.0,0.0,0.0,0.0,0.0,0.0,Uttar Pradesh,Farrukhabad
uttar pradesh,farrukhabad,2019,0.0,,0.0,21.0,16.0,0.0,0.0,0.0,0.0,0.0,0.0,0.0,0.0,0.0,0.0,0.0,0.0,0.0,0.0,0.0,0.0,0.0,0.0,0.0,,0.0,0.0,0.0,0.0,0.0,0.0,Uttar Pradesh,Farrukhabad
uttar pradesh,farrukhabad,2020,0.0,0.0,4.0,39.0,0.0,0.0,0.0,0.0,0.0,0.0,0.0,,0.0,0.0,0.0,0.0,0.0,0.0,0.0,0.0,0.0,0.0,0.0,,0.0,0.0,0.0,0.0,0.0,0.0,,Uttar Pradesh,Farrukhabad
uttar pradesh,farrukhabad,2022,0.0,0.0,0.0,,14.0,0.0,0.0,0.0,0.0,0.0,0.0,0.0,0.0,0.0,0.0,0.0,0.0,,,0.0,0.0,0.0,0.0,0.0,0.0,0.0,0.0,0.0,0.0,0.0,0.0,Uttar Pradesh,Farrukhabad
uttar pradesh,fatehpur,2017,0.0,,0.0,5.0,0.0,0.0,0.0,0.0,0.0,0.0,,0.0,0.0,,0.0,0.0,0.0,0.0,0.0,0.0,,,0.0,0.0,0.0,0.0,0.0,0.0,0.0,0.0,0.0,Uttar Pradesh,Fatehpur
uttar pradesh,fatehpur,2018,0.0,0.0,0.0,0.0,0.0,0.0,0.0,0.0,0.0,0.0,0.0,0.0,,12.0,,0.0,0.0,0.0,0.0,0.0,0.0,0.0,0.0,0.0,0.0,0.0,0.0,0.0,0.0,0.0,0.0,Uttar Pradesh,Fatehpur
uttar pradesh,fatehpur,2019,0.0,0.0,0.0,0.0,0.0,0.0,0.0,0.0,0.0,0.0,0.0,0.0,0.0,30.0,0.0,0.0,0.0,,0.0,0.0,,0.0,0.0,0.0,0.0,0.0,0.0,0.0,0.0,,0.0,Uttar Pradesh,Fatehpur
uttar pradesh,fatehpur,2020,0.0,0.0,0.0,0.0,0.0,0.0,,0.0,0.0,0.0,0.0,0.0,0.0,,0.0,0.0,0.0,0.0,0.0,0.0,0.0,0.0,0.0,0.0,0.0,0.0,0.0,,0.0,0.0,0.0,Uttar Pradesh,Fatehpur
uttar pradesh,fatehpur,2021,0.0,,0.0,,0.0,0.0,0.0,0.0,0.0,0.0,0.0,0.0,0.0,27.0,0.0,0.0,0.0,0.0,0.0,0.0,0.0,0.0,,0.0,0.0,0.0,0.0,0.0,0.0,0.0,0.0,Uttar Pradesh,Fatehpur
uttar pradesh,fatehpur,2022,,0.0,0.0,0.0,0.0,0.0,0.0,,0.0,0.0,0.0,0.0,0.0,31.0,,0.0,0.0,0.0,0.0,0.0,,0.0,0.0,0.0,0.0,0.0,0.0,0.0,0.0,0.0,0.0,Uttar Pradesh,Fatehpur
uttar pradesh,firozabad,2017,0.0,0.0,0.0,1.0,,1.0,0.0,0.0,0.0,0.0,0.0,0.0,0.0,,,0.0,0.0,0.0,0.0,0.0,0.0,3.0,0.0,0.0,,0.0,0.0,1.0,1.0,0.0,6.0,Uttar Pradesh,Firozabad
uttar pradesh,firozabad,2020,7.0,0.0,13.0,0.0,5.0,8.0,0.0,0.0,0.0,0.0,0.0,0.0,0.0,0.0,1.0,0.0,1.0,3.0,3.0,4.0,10.0,0.0,0.0,,0.0,0.0,0.0,2.0,1.0,0.0,25.0,Uttar Pradesh,Firozabad
uttar pradesh,firozabad,2021,,0.0,,0.0,2.0,7.0,6.0,0.0,0.0,0.0,0.0,0.0,,0.0,1.0,0.0,0.0,0.0,0.0,0.0,0.0,0.0,0.0,0.0,0.0,0.0,0.0,0.0,8.0,0.0,9.0,Uttar Pradesh,Firozabad
uttar pradesh,firozabad,2022,0.0,0.0,27.0,0.0,7.0,11.0,1.0,,0.0,0.0,,0.0,0.0,0.0,,0.0,0.0,1.0,15.0,2.0,15.0,0.0,0.0,0.0,0.0,0.0,0.0,5.0,0.0,,38.0,Uttar Pradesh,Firozabad
uttar pradesh,gautam buddha nagar,2017,0.0,0.0,224.0,,,,0.0,0.0,0.0,0.0,0.0,,0.0,0.0,0.0,0.0,0.0,0.0,,0.0,0.0,,0.0,0.0,,,0.0,0.0,0.0,0.0,0.0,Uttar Pradesh,Gautam Buddha Nagar
uttar pradesh,gautam buddha nagar,2019,0.0,56.0,364.0,0.0,0.0,0.0,598.0,0.0,,0.0,0.0,,0.0,728.0,34.0,,15.0,0.0,21.0,,37.0,276.0,339.0,0.0,0.0,0.0,0.0,6.0,0.0,0.0,728.0,Uttar Pradesh,Gautam Buddha Nagar
uttar pradesh,gautam buddha nagar,2020,0.0,51.0,256.0,0.0,0.0,,496.0,0.0,0.0,,0.0,0.0,,0.0,29.0,0.0,19.0,0.0,25.0,0.0,42.0,288.0,371.0,0.0,0.0,0.0,0.0,8.0,0.0,0.0,,Uttar Pradesh,Gautam Buddha Nagar
uttar pradesh,gautam buddha nagar,2021,0.0,12.0,32.0,0.0,0.0,84.0,40.0,0.0,0.0,0.0,0.0,0.0,0.0,0.0,8.0,0.0,,,255.0,0.0,54.0,75.0,40.0,0.0,0.0,0.0,0.0,22.0,0.0,0.0,529.0,Uttar Pradesh,Gautam Buddha Nagar
uttar pradesh,gautam buddha nagar,2022,0.0,12.0,29.0,0.0,8.0,7.0,52.0,0.0,0.0,0.0,0.0,0.0,,0.0,12.0,0.0,65.0,0.0,390.0,0.0,125.0,86.0,,,0.0,0.0,0.0,20.0,,5.0,755.0,Uttar Pradesh,Gautam Buddha Nagar
uttar pradesh,ghaziabad,2017,0.0,145.0,0.0,0.0,0.0,0.0,0.0,0.0,0.0,0.0,0.0,0.0,0.0,0.0,0.0,0.0,0.0,0.0,0.0,0.0,0.0,0.0,0.0,0.0,0.0,0.0,0.0,0.0,0.0,0.0,0.0,Uttar Pradesh,Ghaziabad
uttar pradesh,ghaziabad,2018,0.0,234.0,0.0,0.0,0.0,0.0,0.0,0.0,,,0.0,0.0,0.0,0.0,0.0,0.0,0.0,0.0,0.0,0.0,0.0,0.0,0.0,0.0,0.0,0.0,,0.0,0.0,0.0,0.0,Uttar Pradesh,Ghaziabad
uttar pradesh,ghaziabad,2019,0.0,39.0,134.0,87.0,39.0,67.0,0.0,0.0,11.0,0.0,0.0,,0.0,0.0,0.0,0.0,,39.0,69.0,19.0,2.0,,0.0,0.0,,,0.0,0.0,0.0,0.0,,Uttar Pradesh,Ghaziabad
uttar pradesh,ghaziabad,2020,,0.0,270.0,0.0,14.0,524.0,0.0,,0.0,3.0,0.0,0.0,0.0,0.0,0.0,0.0,0.0,0.0,17.0,0.0,0.0,3.0,0.0,0.0,0.0,0.0,0.0,13.0,0.0,0.0,33.0,Uttar Pradesh,Ghaziabad
uttar pradesh,ghaziabad,2021,0.0,0.0,0.0,3.0,8.0,448.0,7.0,0.0,0.0,0.0,0.0,0.0,0.0,,0.0,0.0,0.0,0.0,0.0,0.0,0.0,0.0,,0.0,0.0,0.0,,0.0,,0.0,,Uttar Pradesh,Ghaziabad
uttar pradesh,ghaziabad,2022,1.0,0.0,,3.0,11.0,,,0.0,1.0,0.0,0.0,,0.0,1.0,0.0,0.0,0.0,0.0,0.0,0.0,0.0,0.0,0.0,0.0,0.0,0.0,0.0,0.0,,0.0,,Uttar Pradesh,Ghaziabad
uttar pradesh,ghazipur,2017,7.0,0.0,,0.0,9.0,,0.0,,0.0,0.0,0.0,0.0,0.0,,0.0,0.0,0.0,0.0,0.0,0.0,0.0,,0.0,0.0,0.0,0.0,0.0,0.0,,,0.0,Uttar Pradesh,Ghazipur
uttar pradesh,ghazipur,2018,3.0,0.0,7.0,4.0,1.0,19.0,0.0,0.0,0.0,0.0,0.0,,0.0,15.0,0.0,0.0,0.0,0.0,0.0,0.0,0.0,0.0,0.0,0.0,0.0,0.0,0.0,0.0,0.0,0.0,0.0,Uttar Pradesh,Ghazipur
uttar pradesh,ghazipur,2019,0.0,0.0,0.0,0.0,6.0,18.0,0.0,,,0.0,0.0,,0.0,15.0,0.0,0.0,0.0,,0.0,0.0,0.0,0.0,0.0,0.0,0.0,0.0,,0.0,,15.0,15.0,Uttar Pradesh,Ghazipur
uttar pradesh,ghazipur,2020,0.0,0.0,0.0,1.0,5.0,27.0,1.0,0.0,0.0,0.0,0.0,0.0,,0.0,0.0,0.0,0.0,0.0,0.0,0.0,0.0,0.0,0.0,0.0,0.0,0.0,0.0,0.0,0.0,,,Uttar Pradesh,Ghazipur
uttar pradesh,ghazipur,2021,0.0,0.0,10.0,0.0,,31.0,0.0,0.0,4.0,0.0,0.0,0.0,0.0,,0.0,0.0,0.0,0.0,0.0,0.0,0.0,0.0,0.0,0.0,0.0,0.0,,0.0,0.0,0.0,,Uttar Pradesh,Ghazipur
uttar pradesh,ghazipur,2022,0.0,0.0,6.0,1.0,1.0,93.0,2.0,0.0,,0.0,0.0,0.0,0.0,0.0,0.0,0.0,0.0,0.0,0.0,0.0,0.0,,0.0,0.0,0.0,,0.0,0.0,0.0,0.0,0.0,Uttar Pradesh,Ghazipur
uttar pradesh,gonda,2017,0.0,0.0,0.0,,,0.0,,0.0,0.0,0.0,0.0,0.0,0.0,23.0,0.0,0.0,0.0,0.0,0.0,0.0,0.0,0.0,0.0,0.0,0.0,0.0,0.0,0.0,0.0,0.0,0.0,Uttar Pradesh,Gonda
uttar pradesh,gonda,2018,0.0,0.0,46.0,0.0,0.0,0.0,0.0,0.0,0.0,0.0,0.0,0.0,0.0,0.0,0.0,0.0,0.0,0.0,0.0,0.0,0.0,,,,0.0,0.0,0.0,0.0,,0.0,0.0,Uttar Pradesh,Gonda
uttar pradesh,gonda,2019,,0.0,8.0,,,0.0,0.0,0.0,5.0,0.0,0.0,0.0,0.0,18.0,0.0,0.0,1.0,,8.0,,0.0,4.0,0.0,0.0,,,0.0,0.0,0.0,0.0,18.0,Uttar Pradesh,Gonda
uttar pradesh,gonda,2020,0.0,0.0,9.0,,3.0,0.0,0.0,,9.0,0.0,0.0,,0.0,0.0,0.0,0.0,0.0,1.0,22.0,0.0,0.0,,0.0,0.0,0.0,0.0,,,1.0,,,Uttar Pradesh,Gonda
uttar pradesh,gonda,2022,0.0,0.0,0.0,0.0,5.0,24.0,0.0,0.0,0.0,0.0,0.0,0.0,0.0,26.0,0.0,0.0,0.0,,0.0,0.0,0.0,0.0,0.0,0.0,0.0,0.0,,0.0,0.0,0.0,0.0,Uttar Pradesh,Gonda
uttar pradesh,gorakhpur,2017,0.0,0.0,188.0,0.0,0.0,0.0,0.0,0.0,0.0,0.0,0.0,0.0,0.0,0.0,0.0,0.0,0.0,0.0,,0.0,,0.0,0.0,,,0.0,0.0,0.0,0.0,0.0,0.0,Uttar Pradesh,Gorakhpur
uttar pradesh,gorakhpur,2018,1.0,0.0,155.0,0.0,,40.0,1.0,0.0,0.0,0.0,0.0,0.0,0.0,0.0,14.0,0.0,26.0,9.0,30.0,,0.0,0.0,,0.0,0.0,0.0,0.0,0.0,0.0,0.0,97.0,Uttar Pradesh,Gorakhpur
uttar pradesh,gorakhpur,2019,,0.0,0.0,0.0,0.0,0.0,,0.0,0.0,0.0,0.0,0.0,0.0,288.0,0.0,0.0,0.0,0.0,0.0,0.0,0.0,0.0,0.0,0.0,0.0,0.0,0.0,0.0,,288.0,288.0,Uttar Pradesh,Gorakhpur
uttar pradesh,gorakhpur,2020,,0.0,0.0,0.0,0.0,,0.0,0.0,0.0,0.0,0.0,0.0,0.0,0.0,0.0,0.0,0.0,0.0,88.0,0.0,0.0,0.0,0.0,0.0,0.0,0.0,0.0,0.0,62.0,53.0,203.0,Uttar Pradesh,Gorakhpur
uttar pradesh,gorakhpur,2021,0.0,0.0,,0.0,0.0,0.0,0.0,0.0,0.0,0.0,0.0,0.0,0.0,0.0,0.0,0.0,0.0,0.0,0.0,0.0,0.0,0.0,0.0,0.0,0.0,0.0,0.0,0.0,0.0,0.0,0.0,Uttar Pradesh,Gorakhpur
uttar pradesh,gorakhpur,2022,0.0,0.0,142.0,0.0,0.0,0.0,0.0,0.0,0.0,0.0,0.0,0.0,0.0,0.0,0.0,0.0,0.0,0.0,0.0,0.0,0.0,0.0,0.0,0.0,0.0,0.0,0.0,0.0,,0.0,0.0,Uttar Pradesh,Gorakhpur
uttar pradesh,hamirpur,2017,0.0,0.0,0.0,0.0,1.0,3.0,0.0,0.0,0.0,,0.0,0.0,,0.0,0.0,0.0,0.0,0.0,0.0,0.0,0.0,0.0,0.0,0.0,0.0,0.0,,0.0,0.0,0.0,0.0,Uttar Pradesh,Hamirpur
uttar pradesh,hamirpur,2018,0.0,0.0,0.0,0.0,1.0,1.0,0.0,0.0,3.0,,,,0.0,0.0,0.0,0.0,0.0,0.0,0.0,0.0,0.0,0.0,0.0,0.0,0.0,0.0,0.0,0.0,0.0,0.0,,Uttar Pradesh,Hamirpur
uttar pradesh,hamirpur,2019,0.0,0.0,10.0,,0.0,1.0,0.0,,0.0,0.0,0.0,0.0,0.0,0.0,0.0,0.0,0.0,,0.0,0.0,0.0,6.0,0.0,0.0,0.0,0.0,0.0,,1.0,,10.0,Uttar Pradesh,Hamirpur
uttar pradesh,hamirpur,2020,0.0,0.0,0.0,0.0,0.0,6.0,0.0,0.0,,0.0,,,0.0,0.0,0.0,0.0,3.0,0.0,1.0,0.0,0.0,10.0,0.0,0.0,0.0,0.0,0.0,0.0,0.0,3.0,17.0,Uttar Pradesh,Hamirpur
uttar pradesh,hamirpur,2021,0.0,0.0,3.0,0.0,0.0,3.0,2.0,0.0,0.0,0.0,0.0,,,,0.0,0.0,0.0,,0.0,0.0,0.0,9.0,0.0,0.0,0.0,,0.0,0.0,0.0,0.0,9.0,Uttar Pradesh,Hamirpur
uttar pradesh,hamirpur,2022,0.0,,13.0,0.0,1.0,9.0,0.0,0.0,0.0,0.0,0.0,0.0,0.0,0.0,0.0,0.0,0.0,0.0,0.0,0.0,0.0,1.0,0.0,0.0,,0.0,0.0,0.0,0.0,0.0,,Uttar Pradesh,Hamirpur
uttar pradesh,hapur,2017,0.0,0.0,,0.0,,2.0,0.0,0.0,0.0,0.0,0.0,0.0,0.0,0.0,0.0,0.0,,0.0,0.0,0.0,0.0,0.0,0.0,0.0,0.0,,0.0,0.0,0.0,0.0,,Uttar Pradesh,Hapur
uttar pradesh,hapur,2018,0.0,0.0,14.0,1.0,0.0,6.0,0.0,,0.0,0.0,0.0,0.0,0.0,,,0.0,0.0,0.0,0.0,0.0,0.0,0.0,0.0,0.0,0.0,0.0,0.0,0.0,0.0,0.0,0.0,Uttar Pradesh,Hapur
uttar pradesh,hapur,2019,1.0,0.0,0.0,0.0,0.0,6.0,1.0,,0.0,0.0,0.0,,0.0,0.0,0.0,0.0,0.0,0.0,0.0,0.0,0.0,1.0,0.0,0.0,0.0,0.0,0.0,0.0,0.0,1.0,2.0,Uttar Pradesh,Hapur
uttar pradesh,hapur,2020,0.0,0.0,0.0,,3.0,15.0,2.0,,,0.0,0.0,,0.0,,,0.0,0.0,0.0,0.0,0.0,0.0,0.0,0.0,0.0,0.0,0.0,,0.0,0.0,0.0,0.0,Uttar Pradesh,Hapur
uttar pradesh,hapur,2021,,0.0,4.0,0.0,5.0,46.0,3.0,0.0,0.0,0.0,,0.0,0.0,0.0,0.0,0.0,,0.0,0.0,0.0,0.0,0.0,0.0,0.0,0.0,0.0,0.0,0.0,0.0,0.0,0.0,Uttar Pradesh,Hapur
uttar pradesh,hardoi,2017,0.0,0.0,0.0,0.0,0.0,0.0,0.0,,0.0,0.0,0.0,0.0,0.0,18.0,0.0,0.0,,0.0,0.0,0.0,0.0,0.0,0.0,0.0,0.0,0.0,0.0,,0.0,0.0,0.0,Uttar Pradesh,Hardoi
uttar pradesh,hardoi,2018,0.0,0.0,0.0,0.0,0.0,0.0,,0.0,0.0,0.0,0.0,0.0,0.0,24.0,0.0,,0.0,0.0,0.0,0.0,0.0,0.0,0.0,0.0,,0.0,0.0,0.0,0.0,0.0,0.0,Uttar Pradesh,Hardoi
uttar pradesh,hardoi,2019,0.0,0.0,47.0,0.0,0.0,0.0,0.0,0.0,0.0,,,0.0,0.0,0.0,0.0,0.0,0.0,0.0,0.0,0.0,0.0,0.0,0.0,0.0,0.0,0.0,0.0,0.0,0.0,0.0,0.0,Uttar Pradesh,Hardoi
uttar pradesh,hardoi,2020,0.0,0.0,0.0,0.0,0.0,,,0.0,0.0,0.0,0.0,0.0,0.0,0.0,0.0,0.0,0.0,0.0,11.0,0.0,0.0,0.0,,0.0,,0.0,0.0,0.0,0.0,0.0,,Uttar Pradesh,Hardoi
uttar pradesh,hardoi,2021,0.0,0.0,47.0,0.0,0.0,0.0,0.0,0.0,0.0,0.0,0.0,0.0,0.0,5.0,0.0,0.0,0.0,0.0,0.0,0.0,0.0,0.0,,,0.0,0.0,0.0,0.0,0.0,0.0,0.0,Uttar Pradesh,Hardoi
uttar pradesh,hardoi,2022,0.0,0.0,0.0,0.0,0.0,0.0,0.0,0.0,0.0,0.0,0.0,,,0.0,,0.0,0.0,0.0,0.0,22.0,0.0,30.0,,0.0,,0.0,0.0,0.0,0.0,0.0,52.0,Uttar Pradesh,Hardoi
uttar pradesh,hathras,2017,,0.0,30.0,0.0,0.0,0.0,,0.0,0.0,0.0,0.0,0.0,,0.0,0.0,0.0,0.0,0.0,0.0,0.0,0.0,0.0,0.0,0.0,0.0,0.0,0.0,0.0,0.0,0.0,0.0,Uttar Pradesh,Hathras
uttar pradesh,hathras,2018,,0.0,12.0,,1.0,,1.0,,0.0,0.0,0.0,0.0,0.0,0.0,0.0,0.0,0.0,0.0,0.0,0.0,0.0,0.0,0.0,0.0,0.0,0.0,0.0,0.0,7.0,0.0,7.0,Uttar Pradesh,Hathras
uttar pradesh,hathras,2019,0.0,5.0,0.0,1.0,7.0,3.0,0.0,0.0,0.0,0.0,0.0,0.0,,0.0,0.0,0.0,0.0,0.0,0.0,0.0,,0.0,,0.0,0.0,0.0,0.0,0.0,0.0,0.0,0.0,Uttar Pradesh,Hathras
uttar pradesh,hathras,2020,2.0,0.0,0.0,0.0,2.0,,2.0,0.0,0.0,,0.0,0.0,1.0,0.0,0.0,0.0,0.0,0.0,0.0,0.0,0.0,0.0,0.0,0.0,0.0,0.0,0.0,,0.0,1.0,1.0,Uttar Pradesh,Hathras
uttar pradesh,hathras,2021,0.0,0.0,0.0,0.0,3.0,14.0,0.0,0.0,0.0,0.0,0.0,0.0,0.0,1.0,1.0,,0.0,0.0,0.0,0.0,0.0,0.0,0.0,0.0,0.0,0.0,0.0,0.0,0.0,0.0,1.0,Uttar Pradesh,Hathras
uttar pradesh,hathras,2022,0.0,,0.0,0.0,0.0,16.0,1.0,0.0,0.0,0.0,,0.0,0.0,0.0,0.0,0.0,0.0,0.0,0.0,0.0,0.0,0.0,0.0,0.0,0.0,0.0,0.0,0.0,,,0.0,Uttar Pradesh,Hathras
uttar pradesh,jalaun,2017,0.0,,,0.0,0.0,16.0,0.0,0.0,0.0,0.0,0.0,0.0,0.0,,0.0,0.0,,,0.0,0.0,0.0,0.0,0.0,0.0,0.0,0.0,,0.0,0.0,0.0,0.0,Uttar Pradesh,Jalaun
uttar pradesh,jalaun,2018,0.0,0.0,0.0,0.0,0.0,31.0,0.0,0.0,0.0,0.0,0.0,0.0,0.0,0.0,0.0,0.0,0.0,0.0,0.0,0.0,0.0,0.0,0.0,0.0,0.0,0.0,0.0,0.0,0.0,,0.0,Uttar Pradesh,Jalaun
uttar pradesh,jalaun,2019,0.0,0.0,0.0,0.0,0.0,0.0,0.0,,0.0,0.0,0.0,0.0,,81.0,0.0,,0.0,0.0,0.0,0.0,0.0,0.0,0.0,0.0,0.0,0.0,0.0,0.0,0.0,0.0,0.0,Uttar Pradesh,Jalaun
uttar pradesh,jalaun,2020,,0.0,0.0,0.0,0.0,71.0,0.0,0.0,0.0,0.0,0.0,0.0,0.0,0.0,0.0,0.0,0.0,0.0,0.0,,0.0,,0.0,0.0,0.0,0.0,0.0,0.0,0.0,0.0,0.0,Uttar Pradesh,Jalaun
uttar pradesh,jalaun,2021,0.0,0.0,0.0,0.0,0.0,0.0,0.0,0.0,0.0,0.0,0.0,0.0,0.0,23.0,0.0,0.0,0.0,,0.0,0.0,0.0,0.0,0.0,0.0,0.0,0.0,0.0,0.0,0.0,0.0,,Uttar Pradesh,Jalaun
uttar pradesh,jalaun,2022,0.0,0.0,0.0,1.0,2.0,32.0,1.0,,0.0,0.0,0.0,0.0,0.0,3.0,0.0,0.0,0.0,0.0,0.0,0.0,0.0,0.0,,0.0,0.0,0.0,0.0,0.0,0.0,0.0,0.0,Uttar Pradesh,Jalaun
uttar pradesh,jaunpur,2017,0.0,0.0,26.0,,0.0,0.0,0.0,0.0,0.0,0.0,0.0,0.0,,,,0.0,0.0,0.0,0.0,0.0,0.0,0.0,0.0,0.0,0.0,0.0,0.0,0.0,0.0,0.0,0.0,Uttar Pradesh,Jaunpur
uttar pradesh,jaunpur,2018,0.0,0.0,60.0,0.0,0.0,0.0,0.0,0.0,0.0,0.0,,0.0,,0.0,0.0,0.0,0.0,0.0,0.0,0.0,0.0,0.0,0.0,0.0,0.0,0.0,0.0,0.0,0.0,0.0,0.0,Uttar Pradesh,Jaunpur
uttar pradesh,jaunpur,2019,0.0,0.0,72.0,26.0,0.0,0.0,,0.0,0.0,0.0,0.0,0.0,0.0,0.0,0.0,0.0,0.0,0.0,0.0,0.0,51.0,16.0,0.0,0.0,,0.0,0.0,0.0,0.0,0.0,67.0,Uttar Pradesh,Jaunpur
uttar pradesh,jaunpur,2020,0.0,0.0,,0.0,5.0,17.0,0.0,,0.0,0.0,0.0,0.0,0.0,0.0,0.0,0.0,,2.0,2.0,0.0,0.0,,0.0,0.0,0.0,0.0,0.0,0.0,0.0,0.0,15.0,Uttar Pradesh,Jaunpur
uttar pradesh,jaunpur,2021,0.0,0.0,10.0,0.0,4.0,11.0,1.0,0.0,0.0,0.0,0.0,0.0,0.0,0.0,0.0,0.0,2.0,1.0,3.0,1.0,0.0,2.0,0.0,0.0,0.0,0.0,0.0,0.0,0.0,0.0,9.0,Uttar Pradesh,Jaunpur
uttar pradesh,jaunpur,2022,0.0,0.0,53.0,,,4.0,0.0,0.0,,0.0,0.0,0.0,0.0,0.0,0.0,0.0,0.0,0.0,0.0,0.0,0.0,0.0,0.0,0.0,0.0,0.0,,0.0,0.0,0.0,0.0,Uttar Pradesh,Jaunpur
uttar pradesh,jhansi,2017,0.0,0.0,32.0,0.0,0.0,9.0,0.0,0.0,12.0,0.0,0.0,0.0,0.0,0.0,0.0,0.0,0.0,0.0,0.0,,0.0,0.0,0.0,0.0,,0.0,0.0,,0.0,0.0,0.0,Uttar Pradesh,Jhansi
uttar pradesh,jhansi,2018,0.0,0.0,13.0,1.0,0.0,9.0,3.0,0.0,0.0,0.0,,0.0,0.0,0.0,0.0,0.0,0.0,0.0,0.0,0.0,0.0,0.0,0.0,0.0,0.0,0.0,0.0,0.0,0.0,0.0,0.0,Uttar Pradesh,Jhansi
uttar pradesh,jhansi,2019,0.0,0.0,24.0,1.0,1.0,32.0,0.0,0.0,0.0,2.0,0.0,0.0,0.0,0.0,,0.0,0.0,0.0,0.0,0.0,,,0.0,0.0,0.0,,0.0,0.0,0.0,0.0,0.0,Uttar Pradesh,Jhansi
uttar pradesh,jhansi,2020,0.0,0.0,7.0,1.0,5.0,40.0,1.0,0.0,0.0,0.0,0.0,,0.0,0.0,0.0,0.0,0.0,0.0,0.0,,0.0,0.0,0.0,0.0,0.0,0.0,,0.0,0.0,0.0,0.0,Uttar Pradesh,Jhansi
uttar pradesh,jhansi,2021,0.0,0.0,8.0,0.0,0.0,31.0,0.0,1.0,0.0,1.0,0.0,0.0,,0.0,0.0,0.0,0.0,0.0,0.0,0.0,,0.0,0.0,0.0,0.0,0.0,0.0,0.0,0.0,0.0,0.0,Uttar Pradesh,Jhansi
uttar pradesh,kannauj,2017,0.0,0.0,21.0,0.0,0.0,0.0,0.0,0.0,0.0,,0.0,0.0,0.0,0.0,0.0,0.0,0.0,0.0,,0.0,0.0,0.0,0.0,,0.0,0.0,0.0,0.0,0.0,0.0,,Uttar Pradesh,Kannauj
uttar pradesh,kannauj,2018,0.0,0.0,36.0,0.0,0.0,0.0,0.0,0.0,0.0,0.0,0.0,,,0.0,0.0,0.0,0.0,0.0,0.0,0.0,0.0,0.0,0.0,0.0,0.0,0.0,0.0,0.0,0.0,0.0,0.0,Uttar Pradesh,Kannauj
uttar pradesh,kannauj,2019,0.0,0.0,33.0,0.0,,0.0,0.0,0.0,0.0,0.0,0.0,0.0,0.0,13.0,0.0,0.0,0.0,0.0,,0.0,0.0,0.0,0.0,0.0,0.0,0.0,0.0,0.0,0.0,0.0,0.0,Uttar Pradesh,Kannauj
uttar pradesh,kannauj,2020,0.0,0.0,0.0,0.0,0.0,,0.0,0.0,0.0,0.0,0.0,0.0,0.0,44.0,,0.0,0.0,0.0,0.0,0.0,0.0,0.0,0.0,0.0,0.0,0.0,0.0,,,0.0,0.0,Uttar Pradesh,Kannauj
uttar pradesh,kannauj,2021,0.0,0.0,0.0,,0.0,0.0,0.0,0.0,0.0,0.0,0.0,0.0,0.0,0.0,0.0,0.0,0.0,0.0,0.0,0.0,0.0,0.0,0.0,0.0,0.0,0.0,0.0,0.0,0.0,0.0,0.0,Uttar Pradesh,Kannauj
uttar pradesh,kannauj,2022,0.0,0.0,,0.0,0.0,0.0,0.0,0.0,0.0,0.0,0.0,0.0,0.0,0.0,0.0,,0.0,0.0,0.0,0.0,0.0,0.0,0.0,0.0,0.0,0.0,,0.0,0.0,0.0,,Uttar Pradesh,Kannauj
uttar pradesh,kanpur dehat,2017,0.0,0.0,85.0,0.0,0.0,0.0,0.0,0.0,0.0,0.0,0.0,,0.0,,0.0,,0.0,0.0,0.0,1.0,0.0,2.0,0.0,0.0,,0.0,0.0,0.0,0.0,0.0,3.0,Uttar Pradesh,Kanpur Dehat
uttar pradesh,kanpur dehat,2018,0.0,0.0,0.0,0.0,8.0,0.0,0.0,0.0,0.0,0.0,0.0,0.0,0.0,0.0,0.0,0.0,0.0,0.0,0.0,0.0,0.0,0.0,0.0,,0.0,0.0,0.0,0.0,,0.0,0.0,Uttar Pradesh,Kanpur Dehat
uttar pradesh,kanpur dehat,2020,,0.0,81.0,0.0,0.0,0.0,0.0,0.0,,0.0,0.0,0.0,0.0,0.0,,0.0,,0.0,0.0,0.0,0.0,0.0,0.0,0.0,0.0,0.0,0.0,0.0,,0.0,0.0,Uttar Pradesh,Kanpur Dehat
uttar pradesh,kanpur dehat,2021,0.0,,81.0,0.0,0.0,0.0,0.0,0.0,0.0,0.0,0.0,0.0,0.0,0.0,0.0,,0.0,0.0,0.0,,0.0,0.0,0.0,0.0,0.0,0.0,,0.0,0.0,0.0,0.0,Uttar Pradesh,Kanpur Dehat
uttar pradesh,kanpur dehat,2022,0.0,0.0,0.0,0.0,0.0,0.0,0.0,0.0,0.0,0.0,0.0,0.0,0.0,30.0,0.0,0.0,0.0,0.0,18.0,0.0,0.0,0.0,0.0,0.0,0.0,0.0,0.0,0.0,0.0,0.0,18.0,Uttar Pradesh,Kanpur Dehat
uttar pradesh,kanpur nagar,2017,0.0,0.0,176.0,,41.0,,0.0,,0.0,0.0,0.0,0.0,0.0,0.0,0.0,0.0,0.0,0.0,0.0,0.0,0.0,0.0,0.0,0.0,0.0,0.0,0.0,0.0,0.0,0.0,0.0,Uttar Pradesh,Kanpur Nagar
uttar pradesh,kanpur nagar,2018,0.0,0.0,191.0,0.0,,0.0,,0.0,0.0,0.0,,0.0,0.0,0.0,0.0,0.0,,0.0,0.0,0.0,0.0,0.0,0.0,0.0,0.0,0.0,0.0,0.0,0.0,0.0,0.0,Uttar Pradesh,Kanpur Nagar
uttar pradesh,kanpur nagar,2019,0.0,0.0,264.0,0.0,78.0,0.0,0.0,0.0,0.0,0.0,0.0,0.0,0.0,0.0,0.0,0.0,0.0,0.0,0.0,0.0,,0.0,0.0,0.0,0.0,0.0,0.0,0.0,0.0,0.0,0.0,Uttar Pradesh,Kanpur Nagar
uttar pradesh,kanpur nagar,2020,0.0,0.0,,0.0,89.0,0.0,0.0,0.0,0.0,0.0,0.0,0.0,,0.0,0.0,0.0,0.0,0.0,0.0,,0.0,0.0,0.0,0.0,0.0,0.0,0.0,0.0,0.0,0.0,0.0,Uttar Pradesh,Kanpur Nagar
uttar pradesh,kanpur nagar,2021,0.0,0.0,,0.0,119.0,0.0,,0.0,0.0,0.0,0.0,0.0,0.0,0.0,0.0,0.0,0.0,0.0,0.0,0.0,0.0,0.0,0.0,,0.0,0.0,0.0,,0.0,0.0,0.0,Uttar Pradesh,Kanpur Nagar
uttar pradesh,kanpur nagar,2022,,0.0,311.0,0.0,139.0,0.0,0.0,0.0,0.0,0.0,,0.0,,0.0,0.0,0.0,0.0,0.0,0.0,0.0,0.0,0.0,0.0,0.0,0.0,0.0,0.0,,0.0,0.0,0.0,Uttar Pradesh,Kanpur Nagar
uttar pradesh,kasganj,2017,0.0,0.0,0.0,0.0,0.0,0.0,0.0,0.0,0.0,0.0,0.0,0.0,0.0,0.0,0.0,0.0,0.0,0.0,0.0,0.0,0.0,,,0.0,0.0,0.0,0.0,,0.0,0.0,0.0,Uttar Pradesh,Kasganj
uttar pradesh,kasganj,2018,0.0,0.0,,0.0,0.0,0.0,0.0,0.0,0.0,0.0,0.0,0.0,,0.0,0.0,0.0,0.0,0.0,0.0,0.0,0.0,,0.0,0.0,0.0,0.0,0.0,0.0,0.0,0.0,0.0,Uttar Pradesh,Kasganj
uttar pradesh,kasganj,2019,0.0,0.0,8.0,0.0,0.0,0.0,0.0,0.0,0.0,0.0,0.0,0.0,0.0,18.0,0.0,0.0,0.0,0.0,15.0,0.0,,0.0,0.0,0.0,0.0,0.0,0.0,0.0,3.0,0.0,18.0,Uttar Pradesh,Kasganj
uttar pradesh,kasganj,2020,0.0,0.0,10.0,,6.0,0.0,0.0,0.0,0.0,0.0,0.0,0.0,0.0,0.0,0.0,0.0,0.0,0.0,11.0,0.0,0.0,5.0,0.0,0.0,0.0,0.0,0.0,0.0,0.0,,16.0,Uttar Pradesh,Kasganj
uttar pradesh,kasganj,2021,0.0,0.0,4.0,0.0,4.0,,0.0,0.0,0.0,0.0,0.0,0.0,0.0,0.0,0.0,0.0,0.0,0.0,,0.0,0.0,2.0,0.0,0.0,0.0,,,0.0,3.0,0.0,7.0,Uttar Pradesh,Kasganj
uttar pradesh,kasganj,2022,0.0,0.0,,0.0,0.0,0.0,0.0,0.0,,0.0,0.0,0.0,0.0,0.0,0.0,0.0,0.0,0.0,0.0,0.0,0.0,0.0,0.0,0.0,,0.0,0.0,0.0,0.0,,0.0,Uttar Pradesh,Kasganj
uttar pradesh,kaushambi,2017,0.0,0.0,,,0.0,0.0,0.0,,0.0,0.0,0.0,0.0,0.0,0.0,0.0,0.0,0.0,,0.0,0.0,0.0,0.0,0.0,0.0,0.0,0.0,0.0,0.0,0.0,0.0,0.0,Uttar Pradesh,Kaushambi
uttar pradesh,kaushambi,2018,0.0,,28.0,0.0,0.0,0.0,0.0,0.0,0.0,0.0,0.0,0.0,,0.0,0.0,0.0,,,0.0,0.0,0.0,0.0,,0.0,0.0,0.0,0.0,0.0,0.0,0.0,0.0,Uttar Pradesh,Kaushambi
uttar pradesh,kaushambi,2019,0.0,0.0,42.0,0.0,0.0,0.0,0.0,0.0,0.0,0.0,0.0,0.0,0.0,0.0,0.0,0.0,0.0,0.0,0.0,0.0,0.0,0.0,0.0,0.0,0.0,0.0,0.0,0.0,0.0,0.0,0.0,Uttar Pradesh,Kaushambi
uttar pradesh,kaushambi,2020,,0.0,,0.0,0.0,,0.0,0.0,,0.0,0.0,0.0,0.0,0.0,0.0,0.0,0.0,0.0,0.0,,0.0,0.0,0.0,0.0,0.0,0.0,0.0,,0.0,0.0,0.0,Uttar Pradesh,Kaushambi
uttar pradesh,kaushambi,2021,0.0,0.0,39.0,0.0,,0.0,0.0,0.0,,0.0,0.0,0.0,,,0.0,0.0,0.0,0.0,0.0,0.0,0.0,,0.0,0.0,0.0,0.0,0.0,0.0,0.0,0.0,,Uttar Pradesh,Kaushambi
uttar pradesh,kaushambi,2022,0.0,0.0,,0.0,11.0,13.0,0.0,0.0,0.0,0.0,0.0,0.0,,0.0,0.0,0.0,0.0,0.0,0.0,0.0,0.0,0.0,0.0,0.0,0.0,,0.0,0.0,0.0,,0.0,Uttar Pradesh,Kaushambi
uttar pradesh,kheri,2017,0.0,0.0,71.0,0.0,0.0,0.0,0.0,0.0,,0.0,0.0,0.0,0.0,0.0,0.0,0.0,,0.0,0.0,0.0,0.0,0.0,0.0,0.0,,0.0,0.0,0.0,0.0,15.0,19.0,Uttar Pradesh,Kheri
uttar pradesh,kheri,2018,,0.0,56.0,0.0,0.0,0.0,0.0,0.0,0.0,0.0,0.0,0.0,0.0,0.0,,0.0,16.0,0.0,0.0,0.0,0.0,0.0,0.0,0.0,,0.0,0.0,0.0,0.0,40.0,,Uttar Pradesh,Kheri
uttar pradesh,kheri,2019,0.0,0.0,7.0,0.0,3.0,20.0,2.0,0.0,0.0,0.0,0.0,0.0,0.0,5.0,0.0,0.0,0.0,0.0,0.0,0.0,0.0,0.0,0.0,0.0,0.0,0.0,0.0,0.0,0.0,0.0,0.0,Uttar Pradesh,Kheri
uttar pradesh,kheri,2020,0.0,0.0,,,,0.0,0.0,0.0,98.0,0.0,0.0,0.0,0.0,0.0,0.0,0.0,0.0,0.0,,0.0,,0.0,0.0,0.0,0.0,0.0,0.0,0.0,0.0,0.0,0.0,Uttar Pradesh,Kheri
uttar pradesh,kheri,2021,0.0,0.0,0.0,0.0,,0.0,,0.0,16.0,0.0,0.0,0.0,0.0,0.0,0.0,,,0.0,0.0,0.0,0.0,0.0,0.0,0.0,0.0,0.0,0.0,,0.0,,18.0,Uttar Pradesh,Kheri
uttar pradesh,kheri,2022,0.0,,0.0,0.0,0.0,0.0,,0.0,0.0,0.0,0.0,0.0,0.0,71.0,0.0,0.0,0.0,0.0,0.0,0.0,0.0,0.0,0.0,0.0,0.0,0.0,0.0,0.0,0.0,0.0,0.0,Uttar Pradesh,Kheri
uttar pradesh,kushinaagar,2019,0.0,0.0,35.0,7.0,0.0,0.0,0.0,,0.0,0.0,0.0,0.0,0.0,0.0,3.0,0.0,0.0,0.0,35.0,0.0,0.0,0.0,0.0,0.0,,0.0,0.0,,0.0,0.0,38.0,Uttar Pradesh,Kushinaagar
uttar pradesh,kushinagar,2017,0.0,,0.0,38.0,,0.0,0.0,0.0,0.0,0.0,0.0,0.0,0.0,0.0,,3.0,,0.0,23.0,0.0,0.0,0.0,0.0,0.0,,0.0,,0.0,7.0,,37.0,Uttar Pradesh,Kushinagar
uttar pradesh,kushinagar,2018,0.0,0.0,0.0,59.0,0.0,0.0,0.0,0.0,0.0,0.0,0.0,0.0,0.0,0.0,4.0,6.0,0.0,0.0,21.0,0.0,0.0,0.0,0.0,0.0,0.0,,0.0,0.0,0.0,0.0,31.0,Uttar Pradesh,Kushinagar
uttar pradesh,kushinagar,2020,0.0,0.0,15.0,23.0,,20.0,0.0,0.0,,0.0,0.0,0.0,0.0,,0.0,0.0,0.0,0.0,0.0,0.0,0.0,0.0,,,0.0,0.0,0.0,0.0,0.0,0.0,0.0,Uttar Pradesh,Kushinagar
uttar pradesh,kushinagar,2021,0.0,0.0,2.0,1.0,,56.0,0.0,0.0,,0.0,0.0,0.0,0.0,0.0,0.0,0.0,0.0,0.0,17.0,,0.0,0.0,0.0,0.0,0.0,0.0,0.0,0.0,0.0,0.0,17.0,Uttar Pradesh,Kushinagar
uttar pradesh,kushinagar,2022,0.0,0.0,1.0,0.0,0.0,57.0,0.0,0.0,31.0,0.0,0.0,0.0,0.0,0.0,0.0,1.0,0.0,0.0,7.0,0.0,0.0,0.0,0.0,0.0,,0.0,0.0,0.0,0.0,0.0,,Uttar Pradesh,Kushinagar
uttar pradesh,lalitpur,2017,0.0,0.0,1.0,0.0,0.0,0.0,0.0,,0.0,0.0,0.0,,0.0,0.0,0.0,0.0,0.0,5.0,1.0,1.0,0.0,0.0,0.0,0.0,8.0,0.0,0.0,2.0,,0.0,18.0,Uttar Pradesh,Lalitpur
uttar pradesh,lalitpur,2018,0.0,0.0,15.0,1.0,0.0,1.0,0.0,0.0,0.0,0.0,0.0,0.0,0.0,0.0,0.0,0.0,1.0,2.0,2.0,0.0,2.0,,0.0,0.0,0.0,0.0,,0.0,0.0,,7.0,Uttar Pradesh,Lalitpur
uttar pradesh,lalitpur,2019,0.0,0.0,6.0,1.0,0.0,1.0,0.0,0.0,0.0,0.0,0.0,0.0,0.0,2.0,0.0,0.0,,0.0,0.0,0.0,0.0,0.0,0.0,0.0,0.0,0.0,0.0,0.0,,0.0,0.0,Uttar Pradesh,Lalitpur
uttar pradesh,lalitpur,2020,0.0,0.0,1.0,0.0,0.0,9.0,0.0,0.0,0.0,0.0,0.0,0.0,0.0,0.0,,0.0,0.0,0.0,0.0,0.0,,,0.0,0.0,0.0,0.0,0.0,,0.0,0.0,0.0,Uttar Pradesh,Lalitpur
uttar pradesh,lalitpur,2021,,0.0,0.0,0.0,0.0,10.0,0.0,0.0,0.0,0.0,0.0,0.0,,0.0,0.0,0.0,0.0,0.0,0.0,0.0,0.0,0.0,0.0,0.0,0.0,0.0,,0.0,0.0,0.0,0.0,Uttar Pradesh,Lalitpur
uttar pradesh,lalitpur,2022,,0.0,0.0,3.0,1.0,15.0,2.0,0.0,,0.0,0.0,0.0,0.0,0.0,0.0,0.0,0.0,,0.0,0.0,0.0,0.0,0.0,0.0,,0.0,0.0,0.0,0.0,0.0,0.0,Uttar Pradesh,Lalitpur
uttar pradesh,lucknow,2017,16.0,0.0,472.0,8.0,53.0,0.0,1.0,0.0,2.0,0.0,0.0,0.0,0.0,0.0,0.0,0.0,0.0,0.0,0.0,0.0,0.0,0.0,0.0,0.0,0.0,0.0,,0.0,10.0,0.0,10.0,Uttar Pradesh,Lucknow
uttar pradesh,lucknow,2018,1.0,578.0,21.0,5.0,36.0,290.0,3.0,1.0,0.0,0.0,0.0,0.0,0.0,0.0,0.0,0.0,0.0,5.0,0.0,0.0,0.0,0.0,0.0,0.0,0.0,0.0,0.0,0.0,0.0,0.0,5.0,Uttar Pradesh,Lucknow
uttar pradesh,lucknow,2019,0.0,545.0,16.0,0.0,79.0,528.0,2.0,0.0,0.0,0.0,0.0,0.0,0.0,2.0,0.0,0.0,0.0,0.0,0.0,0.0,0.0,0.0,0.0,0.0,0.0,0.0,0.0,0.0,0.0,0.0,0.0,Uttar Pradesh,Lucknow
uttar pradesh,lucknow,2020,0.0,476.0,0.0,3.0,65.0,689.0,3.0,3.0,4.0,0.0,0.0,0.0,0.0,0.0,0.0,0.0,0.0,0.0,0.0,0.0,0.0,4.0,0.0,0.0,0.0,0.0,0.0,0.0,0.0,0.0,4.0,Uttar Pradesh,Lucknow
uttar pradesh,lucknow,2021,0.0,339.0,0.0,2.0,43.0,522.0,9.0,2.0,1.0,0.0,0.0,0.0,0.0,8.0,0.0,0.0,0.0,0.0,2.0,0.0,0.0,0.0,0.0,0.0,0.0,0.0,0.0,0.0,0.0,0.0,2.0,Uttar Pradesh,Lucknow
uttar pradesh,lucknow,2022,0.0,359.0,3.0,1.0,46.0,610.0,6.0,3.0,0.0,0.0,0.0,0.0,0.0,0.0,0.0,0.0,0.0,0.0,0.0,0.0,0.0,0.0,0.0,0.0,0.0,0.0,0.0,0.0,0.0,0.0,0.0,Uttar Pradesh,Lucknow
uttar pradesh,maainpuri,2022,0.0,0.0,0.0,0.0,0.0,0.0,,0.0,20.0,0.0,0.0,0.0,0.0,0.0,0.0,0.0,0.0,0.0,0.0,0.0,0.0,0.0,0.0,0.0,0.0,0.0,0.0,0.0,0.0,0.0,0.0,Uttar Pradesh,Maainpuri
uttar pradesh,mahoba,2018,0.0,0.0,16.0,0.0,0.0,0.0,0.0,0.0,0.0,0.0,0.0,0.0,0.0,0.0,0.0,0.0,0.0,0.0,0.0,0.0,0.0,0.0,0.0,0.0,0.0,0.0,,0.0,0.0,0.0,0.0,Uttar Pradesh,Mahoba
uttar pradesh,mahoba,2019,0.0,0.0,5.0,0.0,1.0,4.0,0.0,0.0,0.0,0.0,0.0,0.0,0.0,0.0,,0.0,0.0,0.0,0.0,0.0,0.0,,0.0,0.0,0.0,0.0,0.0,0.0,0.0,0.0,0.0,Uttar Pradesh,Mahoba
uttar pradesh,mahoba,2020,0.0,0.0,,0.0,0.0,1.0,,0.0,0.0,0.0,0.0,0.0,0.0,0.0,0.0,,0.0,,0.0,0.0,0.0,0.0,,0.0,0.0,0.0,0.0,0.0,0.0,0.0,0.0,Uttar Pradesh,Mahoba
uttar pradesh,mahoba,2021,0.0,0.0,2.0,,1.0,4.0,,0.0,0.0,0.0,0.0,0.0,0.0,,0.0,0.0,0.0,0.0,0.0,0.0,,0.0,0.0,0.0,0.0,0.0,0.0,0.0,0.0,0.0,0.0,Uttar Pradesh,Mahoba
uttar pradesh,mahoba,2022,0.0,0.0,,0.0,4.0,6.0,1.0,0.0,0.0,0.0,0.0,0.0,0.0,0.0,0.0,,0.0,0.0,,0.0,0.0,0.0,,0.0,0.0,,0.0,0.0,0.0,0.0,0.0,Uttar Pradesh,Mahoba
uttar pradesh,mahrajganj,2018,0.0,0.0,18.0,0.0,1.0,0.0,0.0,0.0,0.0,0.0,0.0,0.0,0.0,0.0,,0.0,0.0,,0.0,0.0,0.0,0.0,0.0,0.0,0.0,0.0,0.0,0.0,,0.0,0.0,Uttar Pradesh,Mahrajganj
uttar pradesh,mahrajganj,2019,,,8.0,1.0,0.0,9.0,0.0,0.0,0.0,0.0,0.0,0.0,0.0,0.0,0.0,0.0,0.0,0.0,0.0,0.0,0.0,0.0,0.0,0.0,0.0,0.0,0.0,0.0,0.0,0.0,0.0,Uttar Pradesh,Mahrajganj
uttar pradesh,mahrajganj,2020,0.0,,5.0,2.0,0.0,4.0,1.0,0.0,0.0,0.0,0.0,0.0,0.0,2.0,0.0,,0.0,0.0,0.0,0.0,0.0,0.0,,0.0,0.0,0.0,0.0,0.0,,0.0,0.0,Uttar Pradesh,Mahrajganj
uttar pradesh,mahrajganj,2021,0.0,0.0,5.0,2.0,1.0,8.0,0.0,0.0,0.0,0.0,0.0,0.0,,0.0,,0.0,0.0,0.0,,0.0,0.0,0.0,0.0,,0.0,0.0,0.0,0.0,0.0,0.0,0.0,Uttar Pradesh,Mahrajganj
uttar pradesh,mahrajganj,2022,0.0,0.0,0.0,0.0,2.0,21.0,0.0,0.0,0.0,0.0,0.0,0.0,0.0,0.0,0.0,0.0,0.0,0.0,0.0,0.0,0.0,0.0,0.0,0.0,0.0,0.0,0.0,,0.0,0.0,0.0,Uttar Pradesh,Mahrajganj
uttar pradesh,mainpuri,2017,0.0,0.0,78.0,0.0,0.0,0.0,0.0,0.0,0.0,0.0,0.0,0.0,0.0,0.0,0.0,0.0,0.0,0.0,,0.0,0.0,0.0,0.0,0.0,0.0,0.0,0.0,0.0,,15.0,15.0,Uttar Pradesh,Mainpuri
uttar pradesh,mainpuri,2018,0.0,0.0,11.0,0.0,0.0,0.0,0.0,0.0,0.0,0.0,0.0,0.0,0.0,0.0,0.0,0.0,0.0,0.0,0.0,0.0,0.0,,0.0,0.0,0.0,0.0,0.0,0.0,0.0,0.0,1.0,Uttar Pradesh,Mainpuri
uttar pradesh,mainpuri,2019,0.0,0.0,0.0,0.0,0.0,0.0,0.0,0.0,0.0,,0.0,0.0,0.0,13.0,0.0,0.0,0.0,7.0,0.0,0.0,,3.0,0.0,,0.0,0.0,0.0,0.0,0.0,3.0,13.0,Uttar Pradesh,Mainpuri
uttar pradesh,mainpuri,2020,9.0,0.0,0.0,0.0,0.0,0.0,0.0,0.0,10.0,0.0,0.0,0.0,0.0,0.0,0.0,0.0,0.0,0.0,0.0,,0.0,0.0,0.0,0.0,0.0,0.0,0.0,0.0,0.0,0.0,,Uttar Pradesh,Mainpuri
uttar pradesh,mainpuri,2021,0.0,0.0,0.0,0.0,0.0,0.0,0.0,0.0,24.0,0.0,,0.0,,,0.0,0.0,0.0,0.0,0.0,0.0,0.0,0.0,0.0,0.0,0.0,0.0,0.0,0.0,0.0,0.0,0.0,Uttar Pradesh,Mainpuri
uttar pradesh,mathura,2017,1.0,0.0,21.0,0.0,0.0,4.0,0.0,0.0,0.0,0.0,0.0,0.0,0.0,0.0,0.0,0.0,0.0,,0.0,0.0,0.0,0.0,0.0,0.0,0.0,,0.0,0.0,0.0,0.0,0.0,Uttar Pradesh,Mathura
uttar pradesh,mathura,2018,0.0,21.0,0.0,0.0,0.0,0.0,0.0,0.0,0.0,0.0,0.0,0.0,0.0,1.0,0.0,0.0,0.0,,0.0,0.0,0.0,0.0,0.0,0.0,0.0,0.0,0.0,0.0,0.0,0.0,0.0,Uttar Pradesh,Mathura
uttar pradesh,mathura,2019,0.0,0.0,197.0,0.0,0.0,0.0,0.0,0.0,0.0,,0.0,0.0,0.0,0.0,,0.0,0.0,0.0,0.0,0.0,0.0,0.0,0.0,0.0,0.0,0.0,0.0,0.0,0.0,0.0,0.0,Uttar Pradesh,Mathura
uttar pradesh,mathura,2020,0.0,0.0,127.0,,0.0,0.0,0.0,0.0,0.0,0.0,,0.0,0.0,0.0,0.0,0.0,0.0,,0.0,0.0,0.0,0.0,0.0,0.0,0.0,0.0,0.0,,0.0,0.0,0.0,Uttar Pradesh,Mathura
uttar pradesh,mathura,2021,0.0,0.0,151.0,0.0,0.0,0.0,0.0,0.0,0.0,0.0,0.0,0.0,,0.0,0.0,0.0,0.0,0.0,0.0,0.0,0.0,,0.0,0.0,0.0,0.0,0.0,0.0,0.0,0.0,0.0,Uttar Pradesh,Mathura
uttar pradesh,mathura,2022,0.0,0.0,166.0,0.0,0.0,0.0,0.0,0.0,0.0,0.0,0.0,0.0,0.0,0.0,0.0,0.0,0.0,0.0,0.0,0.0,0.0,0.0,0.0,0.0,,,0.0,0.0,,0.0,0.0,Uttar Pradesh,Mathura
uttar pradesh,mau,2017,0.0,0.0,83.0,0.0,0.0,0.0,,0.0,0.0,0.0,0.0,0.0,0.0,0.0,0.0,0.0,0.0,0.0,0.0,0.0,0.0,0.0,0.0,,0.0,0.0,0.0,0.0,0.0,0.0,,Uttar Pradesh,Mau
uttar pradesh,mau,2018,0.0,0.0,0.0,0.0,0.0,15.0,0.0,,46.0,0.0,0.0,0.0,0.0,0.0,0.0,0.0,0.0,0.0,0.0,0.0,0.0,0.0,,0.0,0.0,0.0,0.0,0.0,0.0,0.0,0.0,Uttar Pradesh,Mau
uttar pradesh,mau,2019,0.0,0.0,18.0,0.0,0.0,1.0,0.0,0.0,0.0,0.0,0.0,0.0,0.0,0.0,0.0,0.0,0.0,0.0,0.0,0.0,0.0,0.0,0.0,,,0.0,0.0,0.0,0.0,0.0,,Uttar Pradesh,Mau
uttar pradesh,mau,2020,0.0,0.0,4.0,0.0,3.0,17.0,0.0,,0.0,0.0,0.0,0.0,0.0,0.0,0.0,0.0,0.0,3.0,1.0,0.0,0.0,11.0,0.0,0.0,0.0,0.0,0.0,,16.0,5.0,52.0,Uttar Pradesh,Mau
uttar pradesh,mau,2021,0.0,0.0,0.0,0.0,8.0,,0.0,0.0,0.0,0.0,0.0,0.0,0.0,0.0,0.0,0.0,0.0,8.0,0.0,0.0,0.0,,,0.0,,0.0,0.0,,0.0,0.0,8.0,Uttar Pradesh,Mau
uttar pradesh,mau,2022,0.0,0.0,0.0,0.0,14.0,,0.0,,0.0,0.0,0.0,0.0,0.0,0.0,0.0,0.0,0.0,0.0,0.0,,0.0,1.0,0.0,0.0,0.0,,0.0,0.0,0.0,0.0,1.0,Uttar Pradesh,Mau
uttar pradesh,meerut,2017,,0.0,0.0,0.0,0.0,0.0,,0.0,0.0,0.0,0.0,0.0,0.0,0.0,0.0,0.0,,,8.0,5.0,0.0,,0.0,0.0,0.0,0.0,0.0,,0.0,0.0,23.0,Uttar Pradesh,Meerut
uttar pradesh,meerut,2018,0.0,0.0,0.0,0.0,0.0,0.0,0.0,0.0,0.0,0.0,0.0,0.0,0.0,0.0,0.0,0.0,0.0,0.0,0.0,0.0,0.0,0.0,0.0,,0.0,0.0,0.0,0.0,0.0,0.0,,Uttar Pradesh,Meerut
uttar pradesh,meerut,2019,0.0,0.0,0.0,0.0,,0.0,0.0,0.0,0.0,0.0,0.0,0.0,0.0,0.0,,0.0,0.0,0.0,0.0,0.0,0.0,0.0,,0.0,0.0,0.0,0.0,0.0,0.0,0.0,0.0,Uttar Pradesh,Meerut
uttar pradesh,meerut,2020,,0.0,0.0,0.0,0.0,0.0,0.0,0.0,0.0,0.0,0.0,0.0,0.0,,0.0,,0.0,0.0,0.0,0.0,0.0,0.0,0.0,0.0,0.0,0.0,,0.0,0.0,0.0,0.0,Uttar Pradesh,Meerut
uttar pradesh,meerut,2021,0.0,0.0,0.0,0.0,0.0,,0.0,0.0,,0.0,0.0,0.0,0.0,0.0,0.0,0.0,0.0,0.0,0.0,0.0,0.0,0.0,0.0,,0.0,0.0,0.0,0.0,0.0,0.0,0.0,Uttar Pradesh,Meerut
uttar pradesh,meerut,2022,0.0,0.0,0.0,0.0,0.0,0.0,0.0,0.0,0.0,0.0,0.0,,0.0,,,0.0,0.0,0.0,0.0,0.0,,0.0,0.0,0.0,0.0,0.0,0.0,0.0,0.0,0.0,0.0,Uttar Pradesh,Meerut
uttar pradesh,mirzapur,2017,11.0,0.0,0.0,0.0,0.0,0.0,0.0,0.0,0.0,0.0,0.0,0.0,0.0,18.0,,0.0,0.0,0.0,0.0,0.0,0.0,0.0,0.0,0.0,0.0,0.0,0.0,0.0,,0.0,0.0,Uttar Pradesh,Mirzapur
uttar pradesh,mirzapur,2018,0.0,,0.0,0.0,,3.0,0.0,0.0,0.0,0.0,0.0,0.0,0.0,29.0,0.0,,0.0,3.0,5.0,0.0,0.0,0.0,0.0,0.0,0.0,0.0,,0.0,0.0,0.0,8.0,Uttar Pradesh,Mirzapur
uttar pradesh,mirzapur,2019,4.0,0.0,0.0,0.0,0.0,42.0,0.0,0.0,0.0,,0.0,0.0,0.0,11.0,,0.0,0.0,9.0,6.0,3.0,3.0,0.0,0.0,0.0,0.0,0.0,0.0,,,0.0,28.0,Uttar Pradesh,Mirzapur
uttar pradesh,mirzapur,2020,0.0,0.0,0.0,0.0,,,0.0,0.0,1.0,0.0,0.0,,0.0,0.0,0.0,,1.0,2.0,8.0,1.0,0.0,0.0,0.0,0.0,0.0,0.0,0.0,0.0,0.0,15.0,27.0,Uttar Pradesh,Mirzapur
uttar pradesh,mirzapur,2021,0.0,0.0,0.0,0.0,0.0,11.0,1.0,0.0,9.0,0.0,,0.0,0.0,9.0,0.0,0.0,,,0.0,0.0,0.0,0.0,0.0,0.0,,0.0,0.0,0.0,0.0,0.0,0.0,Uttar Pradesh,Mirzapur
uttar pradesh,mirzapur,2022,0.0,0.0,0.0,0.0,0.0,,0.0,0.0,26.0,0.0,0.0,0.0,0.0,12.0,0.0,0.0,0.0,0.0,0.0,,0.0,,0.0,0.0,0.0,0.0,0.0,0.0,0.0,0.0,0.0,Uttar Pradesh,Mirzapur
uttar pradesh,moradabad,2017,0.0,,10.0,,18.0,21.0,0.0,0.0,0.0,0.0,0.0,0.0,0.0,0.0,0.0,0.0,0.0,0.0,,0.0,0.0,0.0,0.0,0.0,0.0,0.0,0.0,0.0,0.0,0.0,0.0,Uttar Pradesh,Moradabad
uttar pradesh,moradabad,2018,,0.0,58.0,0.0,,0.0,,,,0.0,0.0,0.0,0.0,0.0,,0.0,6.0,8.0,14.0,0.0,0.0,5.0,0.0,0.0,7.0,0.0,0.0,0.0,,,58.0,Uttar Pradesh,Moradabad
uttar pradesh,moradabad,2019,1.0,0.0,8.0,1.0,,1.0,2.0,0.0,0.0,0.0,0.0,0.0,0.0,56.0,0.0,0.0,2.0,2.0,24.0,4.0,8.0,2.0,0.0,0.0,,3.0,0.0,5.0,3.0,3.0,56.0,Uttar Pradesh,Moradabad
uttar pradesh,moradabad,2020,0.0,0.0,77.0,0.0,26.0,47.0,0.0,0.0,0.0,0.0,0.0,0.0,0.0,,0.0,0.0,0.0,0.0,0.0,0.0,,0.0,0.0,0.0,0.0,0.0,,0.0,0.0,0.0,,Uttar Pradesh,Moradabad
uttar pradesh,moradabad,2021,0.0,0.0,4.0,1.0,3.0,24.0,6.0,0.0,0.0,0.0,0.0,0.0,0.0,0.0,0.0,0.0,0.0,0.0,2.0,1.0,,0.0,0.0,0.0,,0.0,0.0,2.0,,,7.0,Uttar Pradesh,Moradabad
uttar pradesh,moradabad,2022,,0.0,2.0,0.0,5.0,,5.0,0.0,,0.0,0.0,0.0,0.0,0.0,0.0,,0.0,0.0,0.0,3.0,0.0,0.0,0.0,0.0,0.0,0.0,0.0,2.0,0.0,0.0,5.0,Uttar Pradesh,Moradabad
uttar pradesh,muzaaffarnagar,2019,0.0,75.0,0.0,0.0,0.0,0.0,0.0,0.0,0.0,0.0,,0.0,0.0,0.0,0.0,0.0,0.0,0.0,0.0,0.0,0.0,0.0,0.0,0.0,0.0,0.0,,0.0,0.0,,0.0,Uttar Pradesh,Muzaaffarnagar
uttar pradesh,muzaffarnagar,2017,,24.0,0.0,0.0,0.0,0.0,0.0,0.0,0.0,0.0,0.0,,,0.0,0.0,,0.0,0.0,0.0,,,0.0,0.0,0.0,0.0,0.0,,0.0,0.0,0.0,0.0,Uttar Pradesh,Muzaffarnagar
uttar pradesh,muzaffarnagar,2018,0.0,46.0,0.0,0.0,0.0,0.0,0.0,0.0,0.0,0.0,0.0,0.0,0.0,0.0,0.0,0.0,0.0,0.0,0.0,0.0,,0.0,0.0,0.0,0.0,0.0,0.0,0.0,0.0,0.0,0.0,Uttar Pradesh,Muzaffarnagar
uttar pradesh,muzaffarnagar,2020,0.0,59.0,0.0,0.0,0.0,0.0,0.0,0.0,0.0,0.0,0.0,0.0,,0.0,14.0,0.0,0.0,0.0,,0.0,0.0,0.0,0.0,,0.0,0.0,0.0,0.0,0.0,,14.0,Uttar Pradesh,Muzaffarnagar
uttar pradesh,muzaffarnagar,2021,0.0,17.0,,0.0,0.0,0.0,0.0,,0.0,0.0,0.0,0.0,0.0,0.0,7.0,0.0,0.0,0.0,,4.0,0.0,0.0,0.0,0.0,0.0,0.0,0.0,0.0,,0.0,21.0,Uttar Pradesh,Muzaffarnagar
uttar pradesh,muzaffarnagar,2022,0.0,22.0,0.0,0.0,0.0,,0.0,0.0,0.0,0.0,0.0,0.0,0.0,0.0,14.0,0.0,0.0,6.0,8.0,3.0,0.0,0.0,0.0,0.0,0.0,0.0,0.0,0.0,0.0,0.0,31.0,Uttar Pradesh,Muzaffarnagar
uttar pradesh,pilibhit,2017,1.0,29.0,0.0,0.0,0.0,0.0,0.0,0.0,0.0,0.0,0.0,0.0,0.0,0.0,0.0,,0.0,0.0,0.0,,0.0,,0.0,0.0,0.0,0.0,0.0,3.0,0.0,0.0,3.0,Uttar Pradesh,Pilibhit
uttar pradesh,pilibhit,2018,0.0,22.0,0.0,,0.0,0.0,,0.0,,0.0,0.0,0.0,0.0,0.0,0.0,,0.0,0.0,0.0,0.0,0.0,0.0,0.0,0.0,0.0,0.0,,0.0,0.0,0.0,0.0,Uttar Pradesh,Pilibhit
uttar pradesh,pilibhit,2019,0.0,17.0,0.0,2.0,0.0,,0.0,0.0,0.0,0.0,0.0,0.0,0.0,0.0,0.0,0.0,0.0,0.0,0.0,0.0,,0.0,0.0,,0.0,0.0,0.0,0.0,0.0,,0.0,Uttar Pradesh,Pilibhit
uttar pradesh,pilibhit,2020,0.0,4.0,,2.0,1.0,5.0,0.0,0.0,0.0,0.0,0.0,0.0,0.0,0.0,0.0,0.0,0.0,0.0,0.0,0.0,0.0,0.0,0.0,0.0,0.0,0.0,0.0,0.0,0.0,0.0,0.0,Uttar Pradesh,Pilibhit
uttar pradesh,pilibhit,2021,0.0,6.0,,0.0,3.0,13.0,1.0,0.0,0.0,0.0,0.0,0.0,0.0,2.0,0.0,0.0,0.0,0.0,0.0,0.0,0.0,0.0,0.0,0.0,0.0,0.0,0.0,0.0,0.0,0.0,0.0,Uttar Pradesh,Pilibhit
uttar pradesh,pilibhit,2022,,38.0,0.0,0.0,1.0,19.0,1.0,0.0,0.0,0.0,0.0,0.0,0.0,0.0,,0.0,0.0,0.0,,0.0,0.0,0.0,0.0,0.0,0.0,0.0,0.0,0.0,0.0,0.0,0.0,Uttar Pradesh,Pilibhit
uttar pradesh,pratapgarh,2017,0.0,0.0,14.0,4.0,0.0,3.0,0.0,0.0,0.0,0.0,,,0.0,0.0,0.0,0.0,,0.0,0.0,0.0,0.0,0.0,0.0,0.0,0.0,,0.0,0.0,0.0,,0.0,Uttar Pradesh,Pratapgarh
uttar pradesh,pratapgarh,2018,0.0,0.0,21.0,0.0,0.0,0.0,0.0,0.0,0.0,,0.0,0.0,0.0,,0.0,0.0,0.0,0.0,0.0,0.0,0.0,0.0,0.0,0.0,0.0,0.0,0.0,0.0,0.0,0.0,0.0,Uttar Pradesh,Pratapgarh
uttar pradesh,pratapgarh,2019,0.0,0.0,0.0,0.0,0.0,,0.0,0.0,0.0,0.0,0.0,0.0,0.0,30.0,0.0,0.0,0.0,,0.0,0.0,0.0,0.0,0.0,0.0,,0.0,0.0,0.0,0.0,0.0,0.0,Uttar Pradesh,Pratapgarh
uttar pradesh,pratapgarh,2020,,0.0,0.0,0.0,0.0,0.0,0.0,0.0,0.0,0.0,0.0,0.0,0.0,0.0,0.0,0.0,0.0,125.0,,9.0,0.0,,0.0,0.0,,0.0,0.0,,0.0,0.0,134.0,Uttar Pradesh,Pratapgarh
uttar pradesh,pratapgarh,2021,0.0,0.0,0.0,0.0,0.0,,0.0,0.0,0.0,0.0,0.0,0.0,,19.0,0.0,0.0,0.0,41.0,0.0,0.0,0.0,0.0,0.0,0.0,0.0,0.0,0.0,0.0,,,,Uttar Pradesh,Pratapgarh
uttar pradesh,pratapgarh,2022,0.0,0.0,0.0,0.0,31.0,,0.0,0.0,0.0,0.0,0.0,0.0,0.0,0.0,0.0,0.0,0.0,0.0,0.0,,0.0,0.0,0.0,0.0,0.0,0.0,0.0,,0.0,0.0,0.0,Uttar Pradesh,Pratapgarh
uttar pradesh,prayagraj,2017,,0.0,255.0,,0.0,0.0,,0.0,0.0,0.0,0.0,0.0,0.0,0.0,0.0,0.0,0.0,0.0,0.0,0.0,0.0,0.0,0.0,0.0,,0.0,0.0,0.0,0.0,0.0,0.0,Uttar Pradesh,Prayagraj
uttar pradesh,prayagraj,2018,,0.0,384.0,0.0,0.0,0.0,0.0,,,,0.0,0.0,0.0,,0.0,0.0,0.0,0.0,0.0,0.0,0.0,0.0,0.0,0.0,0.0,0.0,0.0,0.0,0.0,0.0,0.0,Uttar Pradesh,Prayagraj
uttar pradesh,prayagraj,2019,0.0,,618.0,,0.0,0.0,0.0,0.0,0.0,0.0,0.0,0.0,0.0,,0.0,0.0,0.0,0.0,0.0,0.0,,0.0,0.0,0.0,0.0,0.0,0.0,0.0,0.0,0.0,0.0,Uttar Pradesh,Prayagraj
uttar pradesh,prayagraj,2020,0.0,0.0,1087.0,0.0,,0.0,0.0,0.0,0.0,0.0,0.0,0.0,0.0,0.0,0.0,0.0,0.0,0.0,0.0,0.0,0.0,0.0,0.0,0.0,0.0,,0.0,,0.0,0.0,0.0,Uttar Pradesh,Prayagraj
uttar pradesh,prayagraj,2021,0.0,0.0,1062.0,0.0,0.0,0.0,0.0,0.0,0.0,0.0,0.0,0.0,0.0,,0.0,0.0,0.0,0.0,0.0,0.0,,0.0,0.0,0.0,0.0,0.0,0.0,0.0,,0.0,,Uttar Pradesh,Prayagraj
uttar pradesh,prayagraj,2022,0.0,0.0,871.0,,0.0,0.0,0.0,,0.0,0.0,0.0,,0.0,0.0,0.0,0.0,0.0,0.0,0.0,0.0,,,,0.0,0.0,0.0,0.0,0.0,0.0,0.0,0.0,Uttar Pradesh,Prayagraj
uttar pradesh,rae bareli,2017,0.0,0.0,,0.0,0.0,0.0,,0.0,0.0,0.0,0.0,0.0,,0.0,,,0.0,0.0,0.0,0.0,0.0,0.0,0.0,0.0,0.0,0.0,0.0,0.0,0.0,0.0,0.0,Uttar Pradesh,Rae Bareli
uttar pradesh,rae bareli,2018,0.0,0.0,37.0,0.0,0.0,0.0,0.0,0.0,0.0,0.0,,0.0,0.0,0.0,0.0,0.0,0.0,0.0,0.0,0.0,0.0,0.0,0.0,,,0.0,0.0,,0.0,0.0,0.0,Uttar Pradesh,Rae Bareli
uttar pradesh,rae bareli,2019,0.0,0.0,78.0,0.0,0.0,0.0,0.0,0.0,0.0,0.0,0.0,0.0,0.0,0.0,0.0,0.0,0.0,0.0,0.0,0.0,0.0,0.0,0.0,0.0,0.0,0.0,0.0,0.0,0.0,0.0,0.0,Uttar Pradesh,Rae Bareli
uttar pradesh,rae bareli,2020,0.0,0.0,112.0,,0.0,0.0,0.0,0.0,0.0,0.0,0.0,0.0,0.0,0.0,0.0,0.0,,0.0,,0.0,0.0,0.0,0.0,0.0,,0.0,0.0,0.0,0.0,0.0,0.0,Uttar Pradesh,Rae Bareli
uttar pradesh,rae bareli,2021,0.0,0.0,91.0,0.0,0.0,0.0,0.0,0.0,0.0,0.0,0.0,0.0,0.0,0.0,0.0,0.0,,0.0,0.0,0.0,0.0,0.0,0.0,0.0,0.0,,0.0,0.0,0.0,0.0,0.0,Uttar Pradesh,Rae Bareli
uttar pradesh,rae bareli,2022,0.0,0.0,101.0,0.0,,0.0,0.0,0.0,0.0,0.0,0.0,0.0,0.0,,0.0,0.0,0.0,0.0,0.0,0.0,0.0,0.0,,0.0,0.0,0.0,,0.0,0.0,0.0,0.0,Uttar Pradesh,Rae Bareli
uttar pradesh,rampur,2017,0.0,,7.0,0.0,0.0,12.0,,0.0,0.0,,0.0,0.0,0.0,0.0,,0.0,0.0,0.0,0.0,0.0,0.0,0.0,0.0,0.0,0.0,0.0,,0.0,0.0,0.0,0.0,Uttar Pradesh,Rampur
uttar pradesh,rampur,2018,0.0,0.0,5.0,0.0,,4.0,0.0,0.0,0.0,0.0,0.0,0.0,0.0,0.0,0.0,0.0,0.0,0.0,0.0,0.0,0.0,0.0,0.0,0.0,0.0,0.0,0.0,0.0,0.0,0.0,0.0,Uttar Pradesh,Rampur
uttar pradesh,rampur,2019,1.0,0.0,0.0,0.0,0.0,1.0,0.0,0.0,0.0,0.0,0.0,,0.0,63.0,0.0,0.0,0.0,,3.0,0.0,,,0.0,0.0,0.0,0.0,0.0,7.0,13.0,35.0,62.0,Uttar Pradesh,Rampur
uttar pradesh,rampur,2020,,0.0,8.0,0.0,1.0,4.0,0.0,0.0,0.0,0.0,0.0,0.0,0.0,0.0,0.0,0.0,,0.0,0.0,0.0,0.0,0.0,0.0,0.0,,0.0,,0.0,22.0,,,Uttar Pradesh,Rampur
uttar pradesh,rampur,2021,0.0,0.0,2.0,0.0,0.0,7.0,,0.0,0.0,0.0,0.0,0.0,0.0,,0.0,0.0,0.0,0.0,0.0,0.0,0.0,,0.0,0.0,0.0,0.0,,,0.0,0.0,0.0,Uttar Pradesh,Rampur
uttar pradesh,rampur,2022,0.0,0.0,5.0,0.0,0.0,,0.0,0.0,0.0,0.0,0.0,0.0,0.0,0.0,,0.0,0.0,0.0,0.0,0.0,0.0,0.0,0.0,,0.0,0.0,0.0,0.0,4.0,1.0,,Uttar Pradesh,Rampur
uttar pradesh,saharanpur,2017,0.0,0.0,20.0,18.0,10.0,,0.0,0.0,0.0,0.0,0.0,0.0,0.0,0.0,0.0,0.0,,0.0,0.0,0.0,0.0,0.0,0.0,0.0,0.0,0.0,0.0,0.0,0.0,0.0,0.0,Uttar Pradesh,Saharanpur
uttar pradesh,saharanpur,2018,0.0,,9.0,18.0,5.0,,0.0,0.0,0.0,0.0,0.0,0.0,0.0,8.0,0.0,0.0,,0.0,0.0,0.0,,0.0,0.0,0.0,0.0,,0.0,0.0,0.0,0.0,6.0,Uttar Pradesh,Saharanpur
uttar pradesh,saharanpur,2019,0.0,0.0,,2.0,,16.0,4.0,,0.0,0.0,0.0,0.0,0.0,2.0,,0.0,0.0,0.0,0.0,0.0,0.0,0.0,0.0,0.0,0.0,0.0,0.0,0.0,0.0,0.0,0.0,Uttar Pradesh,Saharanpur
uttar pradesh,saharanpur,2020,0.0,0.0,13.0,0.0,4.0,17.0,2.0,,0.0,,,0.0,0.0,0.0,0.0,0.0,0.0,0.0,0.0,0.0,0.0,,0.0,0.0,0.0,0.0,0.0,0.0,0.0,,2.0,Uttar Pradesh,Saharanpur
uttar pradesh,saharanpur,2021,0.0,0.0,8.0,0.0,2.0,14.0,1.0,0.0,0.0,,0.0,0.0,0.0,0.0,,0.0,0.0,0.0,0.0,0.0,0.0,0.0,0.0,0.0,,0.0,0.0,0.0,0.0,0.0,0.0,Uttar Pradesh,Saharanpur
uttar pradesh,saharanpur,2022,0.0,0.0,11.0,,,17.0,2.0,0.0,0.0,0.0,0.0,0.0,0.0,0.0,0.0,0.0,0.0,0.0,0.0,0.0,,0.0,0.0,0.0,0.0,0.0,0.0,0.0,0.0,0.0,,Uttar Pradesh,Saharanpur
uttar pradesh,sambhal,2017,0.0,8.0,2.0,0.0,,,0.0,0.0,0.0,0.0,0.0,0.0,,,0.0,0.0,0.0,5.0,0.0,0.0,3.0,,0.0,0.0,0.0,0.0,0.0,5.0,1.0,,17.0,Uttar Pradesh,Sambhal
uttar pradesh,sambhal,2018,,1.0,25.0,0.0,0.0,1.0,,0.0,0.0,0.0,0.0,0.0,0.0,,0.0,0.0,0.0,1.0,2.0,0.0,3.0,0.0,0.0,0.0,0.0,0.0,0.0,2.0,0.0,0.0,8.0,Uttar Pradesh,Sambhal
uttar pradesh,sambhal,2019,0.0,0.0,,1.0,0.0,1.0,0.0,0.0,,0.0,0.0,0.0,0.0,39.0,0.0,0.0,0.0,1.0,,0.0,1.0,0.0,0.0,0.0,,0.0,0.0,16.0,6.0,11.0,36.0,Uttar Pradesh,Sambhal
uttar pradesh,sambhal,2020,0.0,0.0,3.0,0.0,0.0,3.0,1.0,0.0,0.0,,0.0,0.0,0.0,6.0,0.0,0.0,1.0,1.0,3.0,0.0,5.0,0.0,0.0,0.0,0.0,0.0,0.0,2.0,,7.0,26.0,Uttar Pradesh,Sambhal
uttar pradesh,sambhal,2021,0.0,0.0,5.0,0.0,0.0,2.0,0.0,0.0,0.0,0.0,0.0,0.0,0.0,0.0,0.0,0.0,2.0,0.0,10.0,1.0,4.0,,0.0,0.0,0.0,0.0,0.0,1.0,2.0,0.0,,Uttar Pradesh,Sambhal
uttar pradesh,sambhal,2022,,0.0,2.0,,0.0,5.0,0.0,,0.0,0.0,0.0,0.0,0.0,0.0,0.0,0.0,1.0,1.0,12.0,2.0,4.0,0.0,0.0,,1.0,0.0,0.0,7.0,1.0,0.0,29.0,Uttar Pradesh,Sambhal
uttar pradesh,sant kabir nagar,2017,0.0,0.0,0.0,0.0,,0.0,0.0,0.0,0.0,0.0,0.0,0.0,0.0,22.0,0.0,0.0,,0.0,0.0,0.0,0.0,0.0,0.0,0.0,0.0,0.0,0.0,,0.0,0.0,0.0,Uttar Pradesh,Sant Kabir Nagar
uttar pradesh,sant kabir nagar,2018,0.0,0.0,0.0,0.0,0.0,0.0,0.0,0.0,0.0,0.0,0.0,0.0,,28.0,0.0,0.0,,0.0,,0.0,0.0,0.0,0.0,0.0,0.0,0.0,0.0,0.0,0.0,0.0,0.0,Uttar Pradesh,Sant Kabir Nagar
uttar pradesh,sant kabir nagar,2019,0.0,0.0,0.0,0.0,0.0,0.0,0.0,0.0,0.0,0.0,0.0,0.0,0.0,29.0,0.0,,0.0,0.0,0.0,0.0,0.0,0.0,0.0,0.0,,0.0,,0.0,0.0,,0.0,Uttar Pradesh,Sant Kabir Nagar
uttar pradesh,sant kabir nagar,2020,,0.0,0.0,0.0,0.0,0.0,,0.0,0.0,0.0,0.0,0.0,0.0,48.0,,0.0,0.0,,0.0,0.0,0.0,0.0,0.0,0.0,0.0,0.0,0.0,0.0,0.0,0.0,,Uttar Pradesh,Sant Kabir Nagar
uttar pradesh,sant kabir nagar,2021,0.0,0.0,,0.0,0.0,0.0,0.0,0.0,0.0,0.0,0.0,,0.0,25.0,0.0,0.0,,0.0,0.0,0.0,,,0.0,0.0,0.0,0.0,0.0,0.0,0.0,,,Uttar Pradesh,Sant Kabir Nagar
uttar pradesh,sant kabir nagar,2022,0.0,0.0,0.0,0.0,0.0,12.0,0.0,0.0,0.0,,0.0,0.0,0.0,,0.0,0.0,0.0,0.0,0.0,,0.0,0.0,0.0,0.0,0.0,0.0,0.0,0.0,0.0,0.0,0.0,Uttar Pradesh,Sant Kabir Nagar
uttar pradesh,shahjahanpur,2017,0.0,0.0,14.0,0.0,0.0,0.0,0.0,0.0,26.0,0.0,0.0,0.0,0.0,0.0,0.0,0.0,0.0,0.0,0.0,0.0,0.0,0.0,0.0,,,0.0,0.0,0.0,0.0,0.0,0.0,Uttar Pradesh,Shahjahanpur
uttar pradesh,shahjahanpur,2018,0.0,0.0,43.0,0.0,0.0,0.0,0.0,0.0,0.0,0.0,0.0,0.0,,0.0,,0.0,0.0,0.0,0.0,0.0,0.0,0.0,0.0,0.0,0.0,0.0,0.0,0.0,0.0,0.0,0.0,Uttar Pradesh,Shahjahanpur
uttar pradesh,shahjahanpur,2019,0.0,0.0,29.0,0.0,0.0,0.0,0.0,0.0,46.0,0.0,0.0,0.0,0.0,0.0,0.0,0.0,0.0,,0.0,0.0,0.0,0.0,0.0,,0.0,0.0,0.0,0.0,0.0,0.0,0.0,Uttar Pradesh,Shahjahanpur
uttar pradesh,shahjahanpur,2020,0.0,0.0,5.0,0.0,,18.0,0.0,0.0,10.0,0.0,,0.0,0.0,0.0,0.0,0.0,0.0,0.0,0.0,0.0,,,0.0,0.0,0.0,,0.0,0.0,0.0,0.0,0.0,Uttar Pradesh,Shahjahanpur
uttar pradesh,shahjahanpur,2021,0.0,0.0,6.0,,0.0,16.0,0.0,0.0,20.0,0.0,0.0,0.0,0.0,,0.0,0.0,0.0,0.0,0.0,0.0,0.0,0.0,0.0,0.0,0.0,0.0,0.0,0.0,0.0,0.0,0.0,Uttar Pradesh,Shahjahanpur
uttar pradesh,shahjahanpur,2022,0.0,,1.0,0.0,0.0,30.0,0.0,0.0,0.0,0.0,0.0,0.0,0.0,2.0,0.0,0.0,0.0,0.0,0.0,0.0,0.0,0.0,,0.0,0.0,0.0,0.0,0.0,0.0,0.0,0.0,Uttar Pradesh,Shahjahanpur
uttar pradesh,shamli,2017,0.0,0.0,0.0,0.0,,0.0,0.0,0.0,0.0,0.0,,0.0,0.0,14.0,0.0,0.0,0.0,,0.0,0.0,,0.0,0.0,0.0,0.0,0.0,0.0,0.0,0.0,0.0,,Uttar Pradesh,Shamli
uttar pradesh,shamli,2018,0.0,0.0,0.0,,3.0,0.0,3.0,,0.0,0.0,0.0,0.0,0.0,9.0,0.0,0.0,0.0,,0.0,0.0,,0.0,0.0,,0.0,0.0,0.0,0.0,0.0,0.0,0.0,Uttar Pradesh,Shamli
uttar pradesh,shamli,2019,0.0,0.0,0.0,0.0,10.0,8.0,0.0,0.0,0.0,0.0,0.0,0.0,0.0,5.0,0.0,0.0,0.0,0.0,0.0,0.0,0.0,0.0,,0.0,0.0,0.0,0.0,0.0,0.0,0.0,0.0,Uttar Pradesh,Shamli
uttar pradesh,shamli,2020,0.0,0.0,0.0,0.0,3.0,,0.0,0.0,0.0,0.0,0.0,0.0,,0.0,0.0,0.0,0.0,0.0,0.0,0.0,0.0,,0.0,0.0,0.0,0.0,0.0,0.0,,0.0,0.0,Uttar Pradesh,Shamli
uttar pradesh,shamli,2021,0.0,0.0,,0.0,2.0,57.0,0.0,,0.0,0.0,0.0,0.0,0.0,0.0,0.0,,0.0,0.0,0.0,,,0.0,0.0,,0.0,0.0,0.0,0.0,,0.0,0.0,Uttar Pradesh,Shamli
uttar pradesh,shrawasti,2017,0.0,0.0,0.0,0.0,0.0,0.0,0.0,0.0,0.0,0.0,0.0,0.0,0.0,,,0.0,0.0,0.0,0.0,0.0,,,0.0,0.0,0.0,0.0,0.0,0.0,0.0,0.0,9.0,Uttar Pradesh,Shrawasti
uttar pradesh,shrawasti,2019,0.0,0.0,9.0,2.0,0.0,,0.0,0.0,0.0,0.0,0.0,0.0,,0.0,0.0,0.0,0.0,0.0,,0.0,0.0,0.0,0.0,0.0,0.0,0.0,0.0,0.0,0.0,0.0,0.0,Uttar Pradesh,Shrawasti
uttar pradesh,shrawasti,2020,0.0,,6.0,,1.0,2.0,0.0,0.0,0.0,0.0,0.0,0.0,0.0,0.0,0.0,0.0,0.0,0.0,0.0,0.0,0.0,0.0,0.0,0.0,0.0,0.0,0.0,0.0,0.0,0.0,0.0,Uttar Pradesh,Shrawasti
uttar pradesh,shrawasti,2021,0.0,0.0,3.0,,2.0,,,0.0,0.0,0.0,0.0,0.0,0.0,4.0,0.0,,0.0,0.0,,0.0,0.0,0.0,0.0,0.0,0.0,0.0,0.0,0.0,0.0,0.0,,Uttar Pradesh,Shrawasti
uttar pradesh,shrawasti,2022,0.0,0.0,3.0,0.0,5.0,,,0.0,0.0,0.0,0.0,0.0,0.0,0.0,0.0,0.0,0.0,0.0,0.0,0.0,,0.0,0.0,0.0,,0.0,0.0,0.0,0.0,0.0,0.0,Uttar Pradesh,Shrawasti
uttar pradesh,siddharthnagar,2017,0.0,0.0,0.0,,0.0,0.0,0.0,,,0.0,0.0,,0.0,39.0,0.0,0.0,0.0,0.0,0.0,0.0,0.0,0.0,0.0,0.0,0.0,0.0,0.0,0.0,0.0,0.0,0.0,Uttar Pradesh,Siddharthnagar
uttar pradesh,siddharthnagar,2018,0.0,0.0,0.0,0.0,,0.0,0.0,0.0,0.0,0.0,0.0,0.0,0.0,40.0,0.0,,0.0,0.0,0.0,0.0,0.0,0.0,0.0,0.0,0.0,0.0,0.0,0.0,0.0,0.0,0.0,Uttar Pradesh,Siddharthnagar
uttar pradesh,siddharthnagar,2019,0.0,0.0,0.0,0.0,0.0,,0.0,0.0,0.0,0.0,0.0,0.0,0.0,32.0,0.0,0.0,0.0,,0.0,0.0,,0.0,0.0,0.0,0.0,,0.0,,0.0,0.0,,Uttar Pradesh,Siddharthnagar
uttar pradesh,siddharthnagar,2020,0.0,,0.0,0.0,0.0,0.0,0.0,0.0,0.0,0.0,0.0,0.0,0.0,28.0,,0.0,,0.0,0.0,0.0,0.0,0.0,0.0,0.0,0.0,0.0,0.0,0.0,0.0,,0.0,Uttar Pradesh,Siddharthnagar
uttar pradesh,siddharthnagar,2021,0.0,0.0,,0.0,0.0,0.0,0.0,,0.0,0.0,0.0,,0.0,23.0,0.0,0.0,0.0,0.0,0.0,0.0,0.0,0.0,0.0,0.0,0.0,0.0,0.0,0.0,0.0,0.0,0.0,Uttar Pradesh,Siddharthnagar
uttar pradesh,siddharthnagar,2022,0.0,0.0,0.0,0.0,0.0,0.0,0.0,0.0,0.0,0.0,0.0,0.0,0.0,76.0,,0.0,0.0,0.0,0.0,0.0,0.0,0.0,0.0,0.0,0.0,0.0,0.0,0.0,0.0,0.0,0.0,Uttar Pradesh,Siddharthnagar
uttar pradesh,sitapur,2017,1.0,0.0,8.0,0.0,2.0,0.0,0.0,0.0,,0.0,0.0,0.0,0.0,2.0,0.0,0.0,0.0,0.0,0.0,0.0,0.0,0.0,0.0,0.0,0.0,0.0,0.0,0.0,0.0,0.0,0.0,Uttar Pradesh,Sitapur
uttar pradesh,sitapur,2018,0.0,0.0,0.0,0.0,0.0,0.0,0.0,0.0,11.0,0.0,0.0,0.0,,,0.0,0.0,0.0,0.0,,0.0,0.0,,0.0,0.0,,0.0,0.0,0.0,,0.0,0.0,Uttar Pradesh,Sitapur
uttar pradesh,sitapur,2019,0.0,0.0,0.0,0.0,0.0,0.0,0.0,0.0,,0.0,0.0,0.0,0.0,0.0,0.0,0.0,0.0,0.0,0.0,0.0,0.0,0.0,0.0,,0.0,0.0,0.0,0.0,0.0,,0.0,Uttar Pradesh,Sitapur
uttar pradesh,sitapur,2020,0.0,0.0,0.0,0.0,0.0,0.0,0.0,0.0,52.0,0.0,0.0,0.0,0.0,0.0,0.0,0.0,0.0,0.0,0.0,0.0,0.0,0.0,0.0,0.0,0.0,0.0,,0.0,0.0,0.0,0.0,Uttar Pradesh,Sitapur
uttar pradesh,sitapur,2021,0.0,0.0,,0.0,0.0,0.0,0.0,0.0,27.0,0.0,0.0,0.0,,0.0,0.0,0.0,0.0,0.0,0.0,0.0,0.0,0.0,0.0,,0.0,0.0,0.0,0.0,0.0,0.0,0.0,Uttar Pradesh,Sitapur
uttar pradesh,sitapur,2022,0.0,0.0,0.0,0.0,0.0,0.0,,0.0,58.0,0.0,0.0,0.0,0.0,0.0,0.0,0.0,0.0,0.0,0.0,0.0,0.0,0.0,0.0,0.0,,,0.0,0.0,0.0,,0.0,Uttar Pradesh,Sitapur
uttar pradesh,sonbhadra,2017,0.0,,0.0,0.0,0.0,0.0,0.0,0.0,0.0,0.0,0.0,0.0,0.0,0.0,0.0,0.0,0.0,0.0,0.0,,0.0,0.0,0.0,0.0,0.0,0.0,0.0,0.0,0.0,0.0,0.0,Uttar Pradesh,Sonbhadra
uttar pradesh,sonbhadra,2018,0.0,0.0,0.0,0.0,0.0,0.0,0.0,,0.0,0.0,0.0,,0.0,0.0,0.0,0.0,0.0,0.0,,0.0,0.0,0.0,0.0,0.0,0.0,0.0,0.0,0.0,0.0,0.0,0.0,Uttar Pradesh,Sonbhadra
uttar pradesh,sonbhadra,2019,0.0,0.0,,0.0,6.0,25.0,0.0,0.0,0.0,0.0,1.0,0.0,0.0,,0.0,0.0,,0.0,0.0,0.0,0.0,15.0,1.0,0.0,0.0,0.0,0.0,0.0,0.0,3.0,19.0,Uttar Pradesh,Sonbhadra
uttar pradesh,sonbhadra,2020,0.0,,49.0,0.0,0.0,0.0,0.0,0.0,,0.0,,0.0,0.0,0.0,0.0,,0.0,0.0,0.0,0.0,0.0,0.0,0.0,,0.0,0.0,0.0,,0.0,0.0,0.0,Uttar Pradesh,Sonbhadra
uttar pradesh,sonbhadra,2021,0.0,0.0,28.0,0.0,0.0,0.0,0.0,,0.0,0.0,0.0,0.0,0.0,0.0,0.0,0.0,0.0,0.0,0.0,0.0,0.0,0.0,0.0,0.0,0.0,0.0,,,0.0,0.0,,Uttar Pradesh,Sonbhadra
uttar pradesh,sonbhadra,2022,0.0,0.0,60.0,0.0,0.0,0.0,0.0,0.0,0.0,0.0,0.0,,0.0,0.0,0.0,0.0,0.0,0.0,0.0,0.0,0.0,,0.0,0.0,0.0,0.0,0.0,0.0,0.0,0.0,0.0,Uttar Pradesh,Sonbhadra
uttar pradesh,sultanpur,2017,0.0,0.0,59.0,0.0,0.0,,0.0,,0.0,0.0,0.0,0.0,,0.0,0.0,,0.0,8.0,4.0,0.0,0.0,0.0,0.0,0.0,0.0,0.0,,0.0,,,12.0,Uttar Pradesh,Sultanpur
uttar pradesh,sultanpur,2018,0.0,0.0,46.0,0.0,0.0,0.0,0.0,,,0.0,0.0,0.0,0.0,0.0,0.0,0.0,0.0,0.0,0.0,0.0,0.0,0.0,0.0,0.0,0.0,0.0,0.0,0.0,0.0,0.0,0.0,Uttar Pradesh,Sultanpur
uttar pradesh,sultanpur,2019,0.0,0.0,33.0,3.0,,9.0,1.0,0.0,0.0,0.0,0.0,0.0,0.0,0.0,2.0,0.0,0.0,10.0,7.0,0.0,0.0,0.0,0.0,0.0,0.0,0.0,,0.0,0.0,0.0,19.0,Uttar Pradesh,Sultanpur
uttar pradesh,sultanpur,2020,0.0,0.0,28.0,0.0,2.0,18.0,4.0,0.0,,,0.0,0.0,0.0,,1.0,0.0,0.0,,0.0,0.0,0.0,0.0,0.0,0.0,0.0,0.0,0.0,0.0,0.0,0.0,1.0,Uttar Pradesh,Sultanpur
uttar pradesh,sultanpur,2021,0.0,0.0,13.0,,0.0,55.0,2.0,0.0,2.0,0.0,0.0,0.0,0.0,,0.0,0.0,0.0,0.0,0.0,0.0,0.0,0.0,0.0,0.0,0.0,0.0,0.0,2.0,,0.0,,Uttar Pradesh,Sultanpur
uttar pradesh,unnao,2017,1.0,,28.0,0.0,2.0,1.0,0.0,0.0,0.0,0.0,0.0,0.0,0.0,,0.0,0.0,0.0,,0.0,0.0,0.0,0.0,0.0,,0.0,0.0,,0.0,0.0,0.0,0.0,Uttar Pradesh,Unnao
uttar pradesh,unnao,2018,0.0,0.0,45.0,,1.0,0.0,1.0,0.0,,0.0,,0.0,0.0,0.0,0.0,0.0,0.0,0.0,,0.0,0.0,0.0,0.0,0.0,,0.0,0.0,0.0,,,,Uttar Pradesh,Unnao
uttar pradesh,unnao,2019,,0.0,22.0,0.0,0.0,6.0,0.0,0.0,0.0,0.0,0.0,,0.0,,0.0,0.0,0.0,3.0,3.0,0.0,2.0,0.0,,0.0,0.0,0.0,0.0,4.0,2.0,3.0,,Uttar Pradesh,Unnao
uttar pradesh,unnao,2020,0.0,0.0,19.0,0.0,1.0,17.0,0.0,0.0,2.0,0.0,0.0,0.0,0.0,0.0,0.0,0.0,0.0,0.0,0.0,,0.0,,,0.0,0.0,,0.0,0.0,0.0,0.0,0.0,Uttar Pradesh,Unnao
uttar pradesh,unnao,2021,,0.0,,0.0,1.0,23.0,1.0,0.0,0.0,0.0,0.0,,0.0,0.0,,0.0,0.0,0.0,0.0,0.0,0.0,0.0,0.0,0.0,0.0,0.0,0.0,0.0,0.0,0.0,0.0,Uttar Pradesh,Unnao
uttar pradesh,unnao,2022,0.0,0.0,14.0,0.0,,6.0,0.0,0.0,0.0,,0.0,0.0,0.0,0.0,0.0,0.0,0.0,0.0,3.0,0.0,0.0,0.0,,0.0,0.0,0.0,0.0,0.0,0.0,0.0,3.0,Uttar Pradesh,Unnao
uttar pradesh,varanasi,2017,10.0,7.0,10.0,8.0,18.0,20.0,11.0,0.0,0.0,0.0,0.0,0.0,,0.0,0.0,16.0,22.0,92.0,33.0,11.0,,,1.0,0.0,0.0,0.0,0.0,14.0,1.0,0.0,206.0,Uttar Pradesh,Varanasi
uttar pradesh,varanasi,2018,16.0,175.0,43.0,2.0,2.0,8.0,7.0,0.0,10.0,5.0,0.0,0.0,0.0,1.0,0.0,0.0,9.0,,21.0,12.0,41.0,0.0,0.0,0.0,0.0,0.0,0.0,,,0.0,175.0,Uttar Pradesh,Varanasi
uttar pradesh,varanasi,2019,0.0,6.0,82.0,,3.0,27.0,5.0,,18.0,7.0,0.0,0.0,0.0,283.0,,0.0,19.0,103.0,62.0,26.0,,0.0,,0.0,0.0,0.0,0.0,0.0,0.0,0.0,278.0,Uttar Pradesh,Varanasi
uttar pradesh,varanasi,2020,0.0,6.0,35.0,7.0,4.0,116.0,4.0,,19.0,0.0,0.0,0.0,0.0,9.0,,0.0,21.0,41.0,131.0,,54.0,0.0,,,0.0,0.0,0.0,0.0,0.0,0.0,280.0,Uttar Pradesh,Varanasi
uttar pradesh,varanasi,2021,0.0,185.0,2.0,,38.0,12.0,14.0,0.0,0.0,0.0,0.0,0.0,0.0,0.0,0.0,0.0,0.0,0.0,0.0,0.0,0.0,0.0,0.0,0.0,0.0,0.0,0.0,0.0,5.0,175.0,180.0,Uttar Pradesh,Varanasi
uttar pradesh,varanasi,2022,0.0,246.0,2.0,1.0,27.0,0.0,8.0,0.0,0.0,,0.0,0.0,0.0,0.0,0.0,0.0,0.0,0.0,0.0,0.0,0.0,0.0,0.0,0.0,0.0,0.0,0.0,0.0,8.0,,8.0,Uttar Pradesh,Varanasi
uttarakhand,almora,2017,0.0,0.0,1.0,0.0,0.0,0.0,0.0,0.0,0.0,0.0,,0.0,0.0,0.0,0.0,0.0,0.0,0.0,0.0,0.0,0.0,0.0,0.0,0.0,0.0,0.0,0.0,0.0,0.0,0.0,0.0,Uttarakhand,Almora
uttarakhand,almora,2018,0.0,1.0,0.0,0.0,5.0,1.0,0.0,0.0,0.0,,0.0,0.0,0.0,0.0,0.0,0.0,,0.0,0.0,0.0,,0.0,0.0,0.0,0.0,0.0,0.0,0.0,0.0,0.0,0.0,Uttarakhand,Almora
uttarakhand,almora,2020,0.0,0.0,0.0,0.0,,1.0,0.0,0.0,0.0,0.0,0.0,0.0,0.0,0.0,0.0,0.0,0.0,0.0,0.0,0.0,1.0,,0.0,,0.0,,0.0,0.0,0.0,0.0,1.0,Uttarakhand,Almora
uttarakhand,almora,2021,0.0,0.0,0.0,0.0,0.0,,0.0,0.0,0.0,0.0,0.0,0.0,0.0,0.0,0.0,0.0,0.0,0.0,0.0,0.0,0.0,0.0,0.0,0.0,0.0,0.0,0.0,0.0,0.0,0.0,0.0,Uttarakhand,Almora
uttarakhand,almora,2022,0.0,0.0,0.0,0.0,,11.0,0.0,0.0,0.0,0.0,,0.0,0.0,0.0,1.0,0.0,0.0,0.0,0.0,0.0,0.0,0.0,0.0,0.0,0.0,0.0,0.0,0.0,0.0,0.0,1.0,Uttarakhand,Almora
uttarakhand,bageshwar,2017,0.0,0.0,1.0,0.0,0.0,,0.0,0.0,0.0,0.0,0.0,0.0,0.0,0.0,0.0,0.0,0.0,0.0,0.0,0.0,0.0,0.0,0.0,0.0,0.0,0.0,0.0,,0.0,0.0,0.0,Uttarakhand,Bageshwar
uttarakhand,bageshwar,2018,0.0,0.0,0.0,0.0,0.0,0.0,0.0,0.0,0.0,0.0,0.0,,0.0,0.0,0.0,0.0,,,,0.0,0.0,0.0,0.0,0.0,,0.0,0.0,0.0,0.0,0.0,0.0,Uttarakhand,Bageshwar
uttarakhand,bageshwar,2019,0.0,,0.0,0.0,0.0,,0.0,0.0,0.0,0.0,0.0,0.0,0.0,0.0,0.0,0.0,0.0,0.0,0.0,0.0,0.0,0.0,0.0,0.0,0.0,0.0,0.0,0.0,0.0,0.0,0.0,Uttarakhand,Bageshwar
uttarakhand,bageshwar,2020,0.0,0.0,,0.0,0.0,0.0,,0.0,,0.0,0.0,,0.0,0.0,0.0,,0.0,0.0,0.0,0.0,0.0,0.0,,0.0,,0.0,0.0,0.0,0.0,0.0,0.0,Uttarakhand,Bageshwar
uttarakhand,bageshwar,2021,0.0,0.0,0.0,0.0,0.0,0.0,0.0,0.0,0.0,0.0,0.0,0.0,0.0,0.0,0.0,0.0,,0.0,0.0,0.0,0.0,0.0,0.0,0.0,0.0,0.0,0.0,0.0,0.0,0.0,0.0,Uttarakhand,Bageshwar
uttarakhand,bageshwar,2022,0.0,0.0,0.0,0.0,1.0,0.0,0.0,0.0,0.0,0.0,0.0,0.0,0.0,0.0,0.0,0.0,0.0,,1.0,0.0,0.0,0.0,0.0,0.0,,,0.0,0.0,0.0,0.0,1.0,Uttarakhand,Bageshwar
uttarakhand,chamoli,2017,1.0,2.0,0.0,,0.0,1.0,,0.0,,0.0,0.0,0.0,,0.0,0.0,0.0,0.0,0.0,,0.0,,0.0,,0.0,0.0,0.0,0.0,0.0,0.0,0.0,0.0,Uttarakhand,Chamoli
uttarakhand,chamoli,2018,0.0,0.0,0.0,0.0,,3.0,0.0,0.0,,0.0,0.0,,0.0,,0.0,0.0,0.0,0.0,,0.0,0.0,0.0,0.0,,0.0,,0.0,0.0,,0.0,0.0,Uttarakhand,Chamoli
uttarakhand,chamoli,2019,0.0,0.0,0.0,0.0,0.0,2.0,,,0.0,0.0,0.0,0.0,0.0,0.0,0.0,0.0,0.0,0.0,0.0,0.0,0.0,0.0,0.0,0.0,0.0,0.0,0.0,0.0,0.0,0.0,0.0,Uttarakhand,Chamoli
uttarakhand,chamoli,2020,0.0,,0.0,0.0,,2.0,0.0,,0.0,0.0,,0.0,0.0,0.0,0.0,0.0,0.0,0.0,,0.0,,0.0,0.0,,0.0,0.0,0.0,,0.0,0.0,0.0,Uttarakhand,Chamoli
uttarakhand,chamoli,2021,0.0,0.0,0.0,0.0,0.0,4.0,0.0,0.0,0.0,,0.0,0.0,0.0,0.0,0.0,0.0,0.0,0.0,0.0,0.0,0.0,0.0,0.0,0.0,0.0,0.0,0.0,0.0,,0.0,0.0,Uttarakhand,Chamoli
uttarakhand,chamoli,2022,0.0,0.0,0.0,0.0,0.0,6.0,0.0,,0.0,0.0,0.0,0.0,0.0,0.0,0.0,0.0,0.0,0.0,0.0,0.0,0.0,0.0,0.0,0.0,0.0,0.0,0.0,0.0,0.0,0.0,,Uttarakhand,Chamoli
uttarakhand,champawat,2017,0.0,0.0,5.0,0.0,2.0,,0.0,,0.0,0.0,0.0,0.0,,,0.0,,0.0,0.0,0.0,0.0,0.0,0.0,0.0,,0.0,0.0,0.0,0.0,,,,Uttarakhand,Champawat
uttarakhand,champawat,2018,0.0,,,0.0,1.0,2.0,,0.0,0.0,0.0,0.0,0.0,0.0,0.0,0.0,0.0,0.0,0.0,0.0,0.0,0.0,0.0,0.0,0.0,0.0,0.0,,0.0,0.0,0.0,0.0,Uttarakhand,Champawat
uttarakhand,champawat,2019,0.0,0.0,0.0,0.0,0.0,1.0,0.0,0.0,0.0,0.0,0.0,0.0,0.0,0.0,0.0,0.0,0.0,1.0,0.0,0.0,0.0,0.0,0.0,0.0,,0.0,0.0,0.0,0.0,0.0,1.0,Uttarakhand,Champawat
uttarakhand,champawat,2020,,0.0,0.0,0.0,5.0,2.0,0.0,0.0,0.0,0.0,0.0,0.0,0.0,0.0,0.0,0.0,0.0,0.0,0.0,0.0,,0.0,,,0.0,0.0,0.0,0.0,0.0,,0.0,Uttarakhand,Champawat
uttarakhand,champawat,2021,,0.0,0.0,1.0,1.0,8.0,,0.0,0.0,0.0,0.0,0.0,0.0,0.0,0.0,0.0,0.0,0.0,,,0.0,0.0,0.0,,0.0,0.0,0.0,0.0,0.0,0.0,0.0,Uttarakhand,Champawat
uttarakhand,champawat,2022,0.0,0.0,0.0,1.0,2.0,1.0,0.0,0.0,0.0,0.0,0.0,,0.0,0.0,0.0,0.0,0.0,0.0,0.0,8.0,0.0,,0.0,0.0,0.0,0.0,,2.0,,0.0,10.0,Uttarakhand,Champawat
uttarakhand,dehraadun,2022,0.0,0.0,0.0,0.0,,0.0,0.0,0.0,0.0,0.0,0.0,0.0,0.0,0.0,0.0,0.0,0.0,0.0,0.0,0.0,0.0,,0.0,0.0,,0.0,0.0,0.0,0.0,0.0,0.0,Uttarakhand,Dehraadun
uttarakhand,dehradun,2017,1.0,0.0,0.0,0.0,8.0,18.0,2.0,0.0,14.0,0.0,0.0,0.0,0.0,0.0,0.0,0.0,0.0,0.0,0.0,0.0,0.0,0.0,0.0,0.0,0.0,0.0,0.0,0.0,0.0,0.0,0.0,Uttarakhand,Dehradun
uttarakhand,dehradun,2018,2.0,0.0,0.0,0.0,6.0,0.0,4.0,0.0,0.0,0.0,0.0,0.0,0.0,0.0,8.0,0.0,0.0,11.0,12.0,5.0,0.0,0.0,0.0,0.0,0.0,0.0,0.0,8.0,0.0,0.0,0.0,Uttarakhand,Dehradun
uttarakhand,dehradun,2019,0.0,0.0,0.0,0.0,0.0,0.0,0.0,0.0,0.0,0.0,0.0,0.0,0.0,0.0,0.0,0.0,0.0,0.0,0.0,0.0,0.0,0.0,0.0,0.0,0.0,0.0,0.0,12.0,0.0,0.0,12.0,Uttarakhand,Dehradun
uttarakhand,dehradun,2020,0.0,0.0,0.0,0.0,0.0,0.0,0.0,0.0,0.0,0.0,,0.0,0.0,0.0,0.0,0.0,0.0,0.0,0.0,0.0,0.0,0.0,0.0,0.0,,0.0,0.0,0.0,0.0,0.0,0.0,Uttarakhand,Dehradun
uttarakhand,dehradun,2021,0.0,0.0,3.0,1.0,39.0,263.0,3.0,1.0,0.0,0.0,0.0,1.0,0.0,0.0,0.0,0.0,0.0,0.0,0.0,0.0,0.0,0.0,0.0,0.0,0.0,0.0,0.0,0.0,0.0,0.0,0.0,Uttarakhand,Dehradun
uttarakhand,dehradun,2022,0.0,0.0,0.0,0.0,10.0,244.0,0.0,0.0,0.0,0.0,0.0,0.0,0.0,0.0,0.0,0.0,0.0,0.0,0.0,0.0,0.0,0.0,0.0,0.0,0.0,0.0,0.0,0.0,0.0,0.0,0.0,Uttarakhand,Dehradun
uttarakhand,haridwar,2017,,0.0,44.0,0.0,0.0,0.0,0.0,0.0,0.0,0.0,,,0.0,0.0,0.0,,0.0,0.0,0.0,0.0,0.0,0.0,0.0,0.0,,0.0,0.0,0.0,0.0,0.0,0.0,Uttarakhand,Haridwar
uttarakhand,haridwar,2018,0.0,0.0,8.0,0.0,0.0,40.0,,0.0,0.0,,0.0,0.0,0.0,,0.0,0.0,0.0,0.0,0.0,,0.0,0.0,,0.0,0.0,,0.0,0.0,0.0,0.0,,Uttarakhand,Haridwar
uttarakhand,haridwar,2019,0.0,1.0,,0.0,,11.0,4.0,,,,,0.0,0.0,0.0,,0.0,0.0,0.0,0.0,0.0,0.0,0.0,0.0,0.0,0.0,0.0,0.0,,0.0,,0.0,Uttarakhand,Haridwar
uttarakhand,haridwar,2020,0.0,0.0,0.0,0.0,0.0,12.0,0.0,0.0,0.0,0.0,0.0,0.0,0.0,0.0,0.0,0.0,0.0,0.0,0.0,0.0,0.0,0.0,0.0,,0.0,0.0,,0.0,0.0,0.0,0.0,Uttarakhand,Haridwar
uttarakhand,haridwar,2021,0.0,0.0,0.0,2.0,,29.0,4.0,,0.0,0.0,0.0,0.0,0.0,0.0,3.0,0.0,,0.0,0.0,0.0,0.0,0.0,,0.0,0.0,0.0,0.0,6.0,0.0,0.0,9.0,Uttarakhand,Haridwar
uttarakhand,haridwar,2022,0.0,0.0,0.0,0.0,0.0,30.0,0.0,,0.0,0.0,0.0,0.0,0.0,0.0,0.0,0.0,0.0,0.0,0.0,,0.0,0.0,0.0,,0.0,0.0,0.0,4.0,0.0,0.0,4.0,Uttarakhand,Haridwar
uttarakhand,nainital,2017,3.0,0.0,1.0,0.0,1.0,0.0,0.0,0.0,0.0,0.0,0.0,0.0,,0.0,,0.0,0.0,0.0,0.0,0.0,0.0,0.0,0.0,0.0,0.0,0.0,0.0,0.0,0.0,0.0,0.0,Uttarakhand,Nainital
uttarakhand,nainital,2018,1.0,,0.0,0.0,0.0,0.0,0.0,0.0,,0.0,0.0,0.0,0.0,0.0,0.0,0.0,0.0,0.0,,0.0,0.0,0.0,0.0,0.0,0.0,0.0,0.0,0.0,0.0,0.0,0.0,Uttarakhand,Nainital
uttarakhand,nainital,2019,,0.0,,0.0,1.0,2.0,0.0,0.0,2.0,,0.0,0.0,0.0,1.0,0.0,,0.0,0.0,0.0,,0.0,0.0,0.0,0.0,0.0,0.0,0.0,0.0,0.0,0.0,0.0,Uttarakhand,Nainital
uttarakhand,nainital,2020,0.0,0.0,0.0,0.0,1.0,0.0,0.0,0.0,0.0,0.0,0.0,,,0.0,1.0,0.0,0.0,0.0,0.0,0.0,0.0,1.0,0.0,0.0,0.0,0.0,0.0,0.0,0.0,0.0,2.0,Uttarakhand,Nainital
uttarakhand,nainital,2021,0.0,0.0,,0.0,0.0,29.0,,0.0,0.0,0.0,0.0,0.0,0.0,0.0,0.0,,0.0,0.0,0.0,0.0,0.0,0.0,0.0,0.0,0.0,0.0,0.0,0.0,0.0,,0.0,Uttarakhand,Nainital
uttarakhand,nainital,2022,0.0,0.0,0.0,0.0,1.0,21.0,,0.0,0.0,0.0,0.0,0.0,0.0,0.0,,0.0,0.0,0.0,,0.0,3.0,6.0,0.0,0.0,0.0,0.0,,,0.0,,16.0,Uttarakhand,Nainital
uttarakhand,pauri garhwal,2017,0.0,0.0,,0.0,0.0,0.0,0.0,0.0,0.0,0.0,0.0,0.0,0.0,0.0,0.0,0.0,0.0,1.0,0.0,0.0,0.0,0.0,0.0,0.0,0.0,0.0,0.0,,0.0,0.0,1.0,Uttarakhand,Pauri Garhwal
uttarakhand,pauri garhwal,2018,0.0,0.0,0.0,0.0,0.0,,0.0,0.0,0.0,0.0,0.0,0.0,0.0,0.0,0.0,0.0,0.0,0.0,0.0,0.0,0.0,0.0,0.0,0.0,1.0,0.0,0.0,0.0,0.0,,1.0,Uttarakhand,Pauri Garhwal
uttarakhand,pauri garhwal,2019,0.0,0.0,0.0,0.0,,1.0,0.0,0.0,0.0,0.0,,0.0,0.0,0.0,0.0,,0.0,0.0,0.0,0.0,0.0,0.0,0.0,0.0,0.0,0.0,0.0,0.0,0.0,0.0,0.0,Uttarakhand,Pauri Garhwal
uttarakhand,pauri garhwal,2020,0.0,0.0,1.0,0.0,1.0,3.0,0.0,0.0,0.0,0.0,0.0,0.0,0.0,0.0,0.0,0.0,0.0,0.0,0.0,,,0.0,0.0,0.0,0.0,0.0,,0.0,,0.0,0.0,Uttarakhand,Pauri Garhwal
uttarakhand,pauri garhwal,2021,0.0,0.0,,0.0,1.0,11.0,,,0.0,0.0,0.0,0.0,0.0,0.0,0.0,0.0,0.0,,0.0,0.0,,0.0,,0.0,0.0,0.0,0.0,0.0,0.0,0.0,0.0,Uttarakhand,Pauri Garhwal
uttarakhand,pauri garhwal,2022,,,0.0,0.0,1.0,6.0,0.0,,0.0,0.0,,0.0,0.0,2.0,0.0,0.0,,,0.0,0.0,0.0,0.0,0.0,0.0,,,0.0,0.0,0.0,0.0,0.0,Uttarakhand,Pauri Garhwal
uttarakhand,pithoragarh,2017,0.0,,0.0,0.0,0.0,0.0,0.0,0.0,0.0,0.0,0.0,0.0,0.0,0.0,0.0,0.0,0.0,0.0,0.0,0.0,0.0,0.0,0.0,0.0,0.0,0.0,0.0,0.0,0.0,0.0,0.0,Uttarakhand,Pithoragarh
uttarakhand,pithoragarh,2018,0.0,0.0,2.0,0.0,0.0,0.0,0.0,0.0,0.0,0.0,0.0,0.0,0.0,0.0,0.0,0.0,0.0,0.0,0.0,0.0,0.0,0.0,0.0,0.0,0.0,0.0,0.0,,0.0,0.0,0.0,Uttarakhand,Pithoragarh
uttarakhand,pithoragarh,2019,0.0,0.0,0.0,0.0,0.0,1.0,0.0,0.0,0.0,0.0,,0.0,0.0,0.0,0.0,0.0,0.0,0.0,0.0,0.0,0.0,0.0,0.0,0.0,0.0,0.0,0.0,0.0,0.0,,0.0,Uttarakhand,Pithoragarh
uttarakhand,pithoragarh,2020,0.0,0.0,0.0,0.0,0.0,0.0,0.0,,0.0,0.0,0.0,0.0,,0.0,0.0,0.0,0.0,0.0,,0.0,0.0,1.0,0.0,0.0,,,0.0,0.0,0.0,0.0,1.0,Uttarakhand,Pithoragarh
uttarakhand,pithoragarh,2021,0.0,0.0,0.0,0.0,,0.0,0.0,0.0,0.0,0.0,0.0,0.0,0.0,0.0,0.0,,0.0,0.0,0.0,0.0,0.0,8.0,0.0,0.0,0.0,0.0,0.0,0.0,0.0,,8.0,Uttarakhand,Pithoragarh
uttarakhand,pithoragarh,2022,0.0,0.0,0.0,0.0,0.0,2.0,0.0,0.0,0.0,0.0,0.0,0.0,0.0,0.0,,0.0,0.0,0.0,0.0,19.0,0.0,0.0,,0.0,0.0,0.0,0.0,,0.0,0.0,31.0,Uttarakhand,Pithoragarh
uttarakhand,rudra prayag,2017,0.0,,0.0,0.0,0.0,1.0,0.0,0.0,0.0,0.0,0.0,0.0,0.0,0.0,0.0,0.0,0.0,0.0,0.0,0.0,0.0,0.0,0.0,0.0,0.0,0.0,0.0,0.0,0.0,,0.0,Uttarakhand,Rudra Prayag
uttarakhand,rudra prayag,2018,,0.0,0.0,0.0,0.0,2.0,0.0,0.0,0.0,,0.0,0.0,0.0,0.0,0.0,0.0,0.0,0.0,0.0,0.0,0.0,0.0,0.0,0.0,0.0,0.0,0.0,0.0,0.0,0.0,,Uttarakhand,Rudra Prayag
uttarakhand,rudra prayag,2019,0.0,0.0,,,0.0,15.0,0.0,0.0,0.0,0.0,0.0,0.0,,0.0,0.0,0.0,0.0,0.0,0.0,0.0,0.0,0.0,0.0,0.0,,,0.0,,,0.0,0.0,Uttarakhand,Rudra Prayag
uttarakhand,rudra prayag,2021,0.0,0.0,0.0,0.0,0.0,2.0,1.0,0.0,,,0.0,0.0,0.0,0.0,,0.0,0.0,0.0,0.0,0.0,0.0,,0.0,0.0,0.0,0.0,0.0,0.0,0.0,0.0,,Uttarakhand,Rudra Prayag
uttarakhand,rudraa prayag,2022,0.0,0.0,0.0,0.0,1.0,1.0,1.0,0.0,0.0,0.0,0.0,,0.0,0.0,0.0,0.0,0.0,,0.0,0.0,0.0,0.0,0.0,0.0,0.0,0.0,,0.0,0.0,0.0,0.0,Uttarakhand,Rudraa Prayag
uttarakhand,tehri garhwal,2017,0.0,0.0,4.0,0.0,0.0,4.0,0.0,0.0,0.0,,0.0,0.0,0.0,0.0,0.0,0.0,,0.0,0.0,,0.0,0.0,0.0,0.0,0.0,0.0,0.0,0.0,0.0,0.0,0.0,Uttarakhand,Tehri Garhwal
uttarakhand,tehri garhwal,2018,0.0,0.0,5.0,0.0,0.0,0.0,0.0,0.0,0.0,0.0,0.0,0.0,0.0,0.0,0.0,0.0,0.0,0.0,0.0,0.0,0.0,0.0,0.0,0.0,0.0,0.0,0.0,0.0,,0.0,0.0,Uttarakhand,Tehri Garhwal
uttarakhand,tehri garhwal,2019,0.0,0.0,3.0,0.0,0.0,0.0,0.0,0.0,0.0,0.0,0.0,0.0,0.0,0.0,0.0,0.0,0.0,0.0,0.0,0.0,,0.0,,,0.0,0.0,0.0,0.0,0.0,0.0,0.0,Uttarakhand,Tehri Garhwal
uttarakhand,tehri garhwal,2020,0.0,,0.0,2.0,3.0,1.0,0.0,0.0,0.0,0.0,,0.0,0.0,0.0,0.0,0.0,0.0,0.0,,,0.0,0.0,,0.0,0.0,,0.0,,0.0,0.0,0.0,Uttarakhand,Tehri Garhwal
uttarakhand,tehri garhwal,2021,0.0,0.0,7.0,0.0,,4.0,,0.0,3.0,0.0,0.0,0.0,0.0,0.0,,0.0,0.0,0.0,0.0,0.0,0.0,0.0,0.0,0.0,0.0,0.0,,0.0,0.0,0.0,0.0,Uttarakhand,Tehri Garhwal
uttarakhand,tehri garhwal,2022,,0.0,0.0,0.0,3.0,3.0,0.0,0.0,0.0,0.0,0.0,0.0,0.0,0.0,0.0,0.0,0.0,0.0,0.0,0.0,0.0,0.0,0.0,0.0,0.0,0.0,0.0,0.0,0.0,0.0,0.0,Uttarakhand,Tehri Garhwal
uttarakhand,udaam singh nagar,2018,0.0,0.0,0.0,0.0,0.0,,,0.0,0.0,0.0,0.0,0.0,0.0,0.0,0.0,,,0.0,0.0,0.0,0.0,0.0,0.0,0.0,0.0,0.0,0.0,0.0,0.0,0.0,0.0,Uttarakhand,Udaam Singh Nagar
uttarakhand,udam singh nagar,2017,0.0,0.0,0.0,0.0,0.0,0.0,0.0,0.0,0.0,0.0,0.0,0.0,0.0,0.0,0.0,0.0,0.0,0.0,0.0,0.0,,0.0,0.0,0.0,0.0,0.0,0.0,0.0,0.0,0.0,0.0,Uttarakhand,Udam Singh Nagar
uttarakhand,udam singh nagar,2020,0.0,0.0,0.0,0.0,,115.0,0.0,0.0,0.0,0.0,0.0,0.0,0.0,0.0,0.0,0.0,0.0,0.0,0.0,0.0,0.0,0.0,0.0,,0.0,0.0,0.0,0.0,0.0,0.0,0.0,Uttarakhand,Udam Singh Nagar
uttarakhand,udam singh nagar,2022,0.0,0.0,0.0,0.0,,101.0,1.0,0.0,0.0,0.0,0.0,0.0,0.0,,1.0,0.0,0.0,0.0,0.0,0.0,0.0,0.0,0.0,0.0,0.0,0.0,0.0,0.0,0.0,0.0,1.0,Uttarakhand,Udam Singh Nagar
uttarakhand,uttar kashi,2017,0.0,0.0,,,,0.0,0.0,0.0,0.0,0.0,0.0,0.0,0.0,0.0,0.0,0.0,0.0,0.0,0.0,0.0,0.0,0.0,0.0,0.0,0.0,0.0,0.0,0.0,1.0,0.0,1.0,Uttarakhand,Uttar Kashi
uttarakhand,uttar kashi,2018,,0.0,,0.0,0.0,0.0,0.0,0.0,0.0,0.0,0.0,0.0,0.0,0.0,1.0,0.0,0.0,0.0,0.0,0.0,0.0,0.0,0.0,0.0,0.0,0.0,0.0,1.0,0.0,0.0,2.0,Uttarakhand,Uttar Kashi
uttarakhand,uttar kashi,2019,0.0,0.0,0.0,0.0,1.0,0.0,0.0,0.0,0.0,,0.0,0.0,0.0,0.0,0.0,0.0,0.0,0.0,0.0,0.0,0.0,0.0,0.0,0.0,,0.0,,0.0,0.0,0.0,0.0,Uttarakhand,Uttar Kashi
uttarakhand,uttar kashi,2020,0.0,,0.0,0.0,0.0,3.0,0.0,0.0,0.0,0.0,0.0,0.0,0.0,0.0,0.0,0.0,0.0,0.0,0.0,0.0,0.0,0.0,0.0,0.0,0.0,0.0,0.0,0.0,0.0,0.0,,Uttarakhand,Uttar Kashi
uttarakhand,uttar kashi,2021,0.0,,0.0,0.0,,6.0,0.0,0.0,0.0,0.0,0.0,0.0,0.0,0.0,,0.0,0.0,0.0,0.0,0.0,0.0,0.0,0.0,0.0,0.0,0.0,0.0,0.0,0.0,0.0,,Uttarakhand,Uttar Kashi
uttarakhand,uttar kashi,2022,0.0,0.0,0.0,0.0,0.0,6.0,0.0,0.0,0.0,0.0,0.0,0.0,0.0,0.0,0.0,0.0,0.0,,,0.0,0.0,0.0,0.0,0.0,0.0,0.0,0.0,,0.0,0.0,0.0,Uttarakhand,Uttar Kashi
west bengal,alipurduar,2017,0.0,0.0,0.0,0.0,0.0,0.0,0.0,0.0,0.0,0.0,0.0,0.0,0.0,12.0,0.0,0.0,0.0,0.0,0.0,0.0,0.0,0.0,0.0,,0.0,0.0,0.0,0.0,0.0,0.0,0.0,West Bengal,Alipurduar
west bengal,alipurduar,2018,0.0,0.0,0.0,0.0,0.0,0.0,0.0,0.0,0.0,0.0,0.0,0.0,0.0,7.0,0.0,0.0,0.0,0.0,0.0,0.0,0.0,0.0,0.0,0.0,0.0,0.0,0.0,0.0,0.0,0.0,0.0,West Bengal,Alipurduar
west bengal,alipurduar,2019,0.0,0.0,0.0,,0.0,0.0,0.0,0.0,0.0,0.0,0.0,0.0,0.0,7.0,0.0,0.0,0.0,0.0,0.0,0.0,0.0,0.0,0.0,0.0,0.0,0.0,0.0,0.0,0.0,,,West Bengal,Alipurduar
west bengal,alipurduar,2020,0.0,0.0,0.0,0.0,0.0,0.0,0.0,,2.0,0.0,0.0,0.0,0.0,1.0,0.0,0.0,0.0,0.0,0.0,0.0,0.0,0.0,0.0,0.0,0.0,0.0,0.0,0.0,0.0,0.0,0.0,West Bengal,Alipurduar
west bengal,alipurduar,2021,0.0,0.0,0.0,,0.0,0.0,0.0,0.0,0.0,0.0,0.0,0.0,0.0,4.0,0.0,0.0,,0.0,0.0,0.0,0.0,,0.0,0.0,0.0,0.0,0.0,0.0,0.0,0.0,,West Bengal,Alipurduar
west bengal,alipurduar,2022,0.0,0.0,,0.0,0.0,0.0,0.0,0.0,,0.0,0.0,0.0,0.0,0.0,0.0,0.0,0.0,0.0,0.0,0.0,0.0,3.0,0.0,0.0,0.0,0.0,0.0,,0.0,2.0,5.0,West Bengal,Alipurduar
west bengal,bankura,2017,0.0,0.0,0.0,,0.0,0.0,0.0,0.0,0.0,0.0,0.0,0.0,0.0,1.0,0.0,,0.0,0.0,0.0,0.0,0.0,0.0,0.0,0.0,0.0,0.0,0.0,0.0,0.0,0.0,0.0,West Bengal,Bankura
west bengal,bankura,2018,0.0,0.0,0.0,0.0,0.0,0.0,0.0,0.0,0.0,0.0,0.0,0.0,0.0,0.0,0.0,0.0,0.0,0.0,0.0,0.0,0.0,0.0,0.0,0.0,0.0,0.0,0.0,0.0,0.0,,0.0,West Bengal,Bankura
west bengal,bankura,2019,0.0,0.0,0.0,0.0,0.0,0.0,0.0,0.0,0.0,0.0,0.0,0.0,0.0,0.0,0.0,0.0,0.0,0.0,0.0,0.0,0.0,0.0,0.0,,0.0,0.0,0.0,0.0,0.0,,0.0,West Bengal,Bankura
west bengal,bankura,2020,0.0,0.0,0.0,0.0,0.0,0.0,0.0,0.0,0.0,,0.0,0.0,,0.0,2.0,,0.0,,0.0,0.0,0.0,5.0,1.0,0.0,0.0,0.0,0.0,6.0,4.0,2.0,20.0,West Bengal,Bankura
west bengal,bankura,2021,0.0,0.0,0.0,0.0,0.0,,,,0.0,0.0,0.0,,0.0,0.0,3.0,0.0,0.0,0.0,,,0.0,0.0,4.0,,0.0,0.0,0.0,0.0,0.0,0.0,7.0,West Bengal,Bankura
west bengal,bankura,2022,0.0,0.0,,,0.0,0.0,0.0,0.0,,0.0,0.0,0.0,0.0,0.0,0.0,,0.0,0.0,0.0,0.0,0.0,0.0,0.0,0.0,0.0,0.0,0.0,0.0,0.0,0.0,0.0,West Bengal,Bankura
west bengal,birbhum,2017,0.0,0.0,0.0,0.0,3.0,0.0,,0.0,0.0,,0.0,,0.0,0.0,0.0,,0.0,4.0,1.0,0.0,0.0,0.0,0.0,0.0,0.0,0.0,0.0,3.0,2.0,7.0,17.0,West Bengal,Birbhum
west bengal,birbhum,2018,0.0,0.0,3.0,0.0,3.0,0.0,2.0,0.0,0.0,0.0,0.0,0.0,0.0,0.0,0.0,0.0,0.0,0.0,,0.0,0.0,0.0,0.0,0.0,0.0,0.0,,0.0,0.0,0.0,0.0,West Bengal,Birbhum
west bengal,birbhum,2019,0.0,0.0,3.0,0.0,3.0,0.0,2.0,0.0,0.0,0.0,0.0,0.0,0.0,0.0,0.0,0.0,0.0,0.0,0.0,0.0,0.0,,0.0,0.0,0.0,0.0,0.0,0.0,0.0,0.0,,West Bengal,Birbhum
west bengal,birbhum,2020,0.0,0.0,0.0,0.0,0.0,1.0,0.0,0.0,0.0,0.0,0.0,,0.0,0.0,7.0,,0.0,0.0,2.0,1.0,1.0,0.0,0.0,1.0,0.0,,0.0,0.0,,,28.0,West Bengal,Birbhum
west bengal,birbhum,2021,0.0,0.0,0.0,0.0,0.0,0.0,0.0,,0.0,0.0,,0.0,0.0,,0.0,0.0,0.0,0.0,0.0,0.0,0.0,0.0,0.0,0.0,0.0,0.0,0.0,4.0,6.0,1.0,11.0,West Bengal,Birbhum
west bengal,birbhum,2022,0.0,0.0,0.0,0.0,,0.0,,0.0,0.0,0.0,0.0,0.0,0.0,0.0,,,0.0,0.0,0.0,0.0,0.0,0.0,0.0,0.0,0.0,,,7.0,1.0,6.0,14.0,West Bengal,Birbhum
west bengal,cooch behar,2017,0.0,0.0,0.0,0.0,,0.0,0.0,0.0,0.0,0.0,0.0,0.0,0.0,0.0,0.0,0.0,0.0,0.0,,0.0,0.0,0.0,,0.0,0.0,0.0,0.0,0.0,1.0,0.0,1.0,West Bengal,Cooch Behar
west bengal,cooch behar,2018,0.0,0.0,0.0,0.0,0.0,0.0,0.0,0.0,0.0,0.0,0.0,0.0,0.0,0.0,0.0,0.0,0.0,0.0,,,0.0,0.0,0.0,0.0,0.0,0.0,0.0,0.0,0.0,0.0,0.0,West Bengal,Cooch Behar
west bengal,cooch behar,2019,0.0,0.0,0.0,0.0,0.0,0.0,0.0,0.0,0.0,0.0,0.0,,0.0,0.0,0.0,0.0,0.0,0.0,0.0,0.0,0.0,,0.0,0.0,0.0,,0.0,0.0,0.0,0.0,0.0,West Bengal,Cooch Behar
west bengal,cooch behar,2021,0.0,0.0,0.0,0.0,0.0,,0.0,0.0,0.0,0.0,0.0,0.0,0.0,,0.0,0.0,0.0,0.0,0.0,0.0,0.0,0.0,0.0,0.0,0.0,0.0,0.0,0.0,0.0,5.0,5.0,West Bengal,Cooch Behar
west bengal,cooch behar,2022,0.0,0.0,0.0,0.0,0.0,0.0,0.0,0.0,0.0,0.0,0.0,0.0,0.0,0.0,,0.0,0.0,0.0,0.0,0.0,0.0,0.0,0.0,0.0,0.0,0.0,0.0,0.0,0.0,8.0,8.0,West Bengal,Cooch Behar
west bengal,dakshin dinajpur,2017,0.0,0.0,0.0,0.0,0.0,0.0,0.0,0.0,0.0,0.0,0.0,0.0,0.0,0.0,,0.0,0.0,0.0,0.0,,,0.0,0.0,0.0,0.0,0.0,0.0,0.0,3.0,2.0,5.0,West Bengal,Dakshin Dinajpur
west bengal,dakshin dinajpur,2018,0.0,0.0,0.0,0.0,0.0,0.0,0.0,0.0,0.0,,0.0,0.0,0.0,0.0,0.0,0.0,0.0,0.0,0.0,0.0,0.0,0.0,0.0,,0.0,0.0,0.0,0.0,,0.0,0.0,West Bengal,Dakshin Dinajpur
west bengal,dakshin dinajpur,2019,0.0,0.0,0.0,0.0,0.0,,0.0,0.0,0.0,0.0,0.0,,0.0,0.0,0.0,0.0,0.0,0.0,0.0,0.0,0.0,0.0,0.0,,,,0.0,0.0,0.0,0.0,0.0,West Bengal,Dakshin Dinajpur
west bengal,dakshin dinajpur,2020,0.0,0.0,,0.0,0.0,0.0,1.0,0.0,0.0,0.0,,,0.0,0.0,0.0,0.0,0.0,0.0,,0.0,0.0,0.0,,0.0,0.0,0.0,0.0,0.0,0.0,13.0,13.0,West Bengal,Dakshin Dinajpur
west bengal,dakshin dinajpur,2021,0.0,0.0,,0.0,0.0,0.0,0.0,0.0,0.0,0.0,0.0,0.0,0.0,0.0,0.0,0.0,0.0,0.0,0.0,0.0,0.0,,0.0,0.0,,0.0,0.0,0.0,0.0,0.0,0.0,West Bengal,Dakshin Dinajpur
west bengal,dakshin dinajpur,2022,0.0,0.0,,0.0,0.0,0.0,0.0,0.0,0.0,0.0,0.0,,0.0,0.0,0.0,0.0,0.0,,0.0,0.0,,1.0,2.0,0.0,0.0,0.0,0.0,0.0,0.0,6.0,9.0,West Bengal,Dakshin Dinajpur
west bengal,darjeeling,2017,0.0,2.0,3.0,0.0,0.0,1.0,0.0,0.0,2.0,0.0,0.0,0.0,0.0,15.0,1.0,0.0,2.0,0.0,1.0,0.0,4.0,4.0,1.0,0.0,0.0,0.0,0.0,0.0,0.0,1.0,1.0,West Bengal,Darjeeling
west bengal,darjeeling,2018,0.0,0.0,0.0,0.0,1.0,0.0,0.0,0.0,0.0,0.0,0.0,0.0,0.0,10.0,0.0,0.0,0.0,0.0,0.0,0.0,0.0,27.0,1.0,0.0,0.0,0.0,0.0,0.0,0.0,0.0,28.0,West Bengal,Darjeeling
west bengal,darjeeling,2019,0.0,0.0,0.0,0.0,1.0,0.0,0.0,0.0,0.0,0.0,0.0,0.0,0.0,10.0,0.0,0.0,0.0,0.0,0.0,0.0,0.0,27.0,1.0,0.0,0.0,0.0,0.0,0.0,0.0,0.0,28.0,West Bengal,Darjeeling
west bengal,darjeeling,2020,1.0,0.0,0.0,0.0,1.0,0.0,0.0,0.0,0.0,0.0,0.0,0.0,0.0,0.0,0.0,0.0,7.0,31.0,66.0,0.0,22.0,0.0,0.0,0.0,0.0,0.0,0.0,5.0,8.0,34.0,173.0,West Bengal,Darjeeling
west bengal,darjeeling,2021,0.0,0.0,0.0,0.0,0.0,0.0,0.0,0.0,0.0,0.0,0.0,0.0,0.0,1.0,0.0,0.0,0.0,34.0,0.0,0.0,0.0,0.0,0.0,0.0,0.0,0.0,0.0,0.0,0.0,22.0,9.0,West Bengal,Darjeeling
west bengal,darjeeling,2022,0.0,0.0,0.0,0.0,0.0,0.0,0.0,0.0,0.0,0.0,0.0,0.0,0.0,21.0,0.0,0.0,0.0,0.0,0.0,0.0,0.0,0.0,2.0,0.0,0.0,0.0,0.0,0.0,0.0,0.0,2.0,West Bengal,Darjeeling
west bengal,hooghly,2017,0.0,0.0,0.0,0.0,0.0,0.0,0.0,0.0,0.0,0.0,0.0,0.0,0.0,12.0,0.0,0.0,0.0,0.0,0.0,0.0,0.0,0.0,0.0,0.0,0.0,0.0,0.0,0.0,0.0,0.0,0.0,West Bengal,Hooghly
west bengal,hooghly,2018,0.0,0.0,0.0,0.0,0.0,0.0,0.0,0.0,0.0,0.0,0.0,0.0,0.0,7.0,0.0,0.0,0.0,0.0,0.0,0.0,0.0,0.0,0.0,0.0,0.0,0.0,0.0,0.0,0.0,0.0,0.0,West Bengal,Hooghly
west bengal,hooghly,2019,0.0,0.0,0.0,0.0,0.0,0.0,0.0,0.0,0.0,,0.0,0.0,0.0,7.0,0.0,0.0,0.0,0.0,0.0,0.0,0.0,0.0,0.0,0.0,0.0,0.0,0.0,0.0,0.0,0.0,0.0,West Bengal,Hooghly
west bengal,hooghly,2020,0.0,0.0,0.0,0.0,0.0,0.0,0.0,0.0,0.0,0.0,0.0,0.0,0.0,0.0,1.0,0.0,0.0,0.0,0.0,0.0,0.0,0.0,0.0,0.0,0.0,0.0,0.0,0.0,0.0,4.0,5.0,West Bengal,Hooghly
west bengal,hooghly,2021,0.0,0.0,0.0,0.0,0.0,0.0,0.0,0.0,0.0,0.0,0.0,0.0,0.0,0.0,1.0,0.0,0.0,0.0,0.0,0.0,0.0,2.0,0.0,0.0,0.0,0.0,0.0,1.0,0.0,0.0,7.0,West Bengal,Hooghly
west bengal,hooghly,2022,0.0,0.0,0.0,0.0,0.0,0.0,1.0,0.0,2.0,0.0,0.0,0.0,0.0,0.0,1.0,0.0,0.0,0.0,0.0,0.0,0.0,9.0,0.0,0.0,0.0,0.0,0.0,0.0,0.0,2.0,,West Bengal,Hooghly
west bengal,howrah,2017,0.0,0.0,0.0,0.0,1.0,0.0,2.0,0.0,0.0,0.0,0.0,0.0,0.0,27.0,0.0,0.0,0.0,0.0,0.0,0.0,0.0,0.0,0.0,0.0,0.0,0.0,0.0,0.0,,0.0,0.0,West Bengal,Howrah
west bengal,howrah,2018,1.0,0.0,2.0,0.0,4.0,0.0,3.0,0.0,0.0,0.0,0.0,0.0,0.0,0.0,0.0,0.0,0.0,0.0,0.0,0.0,0.0,0.0,0.0,0.0,0.0,0.0,0.0,0.0,0.0,1.0,1.0,West Bengal,Howrah
west bengal,howrah,2019,1.0,0.0,2.0,0.0,4.0,0.0,3.0,0.0,0.0,0.0,0.0,0.0,0.0,23.0,0.0,0.0,0.0,0.0,0.0,,0.0,0.0,0.0,0.0,0.0,0.0,0.0,0.0,0.0,0.0,1.0,West Bengal,Howrah
west bengal,howrah,2020,0.0,0.0,0.0,0.0,0.0,0.0,0.0,0.0,0.0,0.0,0.0,0.0,0.0,0.0,0.0,0.0,0.0,0.0,0.0,0.0,0.0,0.0,0.0,0.0,0.0,0.0,0.0,0.0,0.0,21.0,21.0,West Bengal,Howrah
west bengal,howrah,2021,0.0,0.0,0.0,0.0,3.0,0.0,0.0,0.0,0.0,0.0,0.0,0.0,0.0,0.0,0.0,0.0,0.0,0.0,0.0,0.0,0.0,0.0,0.0,0.0,0.0,0.0,0.0,0.0,2.0,14.0,16.0,West Bengal,Howrah
west bengal,howrah,2022,0.0,0.0,0.0,0.0,0.0,1.0,3.0,0.0,0.0,0.0,0.0,0.0,0.0,0.0,0.0,0.0,0.0,0.0,0.0,0.0,0.0,0.0,0.0,0.0,0.0,0.0,0.0,0.0,0.0,0.0,14.0,West Bengal,Howrah
west bengal,jalpaiguri,2018,0.0,0.0,0.0,0.0,0.0,0.0,0.0,,0.0,0.0,0.0,0.0,0.0,1.0,0.0,,0.0,0.0,,0.0,0.0,0.0,0.0,0.0,,0.0,0.0,0.0,0.0,2.0,2.0,West Bengal,Jalpaiguri
west bengal,jalpaiguri,2019,0.0,0.0,0.0,0.0,0.0,0.0,0.0,0.0,,0.0,0.0,0.0,0.0,1.0,0.0,0.0,0.0,0.0,0.0,0.0,,0.0,0.0,,,0.0,0.0,0.0,0.0,2.0,,West Bengal,Jalpaiguri
west bengal,jalpaiguri,2020,0.0,0.0,0.0,,0.0,0.0,,0.0,0.0,0.0,0.0,0.0,0.0,0.0,1.0,0.0,0.0,0.0,0.0,0.0,,0.0,0.0,0.0,0.0,0.0,0.0,1.0,1.0,2.0,5.0,West Bengal,Jalpaiguri
west bengal,jalpaiguri,2021,0.0,0.0,0.0,0.0,0.0,0.0,0.0,0.0,0.0,0.0,0.0,0.0,0.0,0.0,15.0,0.0,0.0,0.0,0.0,0.0,,0.0,1.0,0.0,0.0,0.0,0.0,0.0,0.0,9.0,25.0,West Bengal,Jalpaiguri
west bengal,jalpaiguri,2022,0.0,0.0,0.0,0.0,0.0,0.0,0.0,0.0,0.0,,0.0,0.0,,0.0,0.0,0.0,0.0,0.0,0.0,0.0,0.0,,0.0,0.0,0.0,0.0,0.0,0.0,0.0,11.0,,West Bengal,Jalpaiguri
west bengal,jhargram,2017,,0.0,0.0,0.0,0.0,0.0,0.0,0.0,0.0,0.0,0.0,0.0,0.0,0.0,0.0,0.0,0.0,0.0,0.0,0.0,0.0,0.0,,0.0,0.0,0.0,0.0,1.0,0.0,0.0,1.0,West Bengal,Jhargram
west bengal,jhargram,2018,,0.0,0.0,0.0,0.0,0.0,0.0,0.0,0.0,0.0,0.0,,0.0,1.0,0.0,0.0,0.0,0.0,0.0,0.0,0.0,0.0,0.0,,,,0.0,0.0,0.0,2.0,2.0,West Bengal,Jhargram
west bengal,jhargram,2019,0.0,0.0,0.0,0.0,0.0,0.0,0.0,0.0,,0.0,0.0,0.0,0.0,1.0,0.0,0.0,0.0,0.0,0.0,0.0,0.0,0.0,0.0,0.0,0.0,0.0,0.0,0.0,0.0,2.0,2.0,West Bengal,Jhargram
west bengal,jhargram,2020,1.0,,0.0,0.0,1.0,0.0,0.0,0.0,0.0,0.0,,0.0,0.0,0.0,0.0,,0.0,0.0,0.0,0.0,,3.0,0.0,0.0,0.0,,0.0,0.0,7.0,8.0,18.0,West Bengal,Jhargram
west bengal,jhargram,2021,0.0,,0.0,0.0,,0.0,0.0,0.0,0.0,0.0,,0.0,0.0,,0.0,0.0,0.0,,0.0,0.0,0.0,3.0,0.0,0.0,0.0,0.0,0.0,0.0,0.0,3.0,6.0,West Bengal,Jhargram
west bengal,jhargram,2022,0.0,,0.0,0.0,0.0,0.0,0.0,0.0,0.0,0.0,0.0,,0.0,0.0,0.0,0.0,0.0,0.0,0.0,0.0,0.0,3.0,,0.0,,0.0,0.0,0.0,0.0,3.0,6.0,West Bengal,Jhargram
west bengal,kaalimpong,2019,0.0,0.0,0.0,0.0,0.0,1.0,0.0,0.0,1.0,0.0,,0.0,0.0,0.0,0.0,0.0,,0.0,0.0,0.0,0.0,,,0.0,0.0,0.0,0.0,0.0,0.0,0.0,,West Bengal,Kaalimpong
west bengal,kalimpong,2017,0.0,0.0,0.0,0.0,0.0,0.0,0.0,0.0,0.0,,,,0.0,0.0,1.0,0.0,0.0,,,,0.0,0.0,0.0,0.0,0.0,0.0,,,,0.0,,West Bengal,Kalimpong
west bengal,kalimpong,2018,,0.0,0.0,0.0,0.0,1.0,0.0,0.0,1.0,,0.0,0.0,,0.0,,0.0,0.0,0.0,0.0,0.0,0.0,0.0,0.0,0.0,0.0,0.0,0.0,0.0,0.0,,0.0,West Bengal,Kalimpong
west bengal,kalimpong,2020,0.0,0.0,0.0,0.0,,12.0,0.0,0.0,0.0,0.0,0.0,0.0,0.0,0.0,0.0,1.0,0.0,0.0,0.0,0.0,15.0,0.0,0.0,0.0,0.0,0.0,0.0,0.0,0.0,10.0,26.0,West Bengal,Kalimpong
west bengal,kalimpong,2021,0.0,0.0,0.0,0.0,0.0,0.0,0.0,0.0,0.0,0.0,0.0,0.0,0.0,0.0,0.0,0.0,0.0,0.0,0.0,0.0,0.0,0.0,,0.0,0.0,0.0,0.0,0.0,0.0,5.0,5.0,West Bengal,Kalimpong
west bengal,kalimpong,2022,,0.0,0.0,0.0,0.0,0.0,0.0,0.0,0.0,0.0,0.0,0.0,0.0,0.0,0.0,0.0,0.0,0.0,0.0,0.0,0.0,0.0,0.0,0.0,0.0,0.0,0.0,0.0,0.0,1.0,1.0,West Bengal,Kalimpong
west bengal,kolkata,2017,1.0,0.0,11.0,,23.0,4.0,0.0,0.0,0.0,0.0,0.0,0.0,0.0,91.0,3.0,0.0,0.0,0.0,0.0,0.0,0.0,0.0,0.0,0.0,0.0,0.0,0.0,0.0,0.0,8.0,11.0,West Bengal,Kolkata
west bengal,kolkata,2018,0.0,0.0,5.0,0.0,2.0,0.0,0.0,0.0,0.0,0.0,0.0,0.0,0.0,0.0,7.0,0.0,0.0,0.0,0.0,0.0,2.0,0.0,0.0,0.0,0.0,0.0,0.0,4.0,3.0,8.0,24.0,West Bengal,Kolkata
west bengal,kolkata,2019,0.0,0.0,5.0,0.0,2.0,0.0,0.0,0.0,0.0,0.0,0.0,0.0,0.0,0.0,7.0,0.0,0.0,0.0,0.0,0.0,2.0,,0.0,,0.0,0.0,0.0,4.0,3.0,8.0,24.0,West Bengal,Kolkata
west bengal,kolkata,2020,0.0,0.0,0.0,0.0,0.0,0.0,0.0,0.0,0.0,0.0,0.0,0.0,0.0,0.0,0.0,0.0,0.0,0.0,0.0,0.0,0.0,16.0,49.0,0.0,0.0,0.0,0.0,0.0,11.0,93.0,169.0,West Bengal,Kolkata
west bengal,kolkata,2021,0.0,0.0,0.0,0.0,9.0,0.0,0.0,0.0,2.0,0.0,0.0,0.0,0.0,7.0,0.0,0.0,0.0,0.0,0.0,0.0,0.0,96.0,0.0,0.0,0.0,0.0,0.0,0.0,28.0,76.0,200.0,West Bengal,Kolkata
west bengal,kolkata,2022,0.0,0.0,0.0,0.0,0.0,0.0,0.0,0.0,5.0,0.0,0.0,0.0,0.0,0.0,0.0,0.0,0.0,0.0,0.0,0.0,29.0,0.0,17.0,12.0,0.0,0.0,0.0,6.0,0.0,0.0,64.0,West Bengal,Kolkata
west bengal,malda,2017,0.0,,0.0,,0.0,2.0,0.0,0.0,0.0,0.0,0.0,0.0,0.0,1.0,0.0,0.0,0.0,0.0,0.0,0.0,0.0,0.0,0.0,0.0,0.0,0.0,0.0,0.0,,0.0,0.0,West Bengal,Malda
west bengal,malda,2018,0.0,0.0,0.0,0.0,0.0,,0.0,0.0,0.0,0.0,0.0,0.0,0.0,1.0,,0.0,0.0,0.0,0.0,0.0,0.0,0.0,0.0,0.0,0.0,0.0,0.0,0.0,0.0,0.0,0.0,West Bengal,Malda
west bengal,malda,2019,0.0,0.0,0.0,0.0,0.0,0.0,0.0,0.0,0.0,,0.0,0.0,0.0,1.0,0.0,0.0,0.0,0.0,0.0,0.0,0.0,0.0,0.0,0.0,0.0,0.0,0.0,0.0,,0.0,0.0,West Bengal,Malda
west bengal,malda,2020,0.0,0.0,0.0,,1.0,0.0,0.0,0.0,,0.0,,0.0,0.0,1.0,1.0,0.0,0.0,0.0,0.0,0.0,0.0,2.0,0.0,,0.0,0.0,0.0,0.0,0.0,10.0,13.0,West Bengal,Malda
west bengal,malda,2021,0.0,0.0,1.0,0.0,1.0,0.0,0.0,0.0,0.0,0.0,0.0,,0.0,0.0,1.0,0.0,0.0,0.0,0.0,0.0,0.0,2.0,0.0,0.0,0.0,0.0,0.0,0.0,1.0,0.0,4.0,West Bengal,Malda
west bengal,malda,2022,0.0,0.0,0.0,,1.0,0.0,1.0,0.0,0.0,0.0,0.0,0.0,0.0,0.0,2.0,0.0,0.0,0.0,0.0,0.0,0.0,2.0,0.0,,0.0,0.0,,1.0,0.0,7.0,12.0,West Bengal,Malda
west bengal,murshidaabad,2021,0.0,0.0,0.0,0.0,0.0,,0.0,0.0,0.0,,0.0,0.0,0.0,0.0,0.0,0.0,0.0,0.0,0.0,0.0,0.0,0.0,0.0,0.0,0.0,0.0,0.0,,0.0,0.0,0.0,West Bengal,Murshidaabad
west bengal,murshidabad,2017,0.0,0.0,0.0,0.0,2.0,0.0,0.0,0.0,0.0,0.0,,0.0,0.0,0.0,3.0,,0.0,0.0,0.0,0.0,0.0,3.0,1.0,0.0,0.0,0.0,0.0,,0.0,9.0,,West Bengal,Murshidabad
west bengal,murshidabad,2018,0.0,0.0,1.0,0.0,2.0,0.0,0.0,0.0,0.0,0.0,0.0,0.0,0.0,0.0,0.0,1.0,,0.0,0.0,0.0,0.0,1.0,0.0,0.0,0.0,0.0,,0.0,1.0,9.0,14.0,West Bengal,Murshidabad
west bengal,murshidabad,2019,0.0,0.0,1.0,0.0,2.0,0.0,0.0,0.0,0.0,0.0,0.0,0.0,0.0,0.0,0.0,1.0,0.0,0.0,0.0,0.0,0.0,1.0,0.0,,0.0,0.0,0.0,0.0,1.0,9.0,14.0,West Bengal,Murshidabad
west bengal,murshidabad,2020,0.0,0.0,0.0,0.0,0.0,0.0,0.0,0.0,0.0,0.0,0.0,0.0,0.0,3.0,0.0,1.0,0.0,0.0,0.0,0.0,0.0,0.0,0.0,0.0,0.0,0.0,0.0,0.0,1.0,3.0,5.0,West Bengal,Murshidabad
west bengal,murshidabad,2021,0.0,0.0,0.0,0.0,0.0,0.0,,0.0,1.0,0.0,0.0,0.0,0.0,0.0,3.0,0.0,0.0,0.0,0.0,,0.0,0.0,1.0,0.0,,0.0,,,1.0,1.0,6.0,West Bengal,Murshidabad
west bengal,murshidabad,2022,0.0,0.0,0.0,0.0,0.0,0.0,0.0,0.0,1.0,0.0,0.0,0.0,0.0,0.0,0.0,1.0,0.0,0.0,0.0,0.0,0.0,0.0,0.0,0.0,0.0,0.0,0.0,0.0,0.0,2.0,3.0,West Bengal,Murshidabad
west bengal,nadia,2017,0.0,0.0,0.0,0.0,,,0.0,0.0,0.0,0.0,0.0,,0.0,12.0,0.0,0.0,0.0,0.0,0.0,0.0,0.0,0.0,0.0,0.0,0.0,0.0,0.0,0.0,0.0,0.0,0.0,West Bengal,Nadia
west bengal,nadia,2018,0.0,0.0,0.0,0.0,0.0,0.0,0.0,0.0,0.0,0.0,0.0,,0.0,15.0,0.0,0.0,0.0,0.0,0.0,0.0,0.0,0.0,,0.0,0.0,0.0,0.0,0.0,0.0,0.0,0.0,West Bengal,Nadia
west bengal,nadia,2019,0.0,0.0,0.0,,0.0,0.0,0.0,0.0,0.0,0.0,0.0,0.0,0.0,15.0,0.0,0.0,,0.0,0.0,0.0,0.0,0.0,0.0,0.0,0.0,0.0,0.0,0.0,0.0,0.0,0.0,West Bengal,Nadia
west bengal,nadia,2020,0.0,0.0,0.0,0.0,0.0,0.0,0.0,0.0,0.0,0.0,0.0,0.0,,1.0,0.0,,0.0,0.0,0.0,0.0,0.0,0.0,0.0,0.0,0.0,0.0,,0.0,0.0,0.0,,West Bengal,Nadia
west bengal,nadia,2021,0.0,0.0,0.0,0.0,0.0,0.0,0.0,0.0,0.0,0.0,0.0,0.0,0.0,1.0,0.0,0.0,0.0,0.0,0.0,0.0,0.0,0.0,0.0,0.0,0.0,0.0,0.0,0.0,0.0,0.0,0.0,West Bengal,Nadia
west bengal,nadia,2022,0.0,0.0,0.0,0.0,0.0,0.0,0.0,0.0,0.0,0.0,0.0,0.0,0.0,0.0,0.0,0.0,0.0,0.0,0.0,0.0,0.0,0.0,0.0,0.0,0.0,0.0,0.0,0.0,0.0,0.0,0.0,West Bengal,Nadia
west bengal,north 24 parganas,2017,0.0,0.0,12.0,0.0,10.0,2.0,1.0,0.0,0.0,0.0,0.0,0.0,0.0,10.0,0.0,0.0,0.0,0.0,0.0,0.0,0.0,2.0,1.0,0.0,0.0,0.0,0.0,0.0,0.0,6.0,9.0,West Bengal,North 24 Parganas
west bengal,north 24 parganas,2018,0.0,0.0,1.0,0.0,11.0,1.0,1.0,0.0,0.0,0.0,0.0,0.0,0.0,0.0,9.0,0.0,0.0,0.0,0.0,0.0,2.0,3.0,1.0,0.0,2.0,0.0,0.0,5.0,0.0,2.0,24.0,West Bengal,North 24 Parganas
west bengal,north 24 parganas,2019,0.0,0.0,13.0,0.0,11.0,1.0,1.0,0.0,0.0,0.0,0.0,0.0,0.0,0.0,9.0,0.0,0.0,0.0,0.0,0.0,2.0,3.0,1.0,0.0,0.0,0.0,0.0,5.0,0.0,0.0,24.0,West Bengal,North 24 Parganas
west bengal,north 24 parganas,2020,0.0,0.0,0.0,0.0,1.0,1.0,1.0,0.0,0.0,0.0,0.0,0.0,0.0,2.0,4.0,0.0,0.0,0.0,0.0,0.0,0.0,7.0,0.0,0.0,0.0,0.0,0.0,1.0,5.0,27.0,37.0,West Bengal,North 24 Parganas
west bengal,north 24 parganas,2021,0.0,0.0,0.0,0.0,0.0,0.0,2.0,0.0,0.0,0.0,0.0,0.0,0.0,0.0,2.0,0.0,0.0,0.0,0.0,0.0,0.0,0.0,0.0,0.0,0.0,0.0,0.0,8.0,6.0,8.0,35.0,West Bengal,North 24 Parganas
west bengal,north 24 parganas,2022,0.0,0.0,0.0,15.0,0.0,0.0,0.0,0.0,0.0,0.0,0.0,0.0,0.0,3.0,2.0,0.0,0.0,0.0,0.0,0.0,0.0,2.0,0.0,0.0,0.0,0.0,0.0,1.0,4.0,44.0,53.0,West Bengal,North 24 Parganas
west bengal,paaschim medinipur,2021,0.0,0.0,0.0,0.0,0.0,0.0,0.0,0.0,0.0,0.0,0.0,0.0,0.0,3.0,,0.0,0.0,0.0,0.0,0.0,0.0,0.0,0.0,,0.0,0.0,0.0,0.0,0.0,0.0,0.0,West Bengal,Paaschim Medinipur
west bengal,paschim bardhaman,2017,0.0,0.0,0.0,0.0,0.0,0.0,0.0,0.0,0.0,0.0,0.0,0.0,0.0,0.0,,0.0,0.0,0.0,0.0,0.0,0.0,24.0,6.0,0.0,0.0,0.0,0.0,4.0,0.0,9.0,44.0,West Bengal,Paschim Bardhaman
west bengal,paschim bardhaman,2018,0.0,0.0,0.0,0.0,0.0,0.0,0.0,0.0,0.0,0.0,0.0,0.0,0.0,1.0,1.0,2.0,0.0,0.0,0.0,0.0,0.0,6.0,3.0,0.0,0.0,0.0,0.0,3.0,0.0,5.0,20.0,West Bengal,Paschim Bardhaman
west bengal,paschim bardhaman,2019,,0.0,0.0,0.0,0.0,0.0,0.0,0.0,0.0,0.0,0.0,,0.0,1.0,1.0,2.0,0.0,0.0,0.0,0.0,0.0,6.0,3.0,0.0,0.0,0.0,0.0,3.0,0.0,5.0,20.0,West Bengal,Paschim Bardhaman
west bengal,paschim bardhaman,2020,0.0,0.0,0.0,0.0,0.0,0.0,2.0,0.0,0.0,0.0,0.0,0.0,0.0,,1.0,0.0,0.0,0.0,0.0,0.0,,7.0,2.0,0.0,0.0,0.0,0.0,3.0,8.0,2.0,23.0,West Bengal,Paschim Bardhaman
west bengal,paschim bardhaman,2021,0.0,0.0,0.0,,,,0.0,0.0,0.0,0.0,0.0,0.0,0.0,0.0,1.0,0.0,0.0,0.0,0.0,0.0,0.0,,2.0,0.0,0.0,0.0,0.0,4.0,0.0,9.0,19.0,West Bengal,Paschim Bardhaman
west bengal,paschim bardhaman,2022,,0.0,0.0,0.0,0.0,,2.0,0.0,,0.0,0.0,0.0,0.0,0.0,0.0,0.0,0.0,0.0,0.0,0.0,0.0,9.0,0.0,0.0,0.0,0.0,0.0,5.0,1.0,7.0,23.0,West Bengal,Paschim Bardhaman
west bengal,paschim medinipur,2017,0.0,0.0,0.0,0.0,0.0,0.0,0.0,0.0,0.0,0.0,0.0,0.0,0.0,2.0,0.0,0.0,0.0,0.0,0.0,0.0,,0.0,0.0,0.0,0.0,0.0,0.0,0.0,0.0,0.0,0.0,West Bengal,Paschim Medinipur
west bengal,paschim medinipur,2018,0.0,0.0,0.0,0.0,0.0,0.0,0.0,0.0,0.0,0.0,0.0,0.0,0.0,6.0,0.0,0.0,0.0,0.0,0.0,0.0,0.0,0.0,,0.0,0.0,0.0,0.0,0.0,0.0,0.0,,West Bengal,Paschim Medinipur
west bengal,paschim medinipur,2019,0.0,0.0,0.0,0.0,0.0,0.0,0.0,0.0,0.0,0.0,0.0,0.0,0.0,0.0,0.0,0.0,0.0,0.0,0.0,0.0,0.0,0.0,0.0,0.0,0.0,0.0,0.0,0.0,0.0,0.0,0.0,West Bengal,Paschim Medinipur
west bengal,paschim medinipur,2020,0.0,0.0,0.0,0.0,0.0,0.0,0.0,0.0,0.0,0.0,0.0,0.0,0.0,0.0,0.0,0.0,0.0,0.0,0.0,0.0,0.0,0.0,0.0,,0.0,0.0,0.0,0.0,0.0,0.0,0.0,West Bengal,Paschim Medinipur
west bengal,paschim medinipur,2021,0.0,0.0,,0.0,0.0,0.0,0.0,0.0,0.0,0.0,0.0,0.0,,0.0,0.0,0.0,0.0,0.0,,0.0,0.0,0.0,0.0,,0.0,0.0,0.0,0.0,0.0,0.0,,West Bengal,Paschim Medinipur
west bengal,paschim medinipur,2022,0.0,0.0,0.0,0.0,0.0,0.0,0.0,0.0,0.0,0.0,0.0,0.0,0.0,3.0,0.0,0.0,0.0,0.0,0.0,0.0,0.0,0.0,0.0,0.0,0.0,0.0,0.0,0.0,0.0,0.0,0.0,West Bengal,Paschim Medinipur
west bengal,purba bardhaman,2017,0.0,,6.0,0.0,0.0,4.0,0.0,0.0,0.0,0.0,0.0,,0.0,0.0,0.0,0.0,,0.0,0.0,0.0,0.0,,0.0,0.0,0.0,0.0,0.0,,0.0,0.0,0.0,West Bengal,Purba Bardhaman
west bengal,purba bardhaman,2018,0.0,0.0,4.0,0.0,0.0,0.0,1.0,,1.0,0.0,0.0,0.0,0.0,0.0,0.0,0.0,0.0,0.0,,0.0,0.0,0.0,0.0,0.0,0.0,0.0,0.0,0.0,0.0,9.0,9.0,West Bengal,Purba Bardhaman
west bengal,purba bardhaman,2019,0.0,,,0.0,0.0,0.0,1.0,0.0,1.0,0.0,0.0,0.0,0.0,0.0,0.0,,0.0,0.0,0.0,0.0,0.0,0.0,0.0,0.0,,0.0,0.0,0.0,,9.0,9.0,West Bengal,Purba Bardhaman
west bengal,purba bardhaman,2020,0.0,0.0,0.0,0.0,0.0,,1.0,,2.0,0.0,0.0,0.0,0.0,0.0,0.0,0.0,0.0,0.0,0.0,0.0,0.0,,0.0,0.0,0.0,0.0,0.0,0.0,,9.0,9.0,West Bengal,Purba Bardhaman
west bengal,purba bardhaman,2021,0.0,0.0,0.0,0.0,0.0,0.0,3.0,0.0,0.0,0.0,0.0,,0.0,,0.0,,,0.0,,0.0,0.0,1.0,0.0,0.0,0.0,0.0,0.0,0.0,0.0,10.0,11.0,West Bengal,Purba Bardhaman
west bengal,purba bardhaman,2022,0.0,0.0,0.0,0.0,0.0,0.0,4.0,,0.0,0.0,0.0,0.0,0.0,0.0,0.0,0.0,0.0,0.0,0.0,,0.0,0.0,0.0,,0.0,0.0,0.0,0.0,1.0,13.0,14.0,West Bengal,Purba Bardhaman
west bengal,purba medinipur,2017,0.0,,0.0,0.0,0.0,0.0,0.0,0.0,0.0,,0.0,0.0,0.0,3.0,0.0,0.0,,,0.0,0.0,,0.0,0.0,0.0,0.0,0.0,0.0,,0.0,0.0,0.0,West Bengal,Purba Medinipur
west bengal,purba medinipur,2018,0.0,,0.0,1.0,0.0,0.0,0.0,,0.0,0.0,0.0,0.0,0.0,0.0,0.0,0.0,0.0,0.0,0.0,0.0,0.0,1.0,,0.0,0.0,0.0,0.0,0.0,0.0,5.0,6.0,West Bengal,Purba Medinipur
west bengal,purba medinipur,2019,0.0,0.0,0.0,1.0,,0.0,0.0,0.0,0.0,0.0,0.0,0.0,0.0,0.0,0.0,0.0,0.0,,0.0,0.0,0.0,1.0,0.0,,,,0.0,0.0,0.0,5.0,6.0,West Bengal,Purba Medinipur
west bengal,purba medinipur,2020,0.0,0.0,0.0,0.0,0.0,0.0,0.0,0.0,0.0,0.0,,0.0,0.0,0.0,,0.0,0.0,0.0,0.0,0.0,0.0,1.0,,0.0,,0.0,0.0,0.0,0.0,14.0,15.0,West Bengal,Purba Medinipur
west bengal,purba medinipur,2021,0.0,0.0,0.0,0.0,0.0,0.0,,0.0,,0.0,0.0,0.0,0.0,0.0,1.0,0.0,0.0,0.0,0.0,,0.0,1.0,,0.0,0.0,,0.0,0.0,0.0,10.0,12.0,West Bengal,Purba Medinipur
west bengal,purba medinipur,2022,1.0,0.0,0.0,0.0,0.0,0.0,,0.0,0.0,0.0,0.0,0.0,0.0,0.0,6.0,0.0,0.0,0.0,0.0,0.0,0.0,13.0,,0.0,0.0,0.0,0.0,,0.0,11.0,31.0,West Bengal,Purba Medinipur
west bengal,purulia,2017,0.0,0.0,0.0,0.0,1.0,2.0,1.0,,0.0,0.0,0.0,0.0,0.0,0.0,0.0,0.0,0.0,,0.0,0.0,0.0,0.0,0.0,0.0,0.0,,,,0.0,0.0,0.0,West Bengal,Purulia
west bengal,purulia,2018,0.0,0.0,0.0,0.0,2.0,0.0,0.0,,0.0,,0.0,0.0,0.0,,0.0,0.0,0.0,0.0,0.0,0.0,0.0,0.0,0.0,0.0,0.0,0.0,0.0,0.0,,0.0,0.0,West Bengal,Purulia
west bengal,purulia,2019,0.0,0.0,0.0,0.0,2.0,0.0,0.0,0.0,0.0,0.0,0.0,0.0,0.0,0.0,0.0,0.0,0.0,,,0.0,0.0,0.0,,0.0,0.0,0.0,0.0,0.0,0.0,,0.0,West Bengal,Purulia
west bengal,purulia,2021,,0.0,0.0,0.0,0.0,0.0,,0.0,0.0,0.0,0.0,0.0,0.0,1.0,0.0,0.0,0.0,0.0,,0.0,,0.0,0.0,,0.0,0.0,0.0,0.0,1.0,5.0,6.0,West Bengal,Purulia
west bengal,purulia,2022,0.0,0.0,0.0,0.0,0.0,0.0,0.0,0.0,0.0,0.0,,0.0,0.0,0.0,0.0,,0.0,0.0,0.0,0.0,0.0,0.0,0.0,0.0,0.0,0.0,0.0,0.0,0.0,0.0,0.0,West Bengal,Purulia
west bengal,south 24 parganas,2017,0.0,0.0,0.0,0.0,0.0,1.0,0.0,0.0,0.0,0.0,0.0,0.0,0.0,17.0,0.0,0.0,0.0,2.0,0.0,0.0,0.0,2.0,0.0,0.0,0.0,0.0,0.0,0.0,0.0,30.0,34.0,West Bengal,South 24 Parganas
west bengal,south 24 parganas,2018,0.0,0.0,0.0,0.0,0.0,0.0,0.0,0.0,0.0,0.0,0.0,0.0,0.0,8.0,0.0,0.0,0.0,0.0,0.0,0.0,0.0,2.0,0.0,0.0,0.0,0.0,0.0,0.0,2.0,8.0,12.0,West Bengal,South 24 Parganas
west bengal,south 24 parganas,2019,0.0,0.0,0.0,0.0,0.0,0.0,0.0,0.0,0.0,0.0,0.0,0.0,0.0,8.0,0.0,0.0,0.0,0.0,0.0,0.0,0.0,2.0,0.0,0.0,0.0,0.0,0.0,0.0,2.0,3.0,12.0,West Bengal,South 24 Parganas
west bengal,south 24 parganas,2020,0.0,0.0,0.0,0.0,0.0,0.0,0.0,0.0,0.0,0.0,0.0,0.0,0.0,14.0,0.0,0.0,0.0,0.0,0.0,0.0,0.0,0.0,0.0,0.0,0.0,0.0,0.0,0.0,0.0,1.0,1.0,West Bengal,South 24 Parganas
west bengal,south 24 parganas,2021,0.0,0.0,0.0,0.0,0.0,0.0,0.0,0.0,0.0,0.0,0.0,0.0,0.0,4.0,2.0,0.0,0.0,0.0,0.0,0.0,0.0,0.0,0.0,0.0,0.0,0.0,0.0,0.0,0.0,8.0,3.0,West Bengal,South 24 Parganas
west bengal,south 24 parganas,2022,0.0,0.0,0.0,0.0,0.0,1.0,0.0,0.0,2.0,0.0,0.0,0.0,0.0,3.0,0.0,0.0,0.0,0.0,0.0,0.0,1.0,4.0,1.0,0.0,0.0,0.0,0.0,3.0,3.0,2.0,8.0,West Bengal,South 24 Parganas
west bengal,uttar dinajpur,2017,0.0,,0.0,0.0,4.0,1.0,0.0,0.0,0.0,0.0,0.0,0.0,,0.0,0.0,0.0,0.0,0.0,0.0,0.0,0.0,,0.0,0.0,0.0,0.0,,0.0,1.0,0.0,1.0,West Bengal,Uttar Dinajpur
west bengal,uttar dinajpur,2018,0.0,0.0,0.0,0.0,1.0,0.0,0.0,,0.0,0.0,0.0,0.0,0.0,0.0,1.0,0.0,0.0,,,0.0,0.0,0.0,0.0,0.0,2.0,0.0,0.0,,0.0,0.0,6.0,West Bengal,Uttar Dinajpur
west bengal,uttar dinajpur,2020,0.0,0.0,1.0,0.0,1.0,0.0,0.0,0.0,1.0,,0.0,0.0,0.0,1.0,0.0,0.0,0.0,0.0,0.0,0.0,0.0,4.0,0.0,0.0,5.0,0.0,0.0,0.0,0.0,7.0,16.0,West Bengal,Uttar Dinajpur
west bengal,uttar dinajpur,2021,0.0,0.0,0.0,0.0,1.0,0.0,0.0,0.0,2.0,0.0,0.0,0.0,0.0,0.0,3.0,0.0,0.0,0.0,0.0,0.0,0.0,3.0,0.0,1.0,3.0,0.0,0.0,2.0,0.0,0.0,13.0,West Bengal,Uttar Dinajpur
west bengal,uttar dinajpur,2022,0.0,0.0,0.0,0.0,0.0,0.0,0.0,0.0,1.0,0.0,0.0,0.0,,0.0,0.0,0.0,0.0,0.0,0.0,0.0,0.0,2.0,0.0,0.0,8.0,0.0,0.0,,0.0,0.0,10.0,West Bengal,Uttar Dinajpur
